TIRP_Representation,Size,Vertical_Support,Mean_Horizontal_Support,Mean_Mean_Duration,Prefix_Metrics_Cls0,Prefix_Metrics_Cls1,Score_vertical_support,Score_diff_vertical_support,Score_mean_squared_mmd,Score_mean_squared_vs,Binary_random#50,Binary_random#25,Binary_random#10,Binary_random#3,Binary_vertical_support#50,Binary_vertical_support#25,Binary_vertical_support#10,Binary_vertical_support#3,Binary_diff_vertical_support#50,Binary_diff_vertical_support#25,Binary_diff_vertical_support#10,Binary_diff_vertical_support#3,Binary_mean_squared_mmd#50,Binary_mean_squared_mmd#25,Binary_mean_squared_mmd#10,Binary_mean_squared_mmd#3,Binary_mean_squared_vs#50,Binary_mean_squared_vs#25,Binary_mean_squared_vs#10,Binary_mean_squared_vs#3,Binary_all
3-181_193_999_3_0_0,3,250,1.012,32.835,"{'1-181_': {'VS': 0.6, 'HS': np.float64(2.021), 'MMD': np.float64(31.748)}, '2-181_193_3': {'VS': 0.097, 'HS': np.float64(1.022), 'MMD': np.float64(38.689)}, '3-181_193_999_3_0_0': {'VS': 0.0, 'HS': 0.0, 'MMD': 0.0}}","{'1-181_': {'VS': 0.985, 'HS': np.float64(1.443), 'MMD': np.float64(27.079)}, '2-181_193_3': {'VS': 0.203, 'HS': np.float64(1.012), 'MMD': np.float64(30.301)}, '3-181_193_999_3_0_0': {'VS': 0.203, 'HS': np.float64(1.012), 'MMD': np.float64(32.835)}}",250,0.106,46.079,0.245,0,0,0,0,0,0,0,0,0,0,0,0,0,0,0,0,0,0,0,0,0
4-181_193_212_999_4_4_0_0_0_0,4,273,2.645,35.947,"{'1-181_': {'VS': 0.6, 'HS': np.float64(2.021), 'MMD': np.float64(31.748)}, '2-181_193_4': {'VS': 0.26, 'HS': np.float64(2.764), 'MMD': np.float64(40.375)}, '3-181_193_212_4_4_0': {'VS': 0.211, 'HS': np.float64(7.451), 'MMD': np.float64(43.593)}, '4-181_193_212_999_4_4_0_0_0_0': {'VS': 0.0, 'HS': 0.0, 'MMD': 0.0}}","{'1-181_': {'VS': 0.985, 'HS': np.float64(1.443), 'MMD': np.float64(27.079)}, '2-181_193_4': {'VS': 0.395, 'HS': np.float64(1.666), 'MMD': np.float64(31.83)}, '3-181_193_212_4_4_0': {'VS': 0.248, 'HS': np.float64(2.971), 'MMD': np.float64(33.622)}, '4-181_193_212_999_4_4_0_0_0_0': {'VS': 0.221, 'HS': np.float64(2.645), 'MMD': np.float64(35.947)}}",273,0.037,64.746,0.186,0,0,0,0,0,0,0,0,0,0,0,0,0,0,0,0,0,0,0,0,0
4-181_193_213_999_4_4_0_0_0_0,4,268,2.466,35.912,"{'1-181_': {'VS': 0.6, 'HS': np.float64(2.021), 'MMD': np.float64(31.748)}, '2-181_193_4': {'VS': 0.26, 'HS': np.float64(2.764), 'MMD': np.float64(40.375)}, '3-181_193_213_4_4_0': {'VS': 0.198, 'HS': np.float64(7.104), 'MMD': np.float64(43.952)}, '4-181_193_213_999_4_4_0_0_0_0': {'VS': 0.0, 'HS': 0.0, 'MMD': 0.0}}","{'1-181_': {'VS': 0.985, 'HS': np.float64(1.443), 'MMD': np.float64(27.079)}, '2-181_193_4': {'VS': 0.395, 'HS': np.float64(1.666), 'MMD': np.float64(31.83)}, '3-181_193_213_4_4_0': {'VS': 0.242, 'HS': np.float64(2.789), 'MMD': np.float64(33.49)}, '4-181_193_213_999_4_4_0_0_0_0': {'VS': 0.217, 'HS': np.float64(2.466), 'MMD': np.float64(35.912)}}",268,0.044,68.09,0.188,0,0,0,0,0,0,0,0,0,0,0,0,0,0,0,0,0,0,0,0,0
3-181_193_999_4_0_0,3,466,1.599,34.471,"{'1-181_': {'VS': 0.6, 'HS': np.float64(2.021), 'MMD': np.float64(31.748)}, '2-181_193_4': {'VS': 0.26, 'HS': np.float64(2.764), 'MMD': np.float64(40.375)}, '3-181_193_999_4_0_0': {'VS': 0.0, 'HS': 0.0, 'MMD': 0.0}}","{'1-181_': {'VS': 0.985, 'HS': np.float64(1.443), 'MMD': np.float64(27.079)}, '2-181_193_4': {'VS': 0.395, 'HS': np.float64(1.666), 'MMD': np.float64(31.83)}, '3-181_193_999_4_0_0': {'VS': 0.378, 'HS': np.float64(1.599), 'MMD': np.float64(34.471)}}",466,0.135,47.408,0.26,0,0,0,0,0,0,0,0,0,0,0,0,0,0,0,0,0,0,0,0,0
3-181_193_999_6_0_0,3,268,1.011,34.001,"{'1-181_': {'VS': 0.6, 'HS': np.float64(2.021), 'MMD': np.float64(31.748)}, '2-181_193_6': {'VS': 0.091, 'HS': np.float64(1.005), 'MMD': np.float64(41.595)}, '3-181_193_999_6_0_0': {'VS': 0.0, 'HS': 0.0, 'MMD': 0.0}}","{'1-181_': {'VS': 0.985, 'HS': np.float64(1.443), 'MMD': np.float64(27.079)}, '2-181_193_6': {'VS': 0.218, 'HS': np.float64(1.011), 'MMD': np.float64(31.62)}, '3-181_193_999_6_0_0': {'VS': 0.217, 'HS': np.float64(1.011), 'MMD': np.float64(34.001)}}",268,0.127,60.65,0.256,0,0,0,0,0,0,0,0,0,0,0,0,0,0,0,0,0,0,0,0,0
4-181_184_193_999_6_4_4_0_0_0,4,335,1.624,36.445,"{'1-181_': {'VS': 0.6, 'HS': np.float64(2.021), 'MMD': np.float64(31.748)}, '2-181_184_6': {'VS': 0.334, 'HS': np.float64(1.081), 'MMD': np.float64(42.378)}, '3-181_184_193_6_4_4': {'VS': 0.167, 'HS': np.float64(3.023), 'MMD': np.float64(46.4)}, '4-181_184_193_999_6_4_4_0_0_0': {'VS': 0.0, 'HS': 0.0, 'MMD': 0.0}}","{'1-181_': {'VS': 0.985, 'HS': np.float64(1.443), 'MMD': np.float64(27.079)}, '2-181_184_6': {'VS': 0.652, 'HS': np.float64(1.019), 'MMD': np.float64(31.647)}, '3-181_184_193_6_4_4': {'VS': 0.283, 'HS': np.float64(1.693), 'MMD': np.float64(34.289)}, '4-181_184_193_999_6_4_4_0_0_0': {'VS': 0.271, 'HS': np.float64(1.624), 'MMD': np.float64(36.445)}}",335,0.116,94.543,0.273,0,0,0,0,0,0,0,0,0,0,0,0,0,0,0,0,0,0,0,0,0
4-181_184_214_999_6_3_3_0_0_0,4,288,1.0,35.861,"{'1-181_': {'VS': 0.6, 'HS': np.float64(2.021), 'MMD': np.float64(31.748)}, '2-181_184_6': {'VS': 0.334, 'HS': np.float64(1.081), 'MMD': np.float64(42.378)}, '3-181_184_214_6_3_3': {'VS': 0.122, 'HS': np.float64(1.01), 'MMD': np.float64(45.307)}, '4-181_184_214_999_6_3_3_0_0_0': {'VS': 0.0, 'HS': 0.0, 'MMD': 0.0}}","{'1-181_': {'VS': 0.985, 'HS': np.float64(1.443), 'MMD': np.float64(27.079)}, '2-181_184_6': {'VS': 0.652, 'HS': np.float64(1.019), 'MMD': np.float64(31.647)}, '3-181_184_214_6_3_3': {'VS': 0.234, 'HS': np.float64(1.0), 'MMD': np.float64(33.55)}, '4-181_184_214_999_6_3_3_0_0_0': {'VS': 0.233, 'HS': np.float64(1.0), 'MMD': np.float64(35.861)}}",288,0.112,91.727,0.272,0,0,0,0,0,0,0,0,0,0,0,0,0,0,0,0,0,0,0,0,0
6-181_184_214_226_212_999_6_6_6_6_6_6_4_4_4_4_0_0_0_0_0,6,248,3.665,35.923,"{'1-181_': {'VS': 0.6, 'HS': np.float64(2.021), 'MMD': np.float64(31.748)}, '2-181_184_6': {'VS': 0.334, 'HS': np.float64(1.081), 'MMD': np.float64(42.378)}, '3-181_184_214_6_6_6': {'VS': 0.157, 'HS': np.float64(1.081), 'MMD': np.float64(41.653)}, '4-181_184_214_226_6_6_6_6_6_6': {'VS': 0.107, 'HS': np.float64(1.036), 'MMD': np.float64(45.049)}, '5-181_184_214_226_212_6_6_6_6_6_6_4_4_4_4': {'VS': 0.103, 'HS': np.float64(8.172), 'MMD': np.float64(46.447)}, '6-181_184_214_226_212_999_6_6_6_6_6_6_4_4_4_4_0_0_0_0_0': {'VS': 0.0, 'HS': 0.0, 'MMD': 0.0}}","{'1-181_': {'VS': 0.985, 'HS': np.float64(1.443), 'MMD': np.float64(27.079)}, '2-181_184_6': {'VS': 0.652, 'HS': np.float64(1.019), 'MMD': np.float64(31.647)}, '3-181_184_214_6_6_6': {'VS': 0.319, 'HS': np.float64(1.005), 'MMD': np.float64(30.442)}, '4-181_184_214_226_6_6_6_6_6_6': {'VS': 0.228, 'HS': np.float64(1.0), 'MMD': np.float64(32.014)}, '5-181_184_214_226_212_6_6_6_6_6_6_4_4_4_4': {'VS': 0.203, 'HS': np.float64(4.028), 'MMD': np.float64(33.852)}, '6-181_184_214_226_212_999_6_6_6_6_6_6_4_4_4_4_0_0_0_0_0': {'VS': 0.201, 'HS': np.float64(3.665), 'MMD': np.float64(35.923)}}",248,0.1,118.237,0.217,0,0,0,0,0,0,0,0,0,0,0,0,0,0,0,0,0,0,0,0,0
5-181_184_214_226_999_6_6_6_6_6_6_0_0_0_0,5,281,1.0,34.096,"{'1-181_': {'VS': 0.6, 'HS': np.float64(2.021), 'MMD': np.float64(31.748)}, '2-181_184_6': {'VS': 0.334, 'HS': np.float64(1.081), 'MMD': np.float64(42.378)}, '3-181_184_214_6_6_6': {'VS': 0.157, 'HS': np.float64(1.081), 'MMD': np.float64(41.653)}, '4-181_184_214_226_6_6_6_6_6_6': {'VS': 0.107, 'HS': np.float64(1.036), 'MMD': np.float64(45.049)}, '5-181_184_214_226_999_6_6_6_6_6_6_0_0_0_0': {'VS': 0.0, 'HS': 0.0, 'MMD': 0.0}}","{'1-181_': {'VS': 0.985, 'HS': np.float64(1.443), 'MMD': np.float64(27.079)}, '2-181_184_6': {'VS': 0.652, 'HS': np.float64(1.019), 'MMD': np.float64(31.647)}, '3-181_184_214_6_6_6': {'VS': 0.319, 'HS': np.float64(1.005), 'MMD': np.float64(30.442)}, '4-181_184_214_226_6_6_6_6_6_6': {'VS': 0.228, 'HS': np.float64(1.0), 'MMD': np.float64(32.014)}, '5-181_184_214_226_999_6_6_6_6_6_6_0_0_0_0': {'VS': 0.228, 'HS': np.float64(1.0), 'MMD': np.float64(34.096)}}",281,0.121,108.138,0.247,0,0,0,0,0,0,0,0,0,0,0,0,0,0,0,0,0,0,0,0,0
5-181_184_214_202_999_6_6_6_4_4_4_0_0_0_0,5,255,1.753,35.557,"{'1-181_': {'VS': 0.6, 'HS': np.float64(2.021), 'MMD': np.float64(31.748)}, '2-181_184_6': {'VS': 0.334, 'HS': np.float64(1.081), 'MMD': np.float64(42.378)}, '3-181_184_214_6_6_6': {'VS': 0.157, 'HS': np.float64(1.081), 'MMD': np.float64(41.653)}, '4-181_184_214_202_6_6_6_4_4_4': {'VS': 0.118, 'HS': np.float64(3.46), 'MMD': np.float64(46.715)}, '5-181_184_214_202_999_6_6_6_4_4_4_0_0_0_0': {'VS': 0.0, 'HS': 0.0, 'MMD': 0.0}}","{'1-181_': {'VS': 0.985, 'HS': np.float64(1.443), 'MMD': np.float64(27.079)}, '2-181_184_6': {'VS': 0.652, 'HS': np.float64(1.019), 'MMD': np.float64(31.647)}, '3-181_184_214_6_6_6': {'VS': 0.319, 'HS': np.float64(1.005), 'MMD': np.float64(30.442)}, '4-181_184_214_202_6_6_6_4_4_4': {'VS': 0.212, 'HS': np.float64(1.912), 'MMD': np.float64(33.261)}, '5-181_184_214_202_999_6_6_6_4_4_4_0_0_0_0': {'VS': 0.207, 'HS': np.float64(1.753), 'MMD': np.float64(35.557)}}",255,0.094,110.913,0.24,0,0,0,0,0,0,0,0,0,0,0,0,0,0,0,0,0,0,0,0,0
5-181_184_214_212_999_6_6_6_4_4_4_0_0_0_0,5,330,3.636,35.521,"{'1-181_': {'VS': 0.6, 'HS': np.float64(2.021), 'MMD': np.float64(31.748)}, '2-181_184_6': {'VS': 0.334, 'HS': np.float64(1.081), 'MMD': np.float64(42.378)}, '3-181_184_214_6_6_6': {'VS': 0.157, 'HS': np.float64(1.081), 'MMD': np.float64(41.653)}, '4-181_184_214_212_6_6_6_4_4_4': {'VS': 0.142, 'HS': np.float64(8.143), 'MMD': np.float64(46.118)}, '5-181_184_214_212_999_6_6_6_4_4_4_0_0_0_0': {'VS': 0.0, 'HS': 0.0, 'MMD': 0.0}}","{'1-181_': {'VS': 0.985, 'HS': np.float64(1.443), 'MMD': np.float64(27.079)}, '2-181_184_6': {'VS': 0.652, 'HS': np.float64(1.019), 'MMD': np.float64(31.647)}, '3-181_184_214_6_6_6': {'VS': 0.319, 'HS': np.float64(1.005), 'MMD': np.float64(30.442)}, '4-181_184_214_212_6_6_6_4_4_4': {'VS': 0.27, 'HS': np.float64(3.997), 'MMD': np.float64(33.327)}, '5-181_184_214_212_999_6_6_6_4_4_4_0_0_0_0': {'VS': 0.267, 'HS': np.float64(3.636), 'MMD': np.float64(35.521)}}",330,0.128,106.563,0.248,0,0,0,0,0,0,0,0,0,0,0,0,0,0,0,0,0,0,0,0,0
5-181_184_214_224_999_6_6_6_4_4_4_0_0_0_0,5,249,2.675,36.12,"{'1-181_': {'VS': 0.6, 'HS': np.float64(2.021), 'MMD': np.float64(31.748)}, '2-181_184_6': {'VS': 0.334, 'HS': np.float64(1.081), 'MMD': np.float64(42.378)}, '3-181_184_214_6_6_6': {'VS': 0.157, 'HS': np.float64(1.081), 'MMD': np.float64(41.653)}, '4-181_184_214_224_6_6_6_4_4_4': {'VS': 0.032, 'HS': np.float64(4.053), 'MMD': np.float64(39.444)}, '5-181_184_214_224_999_6_6_6_4_4_4_0_0_0_0': {'VS': 0.0, 'HS': 0.0, 'MMD': 0.0}}","{'1-181_': {'VS': 0.985, 'HS': np.float64(1.443), 'MMD': np.float64(27.079)}, '2-181_184_6': {'VS': 0.652, 'HS': np.float64(1.019), 'MMD': np.float64(31.647)}, '3-181_184_214_6_6_6': {'VS': 0.319, 'HS': np.float64(1.005), 'MMD': np.float64(30.442)}, '4-181_184_214_224_6_6_6_4_4_4': {'VS': 0.205, 'HS': np.float64(2.854), 'MMD': np.float64(33.972)}, '5-181_184_214_224_999_6_6_6_4_4_4_0_0_0_0': {'VS': 0.202, 'HS': np.float64(2.675), 'MMD': np.float64(36.12)}}",249,0.173,73.146,0.26,0,0,0,0,0,0,0,0,0,0,0,0,0,0,0,0,0,0,0,0,0
5-181_184_214_213_999_6_6_6_4_4_4_0_0_0_0,5,320,3.462,35.628,"{'1-181_': {'VS': 0.6, 'HS': np.float64(2.021), 'MMD': np.float64(31.748)}, '2-181_184_6': {'VS': 0.334, 'HS': np.float64(1.081), 'MMD': np.float64(42.378)}, '3-181_184_214_6_6_6': {'VS': 0.157, 'HS': np.float64(1.081), 'MMD': np.float64(41.653)}, '4-181_184_214_213_6_6_6_4_4_4': {'VS': 0.138, 'HS': np.float64(7.653), 'MMD': np.float64(46.345)}, '5-181_184_214_213_999_6_6_6_4_4_4_0_0_0_0': {'VS': 0.0, 'HS': 0.0, 'MMD': 0.0}}","{'1-181_': {'VS': 0.985, 'HS': np.float64(1.443), 'MMD': np.float64(27.079)}, '2-181_184_6': {'VS': 0.652, 'HS': np.float64(1.019), 'MMD': np.float64(31.647)}, '3-181_184_214_6_6_6': {'VS': 0.319, 'HS': np.float64(1.005), 'MMD': np.float64(30.442)}, '4-181_184_214_213_6_6_6_4_4_4': {'VS': 0.262, 'HS': np.float64(3.746), 'MMD': np.float64(33.412)}, '5-181_184_214_213_999_6_6_6_4_4_4_0_0_0_0': {'VS': 0.259, 'HS': np.float64(3.462), 'MMD': np.float64(35.628)}}",320,0.124,107.476,0.247,0,0,0,0,0,0,0,0,0,0,0,0,0,0,0,0,0,0,0,0,0
4-181_184_214_999_6_6_6_0_0_0,4,391,1.003,33.058,"{'1-181_': {'VS': 0.6, 'HS': np.float64(2.021), 'MMD': np.float64(31.748)}, '2-181_184_6': {'VS': 0.334, 'HS': np.float64(1.081), 'MMD': np.float64(42.378)}, '3-181_184_214_6_6_6': {'VS': 0.157, 'HS': np.float64(1.081), 'MMD': np.float64(41.653)}, '4-181_184_214_999_6_6_6_0_0_0': {'VS': 0.0, 'HS': 0.0, 'MMD': 0.0}}","{'1-181_': {'VS': 0.985, 'HS': np.float64(1.443), 'MMD': np.float64(27.079)}, '2-181_184_6': {'VS': 0.652, 'HS': np.float64(1.019), 'MMD': np.float64(31.647)}, '3-181_184_214_6_6_6': {'VS': 0.319, 'HS': np.float64(1.005), 'MMD': np.float64(30.442)}, '4-181_184_214_999_6_6_6_0_0_0': {'VS': 0.317, 'HS': np.float64(1.003), 'MMD': np.float64(33.058)}}",391,0.162,87.547,0.288,0,0,0,0,0,0,0,0,0,0,0,0,0,0,0,0,0,0,0,0,0
5-181_184_226_202_999_6_6_6_4_4_4_0_0_0_0,5,367,1.771,35.993,"{'1-181_': {'VS': 0.6, 'HS': np.float64(2.021), 'MMD': np.float64(31.748)}, '2-181_184_6': {'VS': 0.334, 'HS': np.float64(1.081), 'MMD': np.float64(42.378)}, '3-181_184_226_6_6_6': {'VS': 0.217, 'HS': np.float64(1.025), 'MMD': np.float64(45.89)}, '4-181_184_226_202_6_6_6_4_4_4': {'VS': 0.179, 'HS': np.float64(3.426), 'MMD': np.float64(47.113)}, '5-181_184_226_202_999_6_6_6_4_4_4_0_0_0_0': {'VS': 0.0, 'HS': 0.0, 'MMD': 0.0}}","{'1-181_': {'VS': 0.985, 'HS': np.float64(1.443), 'MMD': np.float64(27.079)}, '2-181_184_6': {'VS': 0.652, 'HS': np.float64(1.019), 'MMD': np.float64(31.647)}, '3-181_184_226_6_6_6': {'VS': 0.433, 'HS': np.float64(1.002), 'MMD': np.float64(32.926)}, '4-181_184_226_202_6_6_6_4_4_4': {'VS': 0.3, 'HS': np.float64(1.932), 'MMD': np.float64(33.961)}, '5-181_184_226_202_999_6_6_6_4_4_4_0_0_0_0': {'VS': 0.297, 'HS': np.float64(1.771), 'MMD': np.float64(35.993)}}",367,0.121,119.499,0.26,0,0,0,0,0,0,0,0,0,0,0,0,0,0,0,0,0,0,0,0,0
6-181_184_226_225_212_999_6_6_6_4_4_4_4_4_4_0_0_0_0_0_0,6,274,4.135,36.85,"{'1-181_': {'VS': 0.6, 'HS': np.float64(2.021), 'MMD': np.float64(31.748)}, '2-181_184_6': {'VS': 0.334, 'HS': np.float64(1.081), 'MMD': np.float64(42.378)}, '3-181_184_226_6_6_6': {'VS': 0.217, 'HS': np.float64(1.025), 'MMD': np.float64(45.89)}, '4-181_184_226_225_6_6_6_4_4_4': {'VS': 0.036, 'HS': np.float64(3.762), 'MMD': np.float64(38.518)}, '5-181_184_226_225_212_6_6_6_4_4_4_4_4_4_0': {'VS': 0.032, 'HS': np.float64(10.133), 'MMD': np.float64(39.173)}, '6-181_184_226_225_212_999_6_6_6_4_4_4_4_4_4_0_0_0_0_0_0': {'VS': 0.0, 'HS': 0.0, 'MMD': 0.0}}","{'1-181_': {'VS': 0.985, 'HS': np.float64(1.443), 'MMD': np.float64(27.079)}, '2-181_184_6': {'VS': 0.652, 'HS': np.float64(1.019), 'MMD': np.float64(31.647)}, '3-181_184_226_6_6_6': {'VS': 0.433, 'HS': np.float64(1.002), 'MMD': np.float64(32.926)}, '4-181_184_226_225_6_6_6_4_4_4': {'VS': 0.285, 'HS': np.float64(2.739), 'MMD': np.float64(34.205)}, '5-181_184_226_225_212_6_6_6_4_4_4_4_4_4_0': {'VS': 0.237, 'HS': np.float64(4.976), 'MMD': np.float64(34.894)}, '6-181_184_226_225_212_999_6_6_6_4_4_4_4_4_4_0_0_0_0_0_0': {'VS': 0.222, 'HS': np.float64(4.135), 'MMD': np.float64(36.85)}}",274,0.205,68.386,0.275,0,0,0,0,0,0,0,0,0,0,0,0,0,0,0,0,0,0,0,0,0
6-181_184_226_225_213_999_6_6_6_4_4_4_4_4_4_0_0_0_0_0_0,6,266,3.951,36.917,"{'1-181_': {'VS': 0.6, 'HS': np.float64(2.021), 'MMD': np.float64(31.748)}, '2-181_184_6': {'VS': 0.334, 'HS': np.float64(1.081), 'MMD': np.float64(42.378)}, '3-181_184_226_6_6_6': {'VS': 0.217, 'HS': np.float64(1.025), 'MMD': np.float64(45.89)}, '4-181_184_226_225_6_6_6_4_4_4': {'VS': 0.036, 'HS': np.float64(3.762), 'MMD': np.float64(38.518)}, '5-181_184_226_225_213_6_6_6_4_4_4_4_4_4_0': {'VS': 0.029, 'HS': np.float64(9.841), 'MMD': np.float64(40.232)}, '6-181_184_226_225_213_999_6_6_6_4_4_4_4_4_4_0_0_0_0_0_0': {'VS': 0.0, 'HS': 0.0, 'MMD': 0.0}}","{'1-181_': {'VS': 0.985, 'HS': np.float64(1.443), 'MMD': np.float64(27.079)}, '2-181_184_6': {'VS': 0.652, 'HS': np.float64(1.019), 'MMD': np.float64(31.647)}, '3-181_184_226_6_6_6': {'VS': 0.433, 'HS': np.float64(1.002), 'MMD': np.float64(32.926)}, '4-181_184_226_225_6_6_6_4_4_4': {'VS': 0.285, 'HS': np.float64(2.739), 'MMD': np.float64(34.205)}, '5-181_184_226_225_213_6_6_6_4_4_4_4_4_4_0': {'VS': 0.227, 'HS': np.float64(4.821), 'MMD': np.float64(34.943)}, '6-181_184_226_225_213_999_6_6_6_4_4_4_4_4_4_0_0_0_0_0_0': {'VS': 0.216, 'HS': np.float64(3.951), 'MMD': np.float64(36.917)}}",266,0.198,70.319,0.273,0,0,0,0,0,0,0,0,0,0,0,0,0,0,0,0,0,0,0,0,0
5-181_184_226_225_999_6_6_6_4_4_4_0_0_0_0,5,344,2.517,36.186,"{'1-181_': {'VS': 0.6, 'HS': np.float64(2.021), 'MMD': np.float64(31.748)}, '2-181_184_6': {'VS': 0.334, 'HS': np.float64(1.081), 'MMD': np.float64(42.378)}, '3-181_184_226_6_6_6': {'VS': 0.217, 'HS': np.float64(1.025), 'MMD': np.float64(45.89)}, '4-181_184_226_225_6_6_6_4_4_4': {'VS': 0.036, 'HS': np.float64(3.762), 'MMD': np.float64(38.518)}, '5-181_184_226_225_999_6_6_6_4_4_4_0_0_0_0': {'VS': 0.0, 'HS': 0.0, 'MMD': 0.0}}","{'1-181_': {'VS': 0.985, 'HS': np.float64(1.443), 'MMD': np.float64(27.079)}, '2-181_184_6': {'VS': 0.652, 'HS': np.float64(1.019), 'MMD': np.float64(31.647)}, '3-181_184_226_6_6_6': {'VS': 0.433, 'HS': np.float64(1.002), 'MMD': np.float64(32.926)}, '4-181_184_226_225_6_6_6_4_4_4': {'VS': 0.285, 'HS': np.float64(2.739), 'MMD': np.float64(34.205)}, '5-181_184_226_225_999_6_6_6_4_4_4_0_0_0_0': {'VS': 0.279, 'HS': np.float64(2.517), 'MMD': np.float64(36.186)}}",344,0.249,80.905,0.292,0,0,0,0,0,0,0,0,0,0,0,0,0,0,0,0,0,0,0,0,0
6-181_184_226_212_202_999_6_6_6_4_4_4_4_4_4_0_0_0_0_0_0,6,248,3.077,36.827,"{'1-181_': {'VS': 0.6, 'HS': np.float64(2.021), 'MMD': np.float64(31.748)}, '2-181_184_6': {'VS': 0.334, 'HS': np.float64(1.081), 'MMD': np.float64(42.378)}, '3-181_184_226_6_6_6': {'VS': 0.217, 'HS': np.float64(1.025), 'MMD': np.float64(45.89)}, '4-181_184_226_212_6_6_6_4_4_4': {'VS': 0.212, 'HS': np.float64(8.255), 'MMD': np.float64(46.766)}, '5-181_184_226_212_202_6_6_6_4_4_4_4_4_4_0': {'VS': 0.165, 'HS': np.float64(9.392), 'MMD': np.float64(47.633)}, '6-181_184_226_212_202_999_6_6_6_4_4_4_4_4_4_0_0_0_0_0_0': {'VS': 0.0, 'HS': 0.0, 'MMD': 0.0}}","{'1-181_': {'VS': 0.985, 'HS': np.float64(1.443), 'MMD': np.float64(27.079)}, '2-181_184_6': {'VS': 0.652, 'HS': np.float64(1.019), 'MMD': np.float64(31.647)}, '3-181_184_226_6_6_6': {'VS': 0.433, 'HS': np.float64(1.002), 'MMD': np.float64(32.926)}, '4-181_184_226_212_6_6_6_4_4_4': {'VS': 0.388, 'HS': np.float64(4.0), 'MMD': np.float64(34.306)}, '5-181_184_226_212_202_6_6_6_4_4_4_4_4_4_0': {'VS': 0.214, 'HS': np.float64(3.598), 'MMD': np.float64(34.83)}, '6-181_184_226_212_202_999_6_6_6_4_4_4_4_4_4_0_0_0_0_0_0': {'VS': 0.201, 'HS': np.float64(3.077), 'MMD': np.float64(36.827)}}",248,0.049,124.838,0.229,0,0,0,0,0,0,0,0,0,0,0,0,1,0,0,0,0,0,0,0,1
6-181_184_226_212_225_999_6_6_6_4_4_4_4_4_4_0_0_0_0_0_0,6,275,4.265,36.92,"{'1-181_': {'VS': 0.6, 'HS': np.float64(2.021), 'MMD': np.float64(31.748)}, '2-181_184_6': {'VS': 0.334, 'HS': np.float64(1.081), 'MMD': np.float64(42.378)}, '3-181_184_226_6_6_6': {'VS': 0.217, 'HS': np.float64(1.025), 'MMD': np.float64(45.89)}, '4-181_184_226_212_6_6_6_4_4_4': {'VS': 0.212, 'HS': np.float64(8.255), 'MMD': np.float64(46.766)}, '5-181_184_226_212_225_6_6_6_4_4_4_4_4_4_0': {'VS': 0.033, 'HS': np.float64(9.756), 'MMD': np.float64(38.968)}, '6-181_184_226_212_225_999_6_6_6_4_4_4_4_4_4_0_0_0_0_0_0': {'VS': 0.0, 'HS': 0.0, 'MMD': 0.0}}","{'1-181_': {'VS': 0.985, 'HS': np.float64(1.443), 'MMD': np.float64(27.079)}, '2-181_184_6': {'VS': 0.652, 'HS': np.float64(1.019), 'MMD': np.float64(31.647)}, '3-181_184_226_6_6_6': {'VS': 0.433, 'HS': np.float64(1.002), 'MMD': np.float64(32.926)}, '4-181_184_226_212_6_6_6_4_4_4': {'VS': 0.388, 'HS': np.float64(4.0), 'MMD': np.float64(34.306)}, '5-181_184_226_212_225_6_6_6_4_4_4_4_4_4_0': {'VS': 0.235, 'HS': np.float64(5.072), 'MMD': np.float64(34.952)}, '6-181_184_226_212_225_999_6_6_6_4_4_4_4_4_4_0_0_0_0_0_0': {'VS': 0.223, 'HS': np.float64(4.265), 'MMD': np.float64(36.92)}}",275,0.202,95.28,0.259,0,0,0,0,0,0,0,0,0,0,0,0,0,0,0,0,0,0,0,0,0
6-181_184_226_212_224_999_6_6_6_4_4_4_4_4_4_0_0_0_0_0_0,6,270,4.248,36.911,"{'1-181_': {'VS': 0.6, 'HS': np.float64(2.021), 'MMD': np.float64(31.748)}, '2-181_184_6': {'VS': 0.334, 'HS': np.float64(1.081), 'MMD': np.float64(42.378)}, '3-181_184_226_6_6_6': {'VS': 0.217, 'HS': np.float64(1.025), 'MMD': np.float64(45.89)}, '4-181_184_226_212_6_6_6_4_4_4': {'VS': 0.212, 'HS': np.float64(8.255), 'MMD': np.float64(46.766)}, '5-181_184_226_212_224_6_6_6_4_4_4_4_4_4_0': {'VS': 0.033, 'HS': np.float64(10.558), 'MMD': np.float64(39.779)}, '6-181_184_226_212_224_999_6_6_6_4_4_4_4_4_4_0_0_0_0_0_0': {'VS': 0.0, 'HS': 0.0, 'MMD': 0.0}}","{'1-181_': {'VS': 0.985, 'HS': np.float64(1.443), 'MMD': np.float64(27.079)}, '2-181_184_6': {'VS': 0.652, 'HS': np.float64(1.019), 'MMD': np.float64(31.647)}, '3-181_184_226_6_6_6': {'VS': 0.433, 'HS': np.float64(1.002), 'MMD': np.float64(32.926)}, '4-181_184_226_212_6_6_6_4_4_4': {'VS': 0.388, 'HS': np.float64(4.0), 'MMD': np.float64(34.306)}, '5-181_184_226_212_224_6_6_6_4_4_4_4_4_4_0': {'VS': 0.229, 'HS': np.float64(5.102), 'MMD': np.float64(34.894)}, '6-181_184_226_212_224_999_6_6_6_4_4_4_4_4_4_0_0_0_0_0_0': {'VS': 0.219, 'HS': np.float64(4.248), 'MMD': np.float64(36.911)}}",270,0.196,96.827,0.258,1,0,0,0,0,0,0,0,0,0,0,0,0,0,0,0,0,0,0,0,1
5-181_184_226_212_999_6_6_6_4_4_4_0_0_0_0,5,477,3.658,36.319,"{'1-181_': {'VS': 0.6, 'HS': np.float64(2.021), 'MMD': np.float64(31.748)}, '2-181_184_6': {'VS': 0.334, 'HS': np.float64(1.081), 'MMD': np.float64(42.378)}, '3-181_184_226_6_6_6': {'VS': 0.217, 'HS': np.float64(1.025), 'MMD': np.float64(45.89)}, '4-181_184_226_212_6_6_6_4_4_4': {'VS': 0.212, 'HS': np.float64(8.255), 'MMD': np.float64(46.766)}, '5-181_184_226_212_999_6_6_6_4_4_4_0_0_0_0': {'VS': 0.0, 'HS': 0.0, 'MMD': 0.0}}","{'1-181_': {'VS': 0.985, 'HS': np.float64(1.443), 'MMD': np.float64(27.079)}, '2-181_184_6': {'VS': 0.652, 'HS': np.float64(1.019), 'MMD': np.float64(31.647)}, '3-181_184_226_6_6_6': {'VS': 0.433, 'HS': np.float64(1.002), 'MMD': np.float64(32.926)}, '4-181_184_226_212_6_6_6_4_4_4': {'VS': 0.388, 'HS': np.float64(4.0), 'MMD': np.float64(34.306)}, '5-181_184_226_212_999_6_6_6_4_4_4_0_0_0_0': {'VS': 0.387, 'HS': np.float64(3.658), 'MMD': np.float64(36.319)}}",477,0.176,115.068,0.274,0,0,0,0,0,0,0,0,0,0,0,0,0,0,0,0,0,0,0,0,0
5-181_184_226_220_999_6_6_6_4_4_4_0_0_0_0,5,287,1.85,36.521,"{'1-181_': {'VS': 0.6, 'HS': np.float64(2.021), 'MMD': np.float64(31.748)}, '2-181_184_6': {'VS': 0.334, 'HS': np.float64(1.081), 'MMD': np.float64(42.378)}, '3-181_184_226_6_6_6': {'VS': 0.217, 'HS': np.float64(1.025), 'MMD': np.float64(45.89)}, '4-181_184_226_220_6_6_6_4_4_4': {'VS': 0.133, 'HS': np.float64(3.451), 'MMD': np.float64(46.822)}, '5-181_184_226_220_999_6_6_6_4_4_4_0_0_0_0': {'VS': 0.0, 'HS': 0.0, 'MMD': 0.0}}","{'1-181_': {'VS': 0.985, 'HS': np.float64(1.443), 'MMD': np.float64(27.079)}, '2-181_184_6': {'VS': 0.652, 'HS': np.float64(1.019), 'MMD': np.float64(31.647)}, '3-181_184_226_6_6_6': {'VS': 0.433, 'HS': np.float64(1.002), 'MMD': np.float64(32.926)}, '4-181_184_226_220_6_6_6_4_4_4': {'VS': 0.237, 'HS': np.float64(1.993), 'MMD': np.float64(34.497)}, '5-181_184_226_220_999_6_6_6_4_4_4_0_0_0_0': {'VS': 0.233, 'HS': np.float64(1.85), 'MMD': np.float64(36.521)}}",287,0.104,114.231,0.256,0,0,0,0,0,0,0,0,0,0,0,0,0,0,0,0,0,0,0,0,0
5-181_184_226_208_999_6_6_6_4_4_4_0_0_0_0,5,336,1.741,36.397,"{'1-181_': {'VS': 0.6, 'HS': np.float64(2.021), 'MMD': np.float64(31.748)}, '2-181_184_6': {'VS': 0.334, 'HS': np.float64(1.081), 'MMD': np.float64(42.378)}, '3-181_184_226_6_6_6': {'VS': 0.217, 'HS': np.float64(1.025), 'MMD': np.float64(45.89)}, '4-181_184_226_208_6_6_6_4_4_4': {'VS': 0.152, 'HS': np.float64(3.304), 'MMD': np.float64(47.468)}, '5-181_184_226_208_999_6_6_6_4_4_4_0_0_0_0': {'VS': 0.0, 'HS': 0.0, 'MMD': 0.0}}","{'1-181_': {'VS': 0.985, 'HS': np.float64(1.443), 'MMD': np.float64(27.079)}, '2-181_184_6': {'VS': 0.652, 'HS': np.float64(1.019), 'MMD': np.float64(31.647)}, '3-181_184_226_6_6_6': {'VS': 0.433, 'HS': np.float64(1.002), 'MMD': np.float64(32.926)}, '4-181_184_226_208_6_6_6_4_4_4': {'VS': 0.278, 'HS': np.float64(1.875), 'MMD': np.float64(34.389)}, '5-181_184_226_208_999_6_6_6_4_4_4_0_0_0_0': {'VS': 0.272, 'HS': np.float64(1.741), 'MMD': np.float64(36.397)}}",336,0.126,119.02,0.261,0,0,0,0,0,0,0,0,0,0,0,0,0,0,0,0,0,0,0,0,0
6-181_184_226_224_212_999_6_6_6_4_4_4_4_4_4_0_0_0_0_0_0,6,299,4.371,36.933,"{'1-181_': {'VS': 0.6, 'HS': np.float64(2.021), 'MMD': np.float64(31.748)}, '2-181_184_6': {'VS': 0.334, 'HS': np.float64(1.081), 'MMD': np.float64(42.378)}, '3-181_184_226_6_6_6': {'VS': 0.217, 'HS': np.float64(1.025), 'MMD': np.float64(45.89)}, '4-181_184_226_224_6_6_6_4_4_4': {'VS': 0.037, 'HS': np.float64(3.989), 'MMD': np.float64(38.098)}, '5-181_184_226_224_212_6_6_6_4_4_4_4_4_4_0': {'VS': 0.033, 'HS': np.float64(10.247), 'MMD': np.float64(38.896)}, '6-181_184_226_224_212_999_6_6_6_4_4_4_4_4_4_0_0_0_0_0_0': {'VS': 0.0, 'HS': 0.0, 'MMD': 0.0}}","{'1-181_': {'VS': 0.985, 'HS': np.float64(1.443), 'MMD': np.float64(27.079)}, '2-181_184_6': {'VS': 0.652, 'HS': np.float64(1.019), 'MMD': np.float64(31.647)}, '3-181_184_226_6_6_6': {'VS': 0.433, 'HS': np.float64(1.002), 'MMD': np.float64(32.926)}, '4-181_184_226_224_6_6_6_4_4_4': {'VS': 0.313, 'HS': np.float64(2.881), 'MMD': np.float64(34.611)}, '5-181_184_226_224_212_6_6_6_4_4_4_4_4_4_0': {'VS': 0.254, 'HS': np.float64(5.019), 'MMD': np.float64(34.959)}, '6-181_184_226_224_212_999_6_6_6_4_4_4_4_4_4_0_0_0_0_0_0': {'VS': 0.242, 'HS': np.float64(4.371), 'MMD': np.float64(36.933)}}",299,0.221,66.536,0.283,1,1,1,0,0,0,0,0,0,0,0,0,0,0,0,0,0,0,0,0,1
6-181_184_226_224_213_999_6_6_6_4_4_4_4_4_4_0_0_0_0_0_0,6,284,4.324,36.972,"{'1-181_': {'VS': 0.6, 'HS': np.float64(2.021), 'MMD': np.float64(31.748)}, '2-181_184_6': {'VS': 0.334, 'HS': np.float64(1.081), 'MMD': np.float64(42.378)}, '3-181_184_226_6_6_6': {'VS': 0.217, 'HS': np.float64(1.025), 'MMD': np.float64(45.89)}, '4-181_184_226_224_6_6_6_4_4_4': {'VS': 0.037, 'HS': np.float64(3.989), 'MMD': np.float64(38.098)}, '5-181_184_226_224_213_6_6_6_4_4_4_4_4_4_0': {'VS': 0.029, 'HS': np.float64(9.783), 'MMD': np.float64(40.899)}, '6-181_184_226_224_213_999_6_6_6_4_4_4_4_4_4_0_0_0_0_0_0': {'VS': 0.0, 'HS': 0.0, 'MMD': 0.0}}","{'1-181_': {'VS': 0.985, 'HS': np.float64(1.443), 'MMD': np.float64(27.079)}, '2-181_184_6': {'VS': 0.652, 'HS': np.float64(1.019), 'MMD': np.float64(31.647)}, '3-181_184_226_6_6_6': {'VS': 0.433, 'HS': np.float64(1.002), 'MMD': np.float64(32.926)}, '4-181_184_226_224_6_6_6_4_4_4': {'VS': 0.313, 'HS': np.float64(2.881), 'MMD': np.float64(34.611)}, '5-181_184_226_224_213_6_6_6_4_4_4_4_4_4_0': {'VS': 0.241, 'HS': np.float64(4.94), 'MMD': np.float64(34.993)}, '6-181_184_226_224_213_999_6_6_6_4_4_4_4_4_4_0_0_0_0_0_0': {'VS': 0.23, 'HS': np.float64(4.324), 'MMD': np.float64(36.972)}}",284,0.212,70.412,0.281,0,0,0,0,0,0,0,0,0,0,0,0,0,0,0,0,0,0,0,0,0
5-181_184_226_224_999_6_6_6_4_4_4_0_0_0_0,5,381,2.701,36.614,"{'1-181_': {'VS': 0.6, 'HS': np.float64(2.021), 'MMD': np.float64(31.748)}, '2-181_184_6': {'VS': 0.334, 'HS': np.float64(1.081), 'MMD': np.float64(42.378)}, '3-181_184_226_6_6_6': {'VS': 0.217, 'HS': np.float64(1.025), 'MMD': np.float64(45.89)}, '4-181_184_226_224_6_6_6_4_4_4': {'VS': 0.037, 'HS': np.float64(3.989), 'MMD': np.float64(38.098)}, '5-181_184_226_224_999_6_6_6_4_4_4_0_0_0_0': {'VS': 0.0, 'HS': 0.0, 'MMD': 0.0}}","{'1-181_': {'VS': 0.985, 'HS': np.float64(1.443), 'MMD': np.float64(27.079)}, '2-181_184_6': {'VS': 0.652, 'HS': np.float64(1.019), 'MMD': np.float64(31.647)}, '3-181_184_226_6_6_6': {'VS': 0.433, 'HS': np.float64(1.002), 'MMD': np.float64(32.926)}, '4-181_184_226_224_6_6_6_4_4_4': {'VS': 0.313, 'HS': np.float64(2.881), 'MMD': np.float64(34.611)}, '5-181_184_226_224_999_6_6_6_4_4_4_0_0_0_0': {'VS': 0.309, 'HS': np.float64(2.701), 'MMD': np.float64(36.614)}}",381,0.276,79.295,0.299,1,0,0,0,0,0,0,0,0,0,0,0,0,0,0,0,0,0,0,0,1
6-181_184_226_213_225_999_6_6_6_4_4_4_4_4_4_0_0_0_0_0_0,6,264,4.212,37.193,"{'1-181_': {'VS': 0.6, 'HS': np.float64(2.021), 'MMD': np.float64(31.748)}, '2-181_184_6': {'VS': 0.334, 'HS': np.float64(1.081), 'MMD': np.float64(42.378)}, '3-181_184_226_6_6_6': {'VS': 0.217, 'HS': np.float64(1.025), 'MMD': np.float64(45.89)}, '4-181_184_226_213_6_6_6_4_4_4': {'VS': 0.205, 'HS': np.float64(7.938), 'MMD': np.float64(46.924)}, '5-181_184_226_213_225_6_6_6_4_4_4_4_4_4_0': {'VS': 0.031, 'HS': np.float64(9.162), 'MMD': np.float64(39.73)}, '6-181_184_226_213_225_999_6_6_6_4_4_4_4_4_4_0_0_0_0_0_0': {'VS': 0.0, 'HS': 0.0, 'MMD': 0.0}}","{'1-181_': {'VS': 0.985, 'HS': np.float64(1.443), 'MMD': np.float64(27.079)}, '2-181_184_6': {'VS': 0.652, 'HS': np.float64(1.019), 'MMD': np.float64(31.647)}, '3-181_184_226_6_6_6': {'VS': 0.433, 'HS': np.float64(1.002), 'MMD': np.float64(32.926)}, '4-181_184_226_213_6_6_6_4_4_4': {'VS': 0.379, 'HS': np.float64(3.829), 'MMD': np.float64(34.311)}, '5-181_184_226_213_225_6_6_6_4_4_4_4_4_4_0': {'VS': 0.227, 'HS': np.float64(4.8), 'MMD': np.float64(35.214)}, '6-181_184_226_213_225_999_6_6_6_4_4_4_4_4_4_0_0_0_0_0_0': {'VS': 0.214, 'HS': np.float64(4.212), 'MMD': np.float64(37.193)}}",264,0.196,96.9,0.258,0,0,0,0,0,0,0,0,0,0,0,0,0,0,0,0,0,0,0,0,0
6-181_184_226_213_224_999_6_6_6_4_4_4_4_4_4_0_0_0_0_0_0,6,259,4.174,37.085,"{'1-181_': {'VS': 0.6, 'HS': np.float64(2.021), 'MMD': np.float64(31.748)}, '2-181_184_6': {'VS': 0.334, 'HS': np.float64(1.081), 'MMD': np.float64(42.378)}, '3-181_184_226_6_6_6': {'VS': 0.217, 'HS': np.float64(1.025), 'MMD': np.float64(45.89)}, '4-181_184_226_213_6_6_6_4_4_4': {'VS': 0.205, 'HS': np.float64(7.938), 'MMD': np.float64(46.924)}, '5-181_184_226_213_224_6_6_6_4_4_4_4_4_4_0': {'VS': 0.032, 'HS': np.float64(9.4), 'MMD': np.float64(40.16)}, '6-181_184_226_213_224_999_6_6_6_4_4_4_4_4_4_0_0_0_0_0_0': {'VS': 0.0, 'HS': 0.0, 'MMD': 0.0}}","{'1-181_': {'VS': 0.985, 'HS': np.float64(1.443), 'MMD': np.float64(27.079)}, '2-181_184_6': {'VS': 0.652, 'HS': np.float64(1.019), 'MMD': np.float64(31.647)}, '3-181_184_226_6_6_6': {'VS': 0.433, 'HS': np.float64(1.002), 'MMD': np.float64(32.926)}, '4-181_184_226_213_6_6_6_4_4_4': {'VS': 0.379, 'HS': np.float64(3.829), 'MMD': np.float64(34.311)}, '5-181_184_226_213_224_6_6_6_4_4_4_4_4_4_0': {'VS': 0.222, 'HS': np.float64(4.781), 'MMD': np.float64(35.058)}, '6-181_184_226_213_224_999_6_6_6_4_4_4_4_4_4_0_0_0_0_0_0': {'VS': 0.21, 'HS': np.float64(4.174), 'MMD': np.float64(37.085)}}",259,0.19,98.027,0.257,0,0,0,0,0,0,0,0,0,0,0,0,0,0,0,0,0,0,0,0,0
5-181_184_226_213_999_6_6_6_4_4_4_0_0_0_0,5,464,3.515,36.326,"{'1-181_': {'VS': 0.6, 'HS': np.float64(2.021), 'MMD': np.float64(31.748)}, '2-181_184_6': {'VS': 0.334, 'HS': np.float64(1.081), 'MMD': np.float64(42.378)}, '3-181_184_226_6_6_6': {'VS': 0.217, 'HS': np.float64(1.025), 'MMD': np.float64(45.89)}, '4-181_184_226_213_6_6_6_4_4_4': {'VS': 0.205, 'HS': np.float64(7.938), 'MMD': np.float64(46.924)}, '5-181_184_226_213_999_6_6_6_4_4_4_0_0_0_0': {'VS': 0.0, 'HS': 0.0, 'MMD': 0.0}}","{'1-181_': {'VS': 0.985, 'HS': np.float64(1.443), 'MMD': np.float64(27.079)}, '2-181_184_6': {'VS': 0.652, 'HS': np.float64(1.019), 'MMD': np.float64(31.647)}, '3-181_184_226_6_6_6': {'VS': 0.433, 'HS': np.float64(1.002), 'MMD': np.float64(32.926)}, '4-181_184_226_213_6_6_6_4_4_4': {'VS': 0.379, 'HS': np.float64(3.829), 'MMD': np.float64(34.311)}, '5-181_184_226_213_999_6_6_6_4_4_4_0_0_0_0': {'VS': 0.376, 'HS': np.float64(3.515), 'MMD': np.float64(36.326)}}",464,0.174,116.027,0.273,0,0,0,0,0,0,0,0,0,0,0,0,0,0,0,0,0,0,0,0,0
5-181_184_226_172_999_6_6_6_4_4_4_0_0_0_0,5,306,1.477,36.072,"{'1-181_': {'VS': 0.6, 'HS': np.float64(2.021), 'MMD': np.float64(31.748)}, '2-181_184_6': {'VS': 0.334, 'HS': np.float64(1.081), 'MMD': np.float64(42.378)}, '3-181_184_226_6_6_6': {'VS': 0.217, 'HS': np.float64(1.025), 'MMD': np.float64(45.89)}, '4-181_184_226_172_6_6_6_4_4_4': {'VS': 0.149, 'HS': np.float64(2.246), 'MMD': np.float64(47.504)}, '5-181_184_226_172_999_6_6_6_4_4_4_0_0_0_0': {'VS': 0.0, 'HS': 0.0, 'MMD': 0.0}}","{'1-181_': {'VS': 0.985, 'HS': np.float64(1.443), 'MMD': np.float64(27.079)}, '2-181_184_6': {'VS': 0.652, 'HS': np.float64(1.019), 'MMD': np.float64(31.647)}, '3-181_184_226_6_6_6': {'VS': 0.433, 'HS': np.float64(1.002), 'MMD': np.float64(32.926)}, '4-181_184_226_172_6_6_6_4_4_4': {'VS': 0.259, 'HS': np.float64(1.536), 'MMD': np.float64(34.138)}, '5-181_184_226_172_999_6_6_6_4_4_4_0_0_0_0': {'VS': 0.248, 'HS': np.float64(1.477), 'MMD': np.float64(36.072)}}",306,0.11,120.917,0.257,0,0,0,0,0,0,0,0,0,0,0,0,0,0,0,0,0,0,0,0,0
5-181_184_226_199_999_6_6_6_4_4_4_0_0_0_0,5,318,1.664,36.321,"{'1-181_': {'VS': 0.6, 'HS': np.float64(2.021), 'MMD': np.float64(31.748)}, '2-181_184_6': {'VS': 0.334, 'HS': np.float64(1.081), 'MMD': np.float64(42.378)}, '3-181_184_226_6_6_6': {'VS': 0.217, 'HS': np.float64(1.025), 'MMD': np.float64(45.89)}, '4-181_184_226_199_6_6_6_4_4_4': {'VS': 0.151, 'HS': np.float64(3.143), 'MMD': np.float64(47.212)}, '5-181_184_226_199_999_6_6_6_4_4_4_0_0_0_0': {'VS': 0.0, 'HS': 0.0, 'MMD': 0.0}}","{'1-181_': {'VS': 0.985, 'HS': np.float64(1.443), 'MMD': np.float64(27.079)}, '2-181_184_6': {'VS': 0.652, 'HS': np.float64(1.019), 'MMD': np.float64(31.647)}, '3-181_184_226_6_6_6': {'VS': 0.433, 'HS': np.float64(1.002), 'MMD': np.float64(32.926)}, '4-181_184_226_199_6_6_6_4_4_4': {'VS': 0.264, 'HS': np.float64(1.782), 'MMD': np.float64(34.291)}, '5-181_184_226_199_999_6_6_6_4_4_4_0_0_0_0': {'VS': 0.258, 'HS': np.float64(1.664), 'MMD': np.float64(36.321)}}",318,0.113,117.993,0.258,0,0,0,0,0,0,0,0,0,0,0,0,0,0,0,0,0,0,0,0,0
4-181_184_226_999_6_6_6_0_0_0,4,533,1.002,35.029,"{'1-181_': {'VS': 0.6, 'HS': np.float64(2.021), 'MMD': np.float64(31.748)}, '2-181_184_6': {'VS': 0.334, 'HS': np.float64(1.081), 'MMD': np.float64(42.378)}, '3-181_184_226_6_6_6': {'VS': 0.217, 'HS': np.float64(1.025), 'MMD': np.float64(45.89)}, '4-181_184_226_999_6_6_6_0_0_0': {'VS': 0.0, 'HS': 0.0, 'MMD': 0.0}}","{'1-181_': {'VS': 0.985, 'HS': np.float64(1.443), 'MMD': np.float64(27.079)}, '2-181_184_6': {'VS': 0.652, 'HS': np.float64(1.019), 'MMD': np.float64(31.647)}, '3-181_184_226_6_6_6': {'VS': 0.433, 'HS': np.float64(1.002), 'MMD': np.float64(32.926)}, '4-181_184_226_999_6_6_6_0_0_0': {'VS': 0.432, 'HS': np.float64(1.002), 'MMD': np.float64(35.029)}}",533,0.216,101.673,0.306,0,0,0,0,0,0,0,0,0,0,0,0,0,0,0,0,0,0,0,0,0
5-181_184_202_212_999_6_4_4_4_4_0_0_0_0_0,5,358,2.796,36.866,"{'1-181_': {'VS': 0.6, 'HS': np.float64(2.021), 'MMD': np.float64(31.748)}, '2-181_184_6': {'VS': 0.334, 'HS': np.float64(1.081), 'MMD': np.float64(42.378)}, '3-181_184_202_6_4_4': {'VS': 0.256, 'HS': np.float64(3.42), 'MMD': np.float64(46.433)}, '4-181_184_202_212_6_4_4_4_4_0': {'VS': 0.233, 'HS': np.float64(9.442), 'MMD': np.float64(47.491)}, '5-181_184_202_212_999_6_4_4_4_4_0_0_0_0_0': {'VS': 0.0, 'HS': 0.0, 'MMD': 0.0}}","{'1-181_': {'VS': 0.985, 'HS': np.float64(1.443), 'MMD': np.float64(27.079)}, '2-181_184_6': {'VS': 0.652, 'HS': np.float64(1.019), 'MMD': np.float64(31.647)}, '3-181_184_202_6_4_4': {'VS': 0.442, 'HS': np.float64(1.894), 'MMD': np.float64(33.757)}, '4-181_184_202_212_6_4_4_4_4_0': {'VS': 0.314, 'HS': np.float64(3.271), 'MMD': np.float64(34.814)}, '5-181_184_202_212_999_6_4_4_4_4_0_0_0_0_0': {'VS': 0.29, 'HS': np.float64(2.796), 'MMD': np.float64(36.866)}}",358,0.081,114.585,0.242,0,0,0,0,0,0,0,0,0,0,0,0,0,0,0,0,0,0,0,0,0
5-181_184_202_213_999_6_4_4_4_4_0_0_0_0_0,5,322,2.845,37.016,"{'1-181_': {'VS': 0.6, 'HS': np.float64(2.021), 'MMD': np.float64(31.748)}, '2-181_184_6': {'VS': 0.334, 'HS': np.float64(1.081), 'MMD': np.float64(42.378)}, '3-181_184_202_6_4_4': {'VS': 0.256, 'HS': np.float64(3.42), 'MMD': np.float64(46.433)}, '4-181_184_202_213_6_4_4_4_4_0': {'VS': 0.219, 'HS': np.float64(9.145), 'MMD': np.float64(47.784)}, '5-181_184_202_213_999_6_4_4_4_4_0_0_0_0_0': {'VS': 0.0, 'HS': 0.0, 'MMD': 0.0}}","{'1-181_': {'VS': 0.985, 'HS': np.float64(1.443), 'MMD': np.float64(27.079)}, '2-181_184_6': {'VS': 0.652, 'HS': np.float64(1.019), 'MMD': np.float64(31.647)}, '3-181_184_202_6_4_4': {'VS': 0.442, 'HS': np.float64(1.894), 'MMD': np.float64(33.757)}, '4-181_184_202_213_6_4_4_4_4_0': {'VS': 0.289, 'HS': np.float64(3.266), 'MMD': np.float64(34.986)}, '5-181_184_202_213_999_6_4_4_4_4_0_0_0_0_0': {'VS': 0.261, 'HS': np.float64(2.845), 'MMD': np.float64(37.016)}}",322,0.07,115.356,0.24,0,0,0,0,0,0,0,0,0,0,0,0,0,0,0,0,0,0,0,0,0
4-181_184_202_999_6_4_4_0_0_0,4,536,1.754,35.964,"{'1-181_': {'VS': 0.6, 'HS': np.float64(2.021), 'MMD': np.float64(31.748)}, '2-181_184_6': {'VS': 0.334, 'HS': np.float64(1.081), 'MMD': np.float64(42.378)}, '3-181_184_202_6_4_4': {'VS': 0.256, 'HS': np.float64(3.42), 'MMD': np.float64(46.433)}, '4-181_184_202_999_6_4_4_0_0_0': {'VS': 0.0, 'HS': 0.0, 'MMD': 0.0}}","{'1-181_': {'VS': 0.985, 'HS': np.float64(1.443), 'MMD': np.float64(27.079)}, '2-181_184_6': {'VS': 0.652, 'HS': np.float64(1.019), 'MMD': np.float64(31.647)}, '3-181_184_202_6_4_4': {'VS': 0.442, 'HS': np.float64(1.894), 'MMD': np.float64(33.757)}, '4-181_184_202_999_6_4_4_0_0_0': {'VS': 0.434, 'HS': np.float64(1.754), 'MMD': np.float64(35.964)}}",536,0.186,99.212,0.296,0,0,0,0,0,0,0,0,0,0,0,0,0,0,0,0,0,0,0,0,0
5-181_184_225_212_999_6_4_4_4_4_0_0_0_0_0,5,386,4.008,36.813,"{'1-181_': {'VS': 0.6, 'HS': np.float64(2.021), 'MMD': np.float64(31.748)}, '2-181_184_6': {'VS': 0.334, 'HS': np.float64(1.081), 'MMD': np.float64(42.378)}, '3-181_184_225_6_4_4': {'VS': 0.064, 'HS': np.float64(3.748), 'MMD': np.float64(39.242)}, '4-181_184_225_212_6_4_4_4_4_0': {'VS': 0.056, 'HS': np.float64(10.735), 'MMD': np.float64(40.812)}, '5-181_184_225_212_999_6_4_4_4_4_0_0_0_0_0': {'VS': 0.0, 'HS': 0.0, 'MMD': 0.0}}","{'1-181_': {'VS': 0.985, 'HS': np.float64(1.443), 'MMD': np.float64(27.079)}, '2-181_184_6': {'VS': 0.652, 'HS': np.float64(1.019), 'MMD': np.float64(31.647)}, '3-181_184_225_6_4_4': {'VS': 0.413, 'HS': np.float64(2.684), 'MMD': np.float64(34.046)}, '4-181_184_225_212_6_4_4_4_4_0': {'VS': 0.335, 'HS': np.float64(4.783), 'MMD': np.float64(34.807)}, '5-181_184_225_212_999_6_4_4_4_4_0_0_0_0_0': {'VS': 0.313, 'HS': np.float64(4.008), 'MMD': np.float64(36.813)}}",386,0.279,50.003,0.333,0,0,0,0,0,0,0,0,0,0,0,0,0,0,0,0,0,0,0,0,0
5-181_184_225_213_999_6_4_4_4_4_0_0_0_0_0,5,375,3.856,36.72,"{'1-181_': {'VS': 0.6, 'HS': np.float64(2.021), 'MMD': np.float64(31.748)}, '2-181_184_6': {'VS': 0.334, 'HS': np.float64(1.081), 'MMD': np.float64(42.378)}, '3-181_184_225_6_4_4': {'VS': 0.064, 'HS': np.float64(3.748), 'MMD': np.float64(39.242)}, '4-181_184_225_213_6_4_4_4_4_0': {'VS': 0.052, 'HS': np.float64(9.648), 'MMD': np.float64(41.493)}, '5-181_184_225_213_999_6_4_4_4_4_0_0_0_0_0': {'VS': 0.0, 'HS': 0.0, 'MMD': 0.0}}","{'1-181_': {'VS': 0.985, 'HS': np.float64(1.443), 'MMD': np.float64(27.079)}, '2-181_184_6': {'VS': 0.652, 'HS': np.float64(1.019), 'MMD': np.float64(31.647)}, '3-181_184_225_6_4_4': {'VS': 0.413, 'HS': np.float64(2.684), 'MMD': np.float64(34.046)}, '4-181_184_225_213_6_4_4_4_4_0': {'VS': 0.322, 'HS': np.float64(4.655), 'MMD': np.float64(34.683)}, '5-181_184_225_213_999_6_4_4_4_4_0_0_0_0_0': {'VS': 0.304, 'HS': np.float64(3.856), 'MMD': np.float64(36.72)}}",375,0.27,52.582,0.331,0,0,0,0,0,0,0,0,0,0,0,0,0,0,0,0,0,0,0,0,0
4-181_184_225_999_6_4_4_0_0_0,4,499,2.469,36.122,"{'1-181_': {'VS': 0.6, 'HS': np.float64(2.021), 'MMD': np.float64(31.748)}, '2-181_184_6': {'VS': 0.334, 'HS': np.float64(1.081), 'MMD': np.float64(42.378)}, '3-181_184_225_6_4_4': {'VS': 0.064, 'HS': np.float64(3.748), 'MMD': np.float64(39.242)}, '4-181_184_225_999_6_4_4_0_0_0': {'VS': 0.0, 'HS': 0.0, 'MMD': 0.0}}","{'1-181_': {'VS': 0.985, 'HS': np.float64(1.443), 'MMD': np.float64(27.079)}, '2-181_184_6': {'VS': 0.652, 'HS': np.float64(1.019), 'MMD': np.float64(31.647)}, '3-181_184_225_6_4_4': {'VS': 0.413, 'HS': np.float64(2.684), 'MMD': np.float64(34.046)}, '4-181_184_225_999_6_4_4_0_0_0': {'VS': 0.404, 'HS': np.float64(2.469), 'MMD': np.float64(36.122)}}",499,0.349,54.651,0.351,0,0,0,0,0,0,0,0,1,0,0,0,0,0,0,0,0,0,0,0,1
4-181_184_212_999_6_3_3_0_0_0,4,340,1.003,35.372,"{'1-181_': {'VS': 0.6, 'HS': np.float64(2.021), 'MMD': np.float64(31.748)}, '2-181_184_6': {'VS': 0.334, 'HS': np.float64(1.081), 'MMD': np.float64(42.378)}, '3-181_184_212_6_3_3': {'VS': 0.129, 'HS': np.float64(1.007), 'MMD': np.float64(44.993)}, '4-181_184_212_999_6_3_3_0_0_0': {'VS': 0.0, 'HS': 0.0, 'MMD': 0.0}}","{'1-181_': {'VS': 0.985, 'HS': np.float64(1.443), 'MMD': np.float64(27.079)}, '2-181_184_6': {'VS': 0.652, 'HS': np.float64(1.019), 'MMD': np.float64(31.647)}, '3-181_184_212_6_3_3': {'VS': 0.277, 'HS': np.float64(1.003), 'MMD': np.float64(32.952)}, '4-181_184_212_999_6_3_3_0_0_0': {'VS': 0.276, 'HS': np.float64(1.003), 'MMD': np.float64(35.372)}}",340,0.148,93.98,0.284,0,0,0,0,0,0,0,0,0,0,0,0,0,0,0,0,0,0,0,0,0
5-181_184_212_202_999_6_4_4_4_4_0_0_0_0_0,5,349,3.04,36.777,"{'1-181_': {'VS': 0.6, 'HS': np.float64(2.021), 'MMD': np.float64(31.748)}, '2-181_184_6': {'VS': 0.334, 'HS': np.float64(1.081), 'MMD': np.float64(42.378)}, '3-181_184_212_6_4_4': {'VS': 0.304, 'HS': np.float64(8.064), 'MMD': np.float64(45.998)}, '4-181_184_212_202_6_4_4_4_4_0': {'VS': 0.232, 'HS': np.float64(9.359), 'MMD': np.float64(47.459)}, '5-181_184_212_202_999_6_4_4_4_4_0_0_0_0_0': {'VS': 0.0, 'HS': 0.0, 'MMD': 0.0}}","{'1-181_': {'VS': 0.985, 'HS': np.float64(1.443), 'MMD': np.float64(27.079)}, '2-181_184_6': {'VS': 0.652, 'HS': np.float64(1.019), 'MMD': np.float64(31.647)}, '3-181_184_212_6_4_4': {'VS': 0.571, 'HS': np.float64(3.923), 'MMD': np.float64(33.696)}, '4-181_184_212_202_6_4_4_4_4_0': {'VS': 0.302, 'HS': np.float64(3.536), 'MMD': np.float64(34.716)}, '5-181_184_212_202_999_6_4_4_4_4_0_0_0_0_0': {'VS': 0.283, 'HS': np.float64(3.04), 'MMD': np.float64(36.777)}}",349,0.07,112.669,0.26,0,0,0,0,0,0,0,0,0,0,0,0,0,0,0,0,0,0,0,0,0
5-181_184_212_225_999_6_4_4_4_4_0_0_0_0_0,5,403,4.06,36.809,"{'1-181_': {'VS': 0.6, 'HS': np.float64(2.021), 'MMD': np.float64(31.748)}, '2-181_184_6': {'VS': 0.334, 'HS': np.float64(1.081), 'MMD': np.float64(42.378)}, '3-181_184_212_6_4_4': {'VS': 0.304, 'HS': np.float64(8.064), 'MMD': np.float64(45.998)}, '4-181_184_212_225_6_4_4_4_4_0': {'VS': 0.055, 'HS': np.float64(10.687), 'MMD': np.float64(41.22)}, '5-181_184_212_225_999_6_4_4_4_4_0_0_0_0_0': {'VS': 0.0, 'HS': 0.0, 'MMD': 0.0}}","{'1-181_': {'VS': 0.985, 'HS': np.float64(1.443), 'MMD': np.float64(27.079)}, '2-181_184_6': {'VS': 0.652, 'HS': np.float64(1.019), 'MMD': np.float64(31.647)}, '3-181_184_212_6_4_4': {'VS': 0.571, 'HS': np.float64(3.923), 'MMD': np.float64(33.696)}, '4-181_184_212_225_6_4_4_4_4_0': {'VS': 0.344, 'HS': np.float64(4.831), 'MMD': np.float64(34.729)}, '5-181_184_212_225_999_6_4_4_4_4_0_0_0_0_0': {'VS': 0.327, 'HS': np.float64(4.06), 'MMD': np.float64(36.809)}}",403,0.289,82.607,0.315,0,0,0,0,0,0,0,0,0,0,0,0,0,0,0,0,0,0,0,0,0
5-181_184_212_220_999_6_4_4_4_4_0_0_0_0_0,5,273,3.099,36.828,"{'1-181_': {'VS': 0.6, 'HS': np.float64(2.021), 'MMD': np.float64(31.748)}, '2-181_184_6': {'VS': 0.334, 'HS': np.float64(1.081), 'MMD': np.float64(42.378)}, '3-181_184_212_6_4_4': {'VS': 0.304, 'HS': np.float64(8.064), 'MMD': np.float64(45.998)}, '4-181_184_212_220_6_4_4_4_4_0': {'VS': 0.169, 'HS': np.float64(10.12), 'MMD': np.float64(47.431)}, '5-181_184_212_220_999_6_4_4_4_4_0_0_0_0_0': {'VS': 0.0, 'HS': 0.0, 'MMD': 0.0}}","{'1-181_': {'VS': 0.985, 'HS': np.float64(1.443), 'MMD': np.float64(27.079)}, '2-181_184_6': {'VS': 0.652, 'HS': np.float64(1.019), 'MMD': np.float64(31.647)}, '3-181_184_212_6_4_4': {'VS': 0.571, 'HS': np.float64(3.923), 'MMD': np.float64(33.696)}, '4-181_184_212_220_6_4_4_4_4_0': {'VS': 0.235, 'HS': np.float64(3.648), 'MMD': np.float64(34.731)}, '5-181_184_212_220_999_6_4_4_4_4_0_0_0_0_0': {'VS': 0.221, 'HS': np.float64(3.099), 'MMD': np.float64(36.828)}}",273,0.066,112.396,0.259,0,0,0,0,0,0,0,0,0,0,0,0,0,0,0,0,0,0,0,0,0
5-181_184_212_208_999_6_4_4_4_4_0_0_0_0_0,5,301,2.814,36.658,"{'1-181_': {'VS': 0.6, 'HS': np.float64(2.021), 'MMD': np.float64(31.748)}, '2-181_184_6': {'VS': 0.334, 'HS': np.float64(1.081), 'MMD': np.float64(42.378)}, '3-181_184_212_6_4_4': {'VS': 0.304, 'HS': np.float64(8.064), 'MMD': np.float64(45.998)}, '4-181_184_212_208_6_4_4_4_4_0': {'VS': 0.189, 'HS': np.float64(9.049), 'MMD': np.float64(47.886)}, '5-181_184_212_208_999_6_4_4_4_4_0_0_0_0_0': {'VS': 0.0, 'HS': 0.0, 'MMD': 0.0}}","{'1-181_': {'VS': 0.985, 'HS': np.float64(1.443), 'MMD': np.float64(27.079)}, '2-181_184_6': {'VS': 0.652, 'HS': np.float64(1.019), 'MMD': np.float64(31.647)}, '3-181_184_212_6_4_4': {'VS': 0.571, 'HS': np.float64(3.923), 'MMD': np.float64(33.696)}, '4-181_184_212_208_6_4_4_4_4_0': {'VS': 0.263, 'HS': np.float64(3.28), 'MMD': np.float64(34.551)}, '5-181_184_212_208_999_6_4_4_4_4_0_0_0_0_0': {'VS': 0.244, 'HS': np.float64(2.814), 'MMD': np.float64(36.658)}}",301,0.074,116.529,0.261,0,0,0,0,0,0,0,0,0,0,0,0,0,0,0,0,0,0,0,0,0
5-181_184_212_224_999_6_4_4_3_3_0_0_0_0_0,5,255,2.761,36.447,"{'1-181_': {'VS': 0.6, 'HS': np.float64(2.021), 'MMD': np.float64(31.748)}, '2-181_184_6': {'VS': 0.334, 'HS': np.float64(1.081), 'MMD': np.float64(42.378)}, '3-181_184_212_6_4_4': {'VS': 0.304, 'HS': np.float64(8.064), 'MMD': np.float64(45.998)}, '4-181_184_212_224_6_4_4_3_3_0': {'VS': 0.031, 'HS': np.float64(3.397), 'MMD': np.float64(40.082)}, '5-181_184_212_224_999_6_4_4_3_3_0_0_0_0_0': {'VS': 0.0, 'HS': 0.0, 'MMD': 0.0}}","{'1-181_': {'VS': 0.985, 'HS': np.float64(1.443), 'MMD': np.float64(27.079)}, '2-181_184_6': {'VS': 0.652, 'HS': np.float64(1.019), 'MMD': np.float64(31.647)}, '3-181_184_212_6_4_4': {'VS': 0.571, 'HS': np.float64(3.923), 'MMD': np.float64(33.696)}, '4-181_184_212_224_6_4_4_3_3_0': {'VS': 0.212, 'HS': np.float64(3.073), 'MMD': np.float64(34.383)}, '5-181_184_212_224_999_6_4_4_3_3_0_0_0_0_0': {'VS': 0.207, 'HS': np.float64(2.761), 'MMD': np.float64(36.447)}}",255,0.181,80.193,0.288,0,0,0,0,0,0,0,0,0,0,0,0,0,0,0,0,0,0,0,0,0
5-181_184_212_224_999_6_4_4_4_4_0_0_0_0_0,5,381,4.071,36.643,"{'1-181_': {'VS': 0.6, 'HS': np.float64(2.021), 'MMD': np.float64(31.748)}, '2-181_184_6': {'VS': 0.334, 'HS': np.float64(1.081), 'MMD': np.float64(42.378)}, '3-181_184_212_6_4_4': {'VS': 0.304, 'HS': np.float64(8.064), 'MMD': np.float64(45.998)}, '4-181_184_212_224_6_4_4_4_4_0': {'VS': 0.055, 'HS': np.float64(11.443), 'MMD': np.float64(42.048)}, '5-181_184_212_224_999_6_4_4_4_4_0_0_0_0_0': {'VS': 0.0, 'HS': 0.0, 'MMD': 0.0}}","{'1-181_': {'VS': 0.985, 'HS': np.float64(1.443), 'MMD': np.float64(27.079)}, '2-181_184_6': {'VS': 0.652, 'HS': np.float64(1.019), 'MMD': np.float64(31.647)}, '3-181_184_212_6_4_4': {'VS': 0.571, 'HS': np.float64(3.923), 'MMD': np.float64(33.696)}, '4-181_184_212_224_6_4_4_4_4_0': {'VS': 0.324, 'HS': np.float64(4.892), 'MMD': np.float64(34.558)}, '5-181_184_212_224_999_6_4_4_4_4_0_0_0_0_0': {'VS': 0.309, 'HS': np.float64(4.071), 'MMD': np.float64(36.643)}}",381,0.269,86.098,0.31,0,0,0,0,0,0,0,0,0,0,0,0,0,0,0,0,0,0,0,0,0
5-181_184_212_172_999_6_4_4_4_4_0_0_0_0_0,5,330,3.027,36.694,"{'1-181_': {'VS': 0.6, 'HS': np.float64(2.021), 'MMD': np.float64(31.748)}, '2-181_184_6': {'VS': 0.334, 'HS': np.float64(1.081), 'MMD': np.float64(42.378)}, '3-181_184_212_6_4_4': {'VS': 0.304, 'HS': np.float64(8.064), 'MMD': np.float64(45.998)}, '4-181_184_212_172_6_4_4_4_4_0': {'VS': 0.192, 'HS': np.float64(6.711), 'MMD': np.float64(47.463)}, '5-181_184_212_172_999_6_4_4_4_4_0_0_0_0_0': {'VS': 0.0, 'HS': 0.0, 'MMD': 0.0}}","{'1-181_': {'VS': 0.985, 'HS': np.float64(1.443), 'MMD': np.float64(27.079)}, '2-181_184_6': {'VS': 0.652, 'HS': np.float64(1.019), 'MMD': np.float64(31.647)}, '3-181_184_212_6_4_4': {'VS': 0.571, 'HS': np.float64(3.923), 'MMD': np.float64(33.696)}, '4-181_184_212_172_6_4_4_4_4_0': {'VS': 0.289, 'HS': np.float64(3.42), 'MMD': np.float64(34.717)}, '5-181_184_212_172_999_6_4_4_4_4_0_0_0_0_0': {'VS': 0.267, 'HS': np.float64(3.027), 'MMD': np.float64(36.694)}}",330,0.097,112.688,0.267,0,0,0,0,0,0,0,0,0,0,0,0,0,0,0,0,0,0,0,0,0
5-181_184_212_199_999_6_4_4_4_4_0_0_0_0_0,5,279,2.903,36.588,"{'1-181_': {'VS': 0.6, 'HS': np.float64(2.021), 'MMD': np.float64(31.748)}, '2-181_184_6': {'VS': 0.334, 'HS': np.float64(1.081), 'MMD': np.float64(42.378)}, '3-181_184_212_6_4_4': {'VS': 0.304, 'HS': np.float64(8.064), 'MMD': np.float64(45.998)}, '4-181_184_212_199_6_4_4_4_4_0': {'VS': 0.181, 'HS': np.float64(8.694), 'MMD': np.float64(47.288)}, '5-181_184_212_199_999_6_4_4_4_4_0_0_0_0_0': {'VS': 0.0, 'HS': 0.0, 'MMD': 0.0}}","{'1-181_': {'VS': 0.985, 'HS': np.float64(1.443), 'MMD': np.float64(27.079)}, '2-181_184_6': {'VS': 0.652, 'HS': np.float64(1.019), 'MMD': np.float64(31.647)}, '3-181_184_212_6_4_4': {'VS': 0.571, 'HS': np.float64(3.923), 'MMD': np.float64(33.696)}, '4-181_184_212_199_6_4_4_4_4_0': {'VS': 0.242, 'HS': np.float64(3.365), 'MMD': np.float64(34.575)}, '5-181_184_212_199_999_6_4_4_4_4_0_0_0_0_0': {'VS': 0.226, 'HS': np.float64(2.903), 'MMD': np.float64(36.588)}}",279,0.061,112.478,0.258,0,0,0,0,0,0,0,0,0,0,0,0,0,0,0,0,0,0,0,0,0
4-181_184_212_999_6_4_4_0_0_0,4,701,3.586,35.859,"{'1-181_': {'VS': 0.6, 'HS': np.float64(2.021), 'MMD': np.float64(31.748)}, '2-181_184_6': {'VS': 0.334, 'HS': np.float64(1.081), 'MMD': np.float64(42.378)}, '3-181_184_212_6_4_4': {'VS': 0.304, 'HS': np.float64(8.064), 'MMD': np.float64(45.998)}, '4-181_184_212_999_6_4_4_0_0_0': {'VS': 0.0, 'HS': 0.0, 'MMD': 0.0}}","{'1-181_': {'VS': 0.985, 'HS': np.float64(1.443), 'MMD': np.float64(27.079)}, '2-181_184_6': {'VS': 0.652, 'HS': np.float64(1.019), 'MMD': np.float64(31.647)}, '3-181_184_212_6_4_4': {'VS': 0.571, 'HS': np.float64(3.923), 'MMD': np.float64(33.696)}, '4-181_184_212_999_6_4_4_0_0_0': {'VS': 0.568, 'HS': np.float64(3.586), 'MMD': np.float64(35.859)}}",701,0.267,96.098,0.323,0,0,0,0,1,0,0,0,0,0,0,0,0,0,0,0,0,0,0,0,1
5-181_184_220_212_999_6_4_4_4_4_0_0_0_0_0,5,287,3.268,36.958,"{'1-181_': {'VS': 0.6, 'HS': np.float64(2.021), 'MMD': np.float64(31.748)}, '2-181_184_6': {'VS': 0.334, 'HS': np.float64(1.081), 'MMD': np.float64(42.378)}, '3-181_184_220_6_4_4': {'VS': 0.191, 'HS': np.float64(3.522), 'MMD': np.float64(46.093)}, '4-181_184_220_212_6_4_4_4_4_0': {'VS': 0.169, 'HS': np.float64(10.175), 'MMD': np.float64(47.293)}, '5-181_184_220_212_999_6_4_4_4_4_0_0_0_0_0': {'VS': 0.0, 'HS': 0.0, 'MMD': 0.0}}","{'1-181_': {'VS': 0.985, 'HS': np.float64(1.443), 'MMD': np.float64(27.079)}, '2-181_184_6': {'VS': 0.652, 'HS': np.float64(1.019), 'MMD': np.float64(31.647)}, '3-181_184_220_6_4_4': {'VS': 0.338, 'HS': np.float64(2.01), 'MMD': np.float64(34.177)}, '4-181_184_220_212_6_4_4_4_4_0': {'VS': 0.249, 'HS': np.float64(3.831), 'MMD': np.float64(34.886)}, '5-181_184_220_212_999_6_4_4_4_4_0_0_0_0_0': {'VS': 0.233, 'HS': np.float64(3.268), 'MMD': np.float64(36.958)}}",287,0.08,108.22,0.233,0,0,0,0,0,0,0,0,0,0,0,0,0,0,0,0,0,0,0,0,0
5-181_184_220_213_999_6_4_4_4_4_0_0_0_0_0,5,276,3.149,37.221,"{'1-181_': {'VS': 0.6, 'HS': np.float64(2.021), 'MMD': np.float64(31.748)}, '2-181_184_6': {'VS': 0.334, 'HS': np.float64(1.081), 'MMD': np.float64(42.378)}, '3-181_184_220_6_4_4': {'VS': 0.191, 'HS': np.float64(3.522), 'MMD': np.float64(46.093)}, '4-181_184_220_213_6_4_4_4_4_0': {'VS': 0.159, 'HS': np.float64(9.769), 'MMD': np.float64(47.48)}, '5-181_184_220_213_999_6_4_4_4_4_0_0_0_0_0': {'VS': 0.0, 'HS': 0.0, 'MMD': 0.0}}","{'1-181_': {'VS': 0.985, 'HS': np.float64(1.443), 'MMD': np.float64(27.079)}, '2-181_184_6': {'VS': 0.652, 'HS': np.float64(1.019), 'MMD': np.float64(31.647)}, '3-181_184_220_6_4_4': {'VS': 0.338, 'HS': np.float64(2.01), 'MMD': np.float64(34.177)}, '4-181_184_220_213_6_4_4_4_4_0': {'VS': 0.237, 'HS': np.float64(3.736), 'MMD': np.float64(35.144)}, '5-181_184_220_213_999_6_4_4_4_4_0_0_0_0_0': {'VS': 0.224, 'HS': np.float64(3.149), 'MMD': np.float64(37.221)}}",276,0.078,107.78,0.232,0,0,0,0,0,0,0,0,0,0,0,0,0,0,0,0,0,0,0,0,0
4-181_184_220_999_6_4_4_0_0_0,4,409,1.868,36.295,"{'1-181_': {'VS': 0.6, 'HS': np.float64(2.021), 'MMD': np.float64(31.748)}, '2-181_184_6': {'VS': 0.334, 'HS': np.float64(1.081), 'MMD': np.float64(42.378)}, '3-181_184_220_6_4_4': {'VS': 0.191, 'HS': np.float64(3.522), 'MMD': np.float64(46.093)}, '4-181_184_220_999_6_4_4_0_0_0': {'VS': 0.0, 'HS': 0.0, 'MMD': 0.0}}","{'1-181_': {'VS': 0.985, 'HS': np.float64(1.443), 'MMD': np.float64(27.079)}, '2-181_184_6': {'VS': 0.652, 'HS': np.float64(1.019), 'MMD': np.float64(31.647)}, '3-181_184_220_6_4_4': {'VS': 0.338, 'HS': np.float64(2.01), 'MMD': np.float64(34.177)}, '4-181_184_220_999_6_4_4_0_0_0': {'VS': 0.331, 'HS': np.float64(1.868), 'MMD': np.float64(36.295)}}",409,0.147,92.982,0.283,0,0,0,0,0,0,0,0,0,0,0,0,0,0,0,0,0,0,0,0,0
5-181_184_208_212_999_6_4_4_4_4_0_0_0_0_0,5,318,2.943,36.805,"{'1-181_': {'VS': 0.6, 'HS': np.float64(2.021), 'MMD': np.float64(31.748)}, '2-181_184_6': {'VS': 0.334, 'HS': np.float64(1.081), 'MMD': np.float64(42.378)}, '3-181_184_208_6_4_4': {'VS': 0.214, 'HS': np.float64(3.223), 'MMD': np.float64(46.988)}, '4-181_184_208_212_6_4_4_4_4_0': {'VS': 0.195, 'HS': np.float64(8.924), 'MMD': np.float64(47.605)}, '5-181_184_208_212_999_6_4_4_4_4_0_0_0_0_0': {'VS': 0.0, 'HS': 0.0, 'MMD': 0.0}}","{'1-181_': {'VS': 0.985, 'HS': np.float64(1.443), 'MMD': np.float64(27.079)}, '2-181_184_6': {'VS': 0.652, 'HS': np.float64(1.019), 'MMD': np.float64(31.647)}, '3-181_184_208_6_4_4': {'VS': 0.388, 'HS': np.float64(1.846), 'MMD': np.float64(33.916)}, '4-181_184_208_212_6_4_4_4_4_0': {'VS': 0.279, 'HS': np.float64(3.509), 'MMD': np.float64(34.759)}, '5-181_184_208_212_999_6_4_4_4_4_0_0_0_0_0': {'VS': 0.258, 'HS': np.float64(2.943), 'MMD': np.float64(36.805)}}",318,0.084,118.213,0.24,1,0,0,0,0,0,0,0,0,0,0,0,0,0,0,0,0,0,0,0,1
5-181_184_208_213_999_6_4_4_4_4_0_0_0_0_0,5,309,2.867,36.89,"{'1-181_': {'VS': 0.6, 'HS': np.float64(2.021), 'MMD': np.float64(31.748)}, '2-181_184_6': {'VS': 0.334, 'HS': np.float64(1.081), 'MMD': np.float64(42.378)}, '3-181_184_208_6_4_4': {'VS': 0.214, 'HS': np.float64(3.223), 'MMD': np.float64(46.988)}, '4-181_184_208_213_6_4_4_4_4_0': {'VS': 0.184, 'HS': np.float64(8.703), 'MMD': np.float64(47.839)}, '5-181_184_208_213_999_6_4_4_4_4_0_0_0_0_0': {'VS': 0.0, 'HS': 0.0, 'MMD': 0.0}}","{'1-181_': {'VS': 0.985, 'HS': np.float64(1.443), 'MMD': np.float64(27.079)}, '2-181_184_6': {'VS': 0.652, 'HS': np.float64(1.019), 'MMD': np.float64(31.647)}, '3-181_184_208_6_4_4': {'VS': 0.388, 'HS': np.float64(1.846), 'MMD': np.float64(33.916)}, '4-181_184_208_213_6_4_4_4_4_0': {'VS': 0.273, 'HS': np.float64(3.356), 'MMD': np.float64(34.828)}, '5-181_184_208_213_999_6_4_4_4_4_0_0_0_0_0': {'VS': 0.25, 'HS': np.float64(2.867), 'MMD': np.float64(36.89)}}",309,0.089,119.279,0.242,0,0,0,0,0,0,0,0,0,0,0,0,0,0,0,0,0,0,0,0,0
4-181_184_208_999_6_4_4_0_0_0,4,470,1.711,36.059,"{'1-181_': {'VS': 0.6, 'HS': np.float64(2.021), 'MMD': np.float64(31.748)}, '2-181_184_6': {'VS': 0.334, 'HS': np.float64(1.081), 'MMD': np.float64(42.378)}, '3-181_184_208_6_4_4': {'VS': 0.214, 'HS': np.float64(3.223), 'MMD': np.float64(46.988)}, '4-181_184_208_999_6_4_4_0_0_0': {'VS': 0.0, 'HS': 0.0, 'MMD': 0.0}}","{'1-181_': {'VS': 0.985, 'HS': np.float64(1.443), 'MMD': np.float64(27.079)}, '2-181_184_6': {'VS': 0.652, 'HS': np.float64(1.019), 'MMD': np.float64(31.647)}, '3-181_184_208_6_4_4': {'VS': 0.388, 'HS': np.float64(1.846), 'MMD': np.float64(33.916)}, '4-181_184_208_999_6_4_4_0_0_0': {'VS': 0.381, 'HS': np.float64(1.711), 'MMD': np.float64(36.059)}}",470,0.174,102.61,0.292,0,0,0,0,0,0,0,0,0,0,0,0,0,0,0,0,0,0,0,0,0
4-181_184_196_999_6_4_4_0_0_0,4,356,1.461,35.865,"{'1-181_': {'VS': 0.6, 'HS': np.float64(2.021), 'MMD': np.float64(31.748)}, '2-181_184_6': {'VS': 0.334, 'HS': np.float64(1.081), 'MMD': np.float64(42.378)}, '3-181_184_196_6_4_4': {'VS': 0.157, 'HS': np.float64(2.382), 'MMD': np.float64(46.976)}, '4-181_184_196_999_6_4_4_0_0_0': {'VS': 0.0, 'HS': 0.0, 'MMD': 0.0}}","{'1-181_': {'VS': 0.985, 'HS': np.float64(1.443), 'MMD': np.float64(27.079)}, '2-181_184_6': {'VS': 0.652, 'HS': np.float64(1.019), 'MMD': np.float64(31.647)}, '3-181_184_196_6_4_4': {'VS': 0.301, 'HS': np.float64(1.534), 'MMD': np.float64(33.763)}, '4-181_184_196_999_6_4_4_0_0_0': {'VS': 0.288, 'HS': np.float64(1.461), 'MMD': np.float64(35.865)}}",356,0.144,103.846,0.282,0,0,0,0,0,0,0,0,0,0,0,0,0,0,0,0,0,0,0,0,0
4-181_184_224_999_6_3_3_0_0_0,4,350,1.003,35.396,"{'1-181_': {'VS': 0.6, 'HS': np.float64(2.021), 'MMD': np.float64(31.748)}, '2-181_184_6': {'VS': 0.334, 'HS': np.float64(1.081), 'MMD': np.float64(42.378)}, '3-181_184_224_6_3_3': {'VS': 0.033, 'HS': np.float64(1.0), 'MMD': np.float64(38.278)}, '4-181_184_224_999_6_3_3_0_0_0': {'VS': 0.0, 'HS': 0.0, 'MMD': 0.0}}","{'1-181_': {'VS': 0.985, 'HS': np.float64(1.443), 'MMD': np.float64(27.079)}, '2-181_184_6': {'VS': 0.652, 'HS': np.float64(1.019), 'MMD': np.float64(31.647)}, '3-181_184_224_6_3_3': {'VS': 0.285, 'HS': np.float64(1.003), 'MMD': np.float64(33.126)}, '4-181_184_224_999_6_3_3_0_0_0': {'VS': 0.284, 'HS': np.float64(1.003), 'MMD': np.float64(35.396)}}",350,0.252,54.499,0.318,0,0,0,0,0,0,0,0,0,0,0,0,0,0,0,0,0,0,0,0,0
5-181_184_224_202_999_6_4_4_4_4_0_0_0_0_0,5,258,2.395,36.787,"{'1-181_': {'VS': 0.6, 'HS': np.float64(2.021), 'MMD': np.float64(31.748)}, '2-181_184_6': {'VS': 0.334, 'HS': np.float64(1.081), 'MMD': np.float64(42.378)}, '3-181_184_224_6_4_4': {'VS': 0.066, 'HS': np.float64(4.051), 'MMD': np.float64(39.472)}, '4-181_184_224_202_6_4_4_4_4_0': {'VS': 0.041, 'HS': np.float64(4.612), 'MMD': np.float64(42.36)}, '5-181_184_224_202_999_6_4_4_4_4_0_0_0_0_0': {'VS': 0.0, 'HS': 0.0, 'MMD': 0.0}}","{'1-181_': {'VS': 0.985, 'HS': np.float64(1.443), 'MMD': np.float64(27.079)}, '2-181_184_6': {'VS': 0.652, 'HS': np.float64(1.019), 'MMD': np.float64(31.647)}, '3-181_184_224_6_4_4': {'VS': 0.448, 'HS': np.float64(2.817), 'MMD': np.float64(34.228)}, '4-181_184_224_202_6_4_4_4_4_0': {'VS': 0.22, 'HS': np.float64(2.739), 'MMD': np.float64(34.695)}, '5-181_184_224_202_999_6_4_4_4_4_0_0_0_0_0': {'VS': 0.209, 'HS': np.float64(2.395), 'MMD': np.float64(36.787)}}",258,0.179,55.801,0.316,0,0,0,0,0,0,0,0,0,0,0,0,0,0,0,0,0,0,0,0,0
5-181_184_224_212_999_6_4_4_4_4_0_0_0_0_0,5,424,4.217,36.804,"{'1-181_': {'VS': 0.6, 'HS': np.float64(2.021), 'MMD': np.float64(31.748)}, '2-181_184_6': {'VS': 0.334, 'HS': np.float64(1.081), 'MMD': np.float64(42.378)}, '3-181_184_224_6_4_4': {'VS': 0.066, 'HS': np.float64(4.051), 'MMD': np.float64(39.472)}, '4-181_184_224_212_6_4_4_4_4_0': {'VS': 0.058, 'HS': np.float64(11.088), 'MMD': np.float64(40.868)}, '5-181_184_224_212_999_6_4_4_4_4_0_0_0_0_0': {'VS': 0.0, 'HS': 0.0, 'MMD': 0.0}}","{'1-181_': {'VS': 0.985, 'HS': np.float64(1.443), 'MMD': np.float64(27.079)}, '2-181_184_6': {'VS': 0.652, 'HS': np.float64(1.019), 'MMD': np.float64(31.647)}, '3-181_184_224_6_4_4': {'VS': 0.448, 'HS': np.float64(2.817), 'MMD': np.float64(34.228)}, '4-181_184_224_212_6_4_4_4_4_0': {'VS': 0.358, 'HS': np.float64(4.934), 'MMD': np.float64(34.753)}, '5-181_184_224_212_999_6_4_4_4_4_0_0_0_0_0': {'VS': 0.344, 'HS': np.float64(4.217), 'MMD': np.float64(36.804)}}",424,0.3,50.462,0.346,0,0,0,0,0,0,0,0,0,0,0,0,0,0,0,0,0,0,0,0,0
5-181_184_224_213_999_6_4_4_4_4_0_0_0_0_0,5,402,4.194,36.808,"{'1-181_': {'VS': 0.6, 'HS': np.float64(2.021), 'MMD': np.float64(31.748)}, '2-181_184_6': {'VS': 0.334, 'HS': np.float64(1.081), 'MMD': np.float64(42.378)}, '3-181_184_224_6_4_4': {'VS': 0.066, 'HS': np.float64(4.051), 'MMD': np.float64(39.472)}, '4-181_184_224_213_6_4_4_4_4_0': {'VS': 0.052, 'HS': np.float64(9.911), 'MMD': np.float64(42.122)}, '5-181_184_224_213_999_6_4_4_4_4_0_0_0_0_0': {'VS': 0.0, 'HS': 0.0, 'MMD': 0.0}}","{'1-181_': {'VS': 0.985, 'HS': np.float64(1.443), 'MMD': np.float64(27.079)}, '2-181_184_6': {'VS': 0.652, 'HS': np.float64(1.019), 'MMD': np.float64(31.647)}, '3-181_184_224_6_4_4': {'VS': 0.448, 'HS': np.float64(2.817), 'MMD': np.float64(34.228)}, '4-181_184_224_213_6_4_4_4_4_0': {'VS': 0.34, 'HS': np.float64(4.879), 'MMD': np.float64(34.729)}, '5-181_184_224_213_999_6_4_4_4_4_0_0_0_0_0': {'VS': 0.326, 'HS': np.float64(4.194), 'MMD': np.float64(36.808)}}",402,0.288,54.777,0.343,0,0,0,0,0,0,0,0,0,0,0,0,0,0,0,0,0,0,0,0,0
4-181_184_224_999_6_4_4_0_0_0,4,548,2.624,36.35,"{'1-181_': {'VS': 0.6, 'HS': np.float64(2.021), 'MMD': np.float64(31.748)}, '2-181_184_6': {'VS': 0.334, 'HS': np.float64(1.081), 'MMD': np.float64(42.378)}, '3-181_184_224_6_4_4': {'VS': 0.066, 'HS': np.float64(4.051), 'MMD': np.float64(39.472)}, '4-181_184_224_999_6_4_4_0_0_0': {'VS': 0.0, 'HS': 0.0, 'MMD': 0.0}}","{'1-181_': {'VS': 0.985, 'HS': np.float64(1.443), 'MMD': np.float64(27.079)}, '2-181_184_6': {'VS': 0.652, 'HS': np.float64(1.019), 'MMD': np.float64(31.647)}, '3-181_184_224_6_4_4': {'VS': 0.448, 'HS': np.float64(2.817), 'MMD': np.float64(34.228)}, '4-181_184_224_999_6_4_4_0_0_0': {'VS': 0.444, 'HS': np.float64(2.624), 'MMD': np.float64(36.35)}}",548,0.382,54.818,0.362,0,0,0,0,0,0,0,0,1,1,0,0,0,0,0,0,0,0,0,0,1
4-181_184_213_999_6_3_3_0_0_0,4,312,1.0,35.042,"{'1-181_': {'VS': 0.6, 'HS': np.float64(2.021), 'MMD': np.float64(31.748)}, '2-181_184_6': {'VS': 0.334, 'HS': np.float64(1.081), 'MMD': np.float64(42.378)}, '3-181_184_213_6_3_3': {'VS': 0.123, 'HS': np.float64(1.017), 'MMD': np.float64(46.182)}, '4-181_184_213_999_6_3_3_0_0_0': {'VS': 0.0, 'HS': 0.0, 'MMD': 0.0}}","{'1-181_': {'VS': 0.985, 'HS': np.float64(1.443), 'MMD': np.float64(27.079)}, '2-181_184_6': {'VS': 0.652, 'HS': np.float64(1.019), 'MMD': np.float64(31.647)}, '3-181_184_213_6_3_3': {'VS': 0.253, 'HS': np.float64(1.0), 'MMD': np.float64(32.923)}, '4-181_184_213_999_6_3_3_0_0_0': {'VS': 0.253, 'HS': np.float64(1.0), 'MMD': np.float64(35.042)}}",312,0.13,104.252,0.278,0,0,0,0,0,0,0,0,0,0,0,0,0,0,0,0,0,0,0,0,0
5-181_184_213_202_999_6_4_4_4_4_0_0_0_0_0,5,326,2.908,36.684,"{'1-181_': {'VS': 0.6, 'HS': np.float64(2.021), 'MMD': np.float64(31.748)}, '2-181_184_6': {'VS': 0.334, 'HS': np.float64(1.081), 'MMD': np.float64(42.378)}, '3-181_184_213_6_4_4': {'VS': 0.293, 'HS': np.float64(7.664), 'MMD': np.float64(46.218)}, '4-181_184_213_202_6_4_4_4_4_0': {'VS': 0.22, 'HS': np.float64(9.131), 'MMD': np.float64(47.482)}, '5-181_184_213_202_999_6_4_4_4_4_0_0_0_0_0': {'VS': 0.0, 'HS': 0.0, 'MMD': 0.0}}","{'1-181_': {'VS': 0.985, 'HS': np.float64(1.443), 'MMD': np.float64(27.079)}, '2-181_184_6': {'VS': 0.652, 'HS': np.float64(1.019), 'MMD': np.float64(31.647)}, '3-181_184_213_6_4_4': {'VS': 0.551, 'HS': np.float64(3.751), 'MMD': np.float64(33.802)}, '4-181_184_213_202_6_4_4_4_4_0': {'VS': 0.288, 'HS': np.float64(3.313), 'MMD': np.float64(34.637)}, '5-181_184_213_202_999_6_4_4_4_4_0_0_0_0_0': {'VS': 0.264, 'HS': np.float64(2.908), 'MMD': np.float64(36.684)}}",326,0.068,114.026,0.257,0,0,0,0,0,0,0,0,0,0,0,0,0,0,0,0,0,0,0,0,0
5-181_184_213_225_999_6_4_4_4_4_0_0_0_0_0,5,382,4.073,36.906,"{'1-181_': {'VS': 0.6, 'HS': np.float64(2.021), 'MMD': np.float64(31.748)}, '2-181_184_6': {'VS': 0.334, 'HS': np.float64(1.081), 'MMD': np.float64(42.378)}, '3-181_184_213_6_4_4': {'VS': 0.293, 'HS': np.float64(7.664), 'MMD': np.float64(46.218)}, '4-181_184_213_225_6_4_4_4_4_0': {'VS': 0.053, 'HS': np.float64(9.952), 'MMD': np.float64(41.138)}, '5-181_184_213_225_999_6_4_4_4_4_0_0_0_0_0': {'VS': 0.0, 'HS': 0.0, 'MMD': 0.0}}","{'1-181_': {'VS': 0.985, 'HS': np.float64(1.443), 'MMD': np.float64(27.079)}, '2-181_184_6': {'VS': 0.652, 'HS': np.float64(1.019), 'MMD': np.float64(31.647)}, '3-181_184_213_6_4_4': {'VS': 0.551, 'HS': np.float64(3.751), 'MMD': np.float64(33.802)}, '4-181_184_213_225_6_4_4_4_4_0': {'VS': 0.327, 'HS': np.float64(4.648), 'MMD': np.float64(34.829)}, '5-181_184_213_225_999_6_4_4_4_4_0_0_0_0_0': {'VS': 0.31, 'HS': np.float64(4.073), 'MMD': np.float64(36.906)}}",382,0.274,82.729,0.309,0,0,0,0,0,0,0,0,0,0,0,0,0,0,0,0,0,0,0,0,0
5-181_184_213_220_999_6_4_4_4_4_0_0_0_0_0,5,258,3.171,36.853,"{'1-181_': {'VS': 0.6, 'HS': np.float64(2.021), 'MMD': np.float64(31.748)}, '2-181_184_6': {'VS': 0.334, 'HS': np.float64(1.081), 'MMD': np.float64(42.378)}, '3-181_184_213_6_4_4': {'VS': 0.293, 'HS': np.float64(7.664), 'MMD': np.float64(46.218)}, '4-181_184_213_220_6_4_4_4_4_0': {'VS': 0.162, 'HS': np.float64(9.786), 'MMD': np.float64(47.562)}, '5-181_184_213_220_999_6_4_4_4_4_0_0_0_0_0': {'VS': 0.0, 'HS': 0.0, 'MMD': 0.0}}","{'1-181_': {'VS': 0.985, 'HS': np.float64(1.443), 'MMD': np.float64(27.079)}, '2-181_184_6': {'VS': 0.652, 'HS': np.float64(1.019), 'MMD': np.float64(31.647)}, '3-181_184_213_6_4_4': {'VS': 0.551, 'HS': np.float64(3.751), 'MMD': np.float64(33.802)}, '4-181_184_213_220_6_4_4_4_4_0': {'VS': 0.23, 'HS': np.float64(3.514), 'MMD': np.float64(34.796)}, '5-181_184_213_220_999_6_4_4_4_4_0_0_0_0_0': {'VS': 0.209, 'HS': np.float64(3.171), 'MMD': np.float64(36.853)}}",258,0.068,113.52,0.257,0,0,0,0,0,0,0,0,0,0,0,0,0,0,0,0,0,0,0,0,0
5-181_184_213_208_999_6_4_4_4_4_0_0_0_0_0,5,285,2.793,36.923,"{'1-181_': {'VS': 0.6, 'HS': np.float64(2.021), 'MMD': np.float64(31.748)}, '2-181_184_6': {'VS': 0.334, 'HS': np.float64(1.081), 'MMD': np.float64(42.378)}, '3-181_184_213_6_4_4': {'VS': 0.293, 'HS': np.float64(7.664), 'MMD': np.float64(46.218)}, '4-181_184_213_208_6_4_4_4_4_0': {'VS': 0.181, 'HS': np.float64(8.683), 'MMD': np.float64(47.991)}, '5-181_184_213_208_999_6_4_4_4_4_0_0_0_0_0': {'VS': 0.0, 'HS': 0.0, 'MMD': 0.0}}","{'1-181_': {'VS': 0.985, 'HS': np.float64(1.443), 'MMD': np.float64(27.079)}, '2-181_184_6': {'VS': 0.652, 'HS': np.float64(1.019), 'MMD': np.float64(31.647)}, '3-181_184_213_6_4_4': {'VS': 0.551, 'HS': np.float64(3.751), 'MMD': np.float64(33.802)}, '4-181_184_213_208_6_4_4_4_4_0': {'VS': 0.25, 'HS': np.float64(3.185), 'MMD': np.float64(34.815)}, '5-181_184_213_208_999_6_4_4_4_4_0_0_0_0_0': {'VS': 0.231, 'HS': np.float64(2.793), 'MMD': np.float64(36.923)}}",285,0.069,116.179,0.258,0,0,0,0,0,0,0,0,0,0,0,0,0,0,0,0,0,0,0,0,0
5-181_184_213_224_999_6_4_4_3_3_0_0_0_0_0,5,251,2.689,36.454,"{'1-181_': {'VS': 0.6, 'HS': np.float64(2.021), 'MMD': np.float64(31.748)}, '2-181_184_6': {'VS': 0.334, 'HS': np.float64(1.081), 'MMD': np.float64(42.378)}, '3-181_184_213_6_4_4': {'VS': 0.293, 'HS': np.float64(7.664), 'MMD': np.float64(46.218)}, '4-181_184_213_224_6_4_4_3_3_0': {'VS': 0.028, 'HS': np.float64(3.373), 'MMD': np.float64(41.194)}, '5-181_184_213_224_999_6_4_4_3_3_0_0_0_0_0': {'VS': 0.0, 'HS': 0.0, 'MMD': 0.0}}","{'1-181_': {'VS': 0.985, 'HS': np.float64(1.443), 'MMD': np.float64(27.079)}, '2-181_184_6': {'VS': 0.652, 'HS': np.float64(1.019), 'MMD': np.float64(31.647)}, '3-181_184_213_6_4_4': {'VS': 0.551, 'HS': np.float64(3.751), 'MMD': np.float64(33.802)}, '4-181_184_213_224_6_4_4_3_3_0': {'VS': 0.212, 'HS': np.float64(2.943), 'MMD': np.float64(34.36)}, '5-181_184_213_224_999_6_4_4_3_3_0_0_0_0_0': {'VS': 0.203, 'HS': np.float64(2.689), 'MMD': np.float64(36.454)}}",251,0.184,84.454,0.286,0,0,0,0,0,0,0,0,0,0,0,0,0,0,0,0,0,0,0,0,0
5-181_184_213_224_999_6_4_4_4_4_0_0_0_0_0,5,359,4.111,36.841,"{'1-181_': {'VS': 0.6, 'HS': np.float64(2.021), 'MMD': np.float64(31.748)}, '2-181_184_6': {'VS': 0.334, 'HS': np.float64(1.081), 'MMD': np.float64(42.378)}, '3-181_184_213_6_4_4': {'VS': 0.293, 'HS': np.float64(7.664), 'MMD': np.float64(46.218)}, '4-181_184_213_224_6_4_4_4_4_0': {'VS': 0.056, 'HS': np.float64(9.94), 'MMD': np.float64(41.403)}, '5-181_184_213_224_999_6_4_4_4_4_0_0_0_0_0': {'VS': 0.0, 'HS': 0.0, 'MMD': 0.0}}","{'1-181_': {'VS': 0.985, 'HS': np.float64(1.443), 'MMD': np.float64(27.079)}, '2-181_184_6': {'VS': 0.652, 'HS': np.float64(1.019), 'MMD': np.float64(31.647)}, '3-181_184_213_6_4_4': {'VS': 0.551, 'HS': np.float64(3.751), 'MMD': np.float64(33.802)}, '4-181_184_213_224_6_4_4_4_4_0': {'VS': 0.311, 'HS': np.float64(4.638), 'MMD': np.float64(34.802)}, '5-181_184_213_224_999_6_4_4_4_4_0_0_0_0_0': {'VS': 0.291, 'HS': np.float64(4.111), 'MMD': np.float64(36.841)}}",359,0.255,83.671,0.304,0,0,0,0,0,0,0,0,0,0,0,0,0,0,0,0,0,0,0,0,0
5-181_184_213_172_999_6_4_4_4_4_0_0_0_0_0,5,311,3.019,36.65,"{'1-181_': {'VS': 0.6, 'HS': np.float64(2.021), 'MMD': np.float64(31.748)}, '2-181_184_6': {'VS': 0.334, 'HS': np.float64(1.081), 'MMD': np.float64(42.378)}, '3-181_184_213_6_4_4': {'VS': 0.293, 'HS': np.float64(7.664), 'MMD': np.float64(46.218)}, '4-181_184_213_172_6_4_4_4_4_0': {'VS': 0.185, 'HS': np.float64(6.192), 'MMD': np.float64(47.555)}, '5-181_184_213_172_999_6_4_4_4_4_0_0_0_0_0': {'VS': 0.0, 'HS': 0.0, 'MMD': 0.0}}","{'1-181_': {'VS': 0.985, 'HS': np.float64(1.443), 'MMD': np.float64(27.079)}, '2-181_184_6': {'VS': 0.652, 'HS': np.float64(1.019), 'MMD': np.float64(31.647)}, '3-181_184_213_6_4_4': {'VS': 0.551, 'HS': np.float64(3.751), 'MMD': np.float64(33.802)}, '4-181_184_213_172_6_4_4_4_4_0': {'VS': 0.269, 'HS': np.float64(3.377), 'MMD': np.float64(34.623)}, '5-181_184_213_172_999_6_4_4_4_4_0_0_0_0_0': {'VS': 0.252, 'HS': np.float64(3.019), 'MMD': np.float64(36.65)}}",311,0.084,114.587,0.261,0,0,0,0,0,0,0,0,0,0,0,0,0,0,0,0,0,0,0,0,0
5-181_184_213_199_999_6_4_4_4_4_0_0_0_0_0,5,257,2.735,36.607,"{'1-181_': {'VS': 0.6, 'HS': np.float64(2.021), 'MMD': np.float64(31.748)}, '2-181_184_6': {'VS': 0.334, 'HS': np.float64(1.081), 'MMD': np.float64(42.378)}, '3-181_184_213_6_4_4': {'VS': 0.293, 'HS': np.float64(7.664), 'MMD': np.float64(46.218)}, '4-181_184_213_199_6_4_4_4_4_0': {'VS': 0.174, 'HS': np.float64(8.47), 'MMD': np.float64(47.303)}, '5-181_184_213_199_999_6_4_4_4_4_0_0_0_0_0': {'VS': 0.0, 'HS': 0.0, 'MMD': 0.0}}","{'1-181_': {'VS': 0.985, 'HS': np.float64(1.443), 'MMD': np.float64(27.079)}, '2-181_184_6': {'VS': 0.652, 'HS': np.float64(1.019), 'MMD': np.float64(31.647)}, '3-181_184_213_6_4_4': {'VS': 0.551, 'HS': np.float64(3.751), 'MMD': np.float64(33.802)}, '4-181_184_213_199_6_4_4_4_4_0': {'VS': 0.224, 'HS': np.float64(3.202), 'MMD': np.float64(34.556)}, '5-181_184_213_199_999_6_4_4_4_4_0_0_0_0_0': {'VS': 0.208, 'HS': np.float64(2.735), 'MMD': np.float64(36.607)}}",257,0.05,113.399,0.253,1,0,0,0,0,0,0,0,0,0,0,0,0,0,0,0,0,0,0,0,1
4-181_184_213_999_6_4_4_0_0_0,4,673,3.461,35.959,"{'1-181_': {'VS': 0.6, 'HS': np.float64(2.021), 'MMD': np.float64(31.748)}, '2-181_184_6': {'VS': 0.334, 'HS': np.float64(1.081), 'MMD': np.float64(42.378)}, '3-181_184_213_6_4_4': {'VS': 0.293, 'HS': np.float64(7.664), 'MMD': np.float64(46.218)}, '4-181_184_213_999_6_4_4_0_0_0': {'VS': 0.0, 'HS': 0.0, 'MMD': 0.0}}","{'1-181_': {'VS': 0.985, 'HS': np.float64(1.443), 'MMD': np.float64(27.079)}, '2-181_184_6': {'VS': 0.652, 'HS': np.float64(1.019), 'MMD': np.float64(31.647)}, '3-181_184_213_6_4_4': {'VS': 0.551, 'HS': np.float64(3.751), 'MMD': np.float64(33.802)}, '4-181_184_213_999_6_4_4_0_0_0': {'VS': 0.545, 'HS': np.float64(3.461), 'MMD': np.float64(35.959)}}",673,0.258,97.037,0.32,0,0,0,0,0,0,0,0,0,0,0,0,0,0,0,0,0,0,0,0,0
5-181_184_172_212_999_6_4_4_4_4_0_0_0_0_0,5,266,2.695,36.466,"{'1-181_': {'VS': 0.6, 'HS': np.float64(2.021), 'MMD': np.float64(31.748)}, '2-181_184_6': {'VS': 0.334, 'HS': np.float64(1.081), 'MMD': np.float64(42.378)}, '3-181_184_172_6_4_4': {'VS': 0.217, 'HS': np.float64(2.314), 'MMD': np.float64(46.803)}, '4-181_184_172_212_6_4_4_4_4_0': {'VS': 0.195, 'HS': np.float64(6.537), 'MMD': np.float64(47.216)}, '5-181_184_172_212_999_6_4_4_4_4_0_0_0_0_0': {'VS': 0.0, 'HS': 0.0, 'MMD': 0.0}}","{'1-181_': {'VS': 0.985, 'HS': np.float64(1.443), 'MMD': np.float64(27.079)}, '2-181_184_6': {'VS': 0.652, 'HS': np.float64(1.019), 'MMD': np.float64(31.647)}, '3-181_184_172_6_4_4': {'VS': 0.374, 'HS': np.float64(1.584), 'MMD': np.float64(33.64)}, '4-181_184_172_212_6_4_4_4_4_0': {'VS': 0.24, 'HS': np.float64(3.003), 'MMD': np.float64(34.443)}, '5-181_184_172_212_999_6_4_4_4_4_0_0_0_0_0': {'VS': 0.216, 'HS': np.float64(2.695), 'MMD': np.float64(36.466)}}",266,0.045,118.342,0.226,0,0,0,0,0,0,0,0,0,0,0,0,0,0,0,0,0,0,0,0,0
5-181_184_172_213_999_6_4_4_4_4_0_0_0_0_0,5,265,2.517,36.46,"{'1-181_': {'VS': 0.6, 'HS': np.float64(2.021), 'MMD': np.float64(31.748)}, '2-181_184_6': {'VS': 0.334, 'HS': np.float64(1.081), 'MMD': np.float64(42.378)}, '3-181_184_172_6_4_4': {'VS': 0.217, 'HS': np.float64(2.314), 'MMD': np.float64(46.803)}, '4-181_184_172_213_6_4_4_4_4_0': {'VS': 0.186, 'HS': np.float64(6.17), 'MMD': np.float64(47.298)}, '5-181_184_172_213_999_6_4_4_4_4_0_0_0_0_0': {'VS': 0.0, 'HS': 0.0, 'MMD': 0.0}}","{'1-181_': {'VS': 0.985, 'HS': np.float64(1.443), 'MMD': np.float64(27.079)}, '2-181_184_6': {'VS': 0.652, 'HS': np.float64(1.019), 'MMD': np.float64(31.647)}, '3-181_184_172_6_4_4': {'VS': 0.374, 'HS': np.float64(1.584), 'MMD': np.float64(33.64)}, '4-181_184_172_213_6_4_4_4_4_0': {'VS': 0.241, 'HS': np.float64(2.772), 'MMD': np.float64(34.433)}, '5-181_184_172_213_999_6_4_4_4_4_0_0_0_0_0': {'VS': 0.215, 'HS': np.float64(2.517), 'MMD': np.float64(36.46)}}",265,0.055,118.932,0.229,0,0,0,0,0,0,0,0,0,0,0,0,0,0,0,0,0,0,0,0,0
4-181_184_172_999_6_4_4_0_0_0,4,442,1.511,35.661,"{'1-181_': {'VS': 0.6, 'HS': np.float64(2.021), 'MMD': np.float64(31.748)}, '2-181_184_6': {'VS': 0.334, 'HS': np.float64(1.081), 'MMD': np.float64(42.378)}, '3-181_184_172_6_4_4': {'VS': 0.217, 'HS': np.float64(2.314), 'MMD': np.float64(46.803)}, '4-181_184_172_999_6_4_4_0_0_0': {'VS': 0.0, 'HS': 0.0, 'MMD': 0.0}}","{'1-181_': {'VS': 0.985, 'HS': np.float64(1.443), 'MMD': np.float64(27.079)}, '2-181_184_6': {'VS': 0.652, 'HS': np.float64(1.019), 'MMD': np.float64(31.647)}, '3-181_184_172_6_4_4': {'VS': 0.374, 'HS': np.float64(1.584), 'MMD': np.float64(33.64)}, '4-181_184_172_999_6_4_4_0_0_0': {'VS': 0.358, 'HS': np.float64(1.511), 'MMD': np.float64(35.661)}}",442,0.157,103.406,0.287,0,0,0,0,0,0,0,0,0,0,0,0,0,0,0,0,0,0,0,0,0
5-181_184_199_212_999_6_4_4_4_4_0_0_0_0_0,5,304,2.776,36.655,"{'1-181_': {'VS': 0.6, 'HS': np.float64(2.021), 'MMD': np.float64(31.748)}, '2-181_184_6': {'VS': 0.334, 'HS': np.float64(1.081), 'MMD': np.float64(42.378)}, '3-181_184_199_6_4_4': {'VS': 0.205, 'HS': np.float64(3.103), 'MMD': np.float64(46.436)}, '4-181_184_199_212_6_4_4_4_4_0': {'VS': 0.184, 'HS': np.float64(8.445), 'MMD': np.float64(47.144)}, '5-181_184_199_212_999_6_4_4_4_4_0_0_0_0_0': {'VS': 0.0, 'HS': 0.0, 'MMD': 0.0}}","{'1-181_': {'VS': 0.985, 'HS': np.float64(1.443), 'MMD': np.float64(27.079)}, '2-181_184_6': {'VS': 0.652, 'HS': np.float64(1.019), 'MMD': np.float64(31.647)}, '3-181_184_199_6_4_4': {'VS': 0.362, 'HS': np.float64(1.817), 'MMD': np.float64(33.946)}, '4-181_184_199_212_6_4_4_4_4_0': {'VS': 0.263, 'HS': np.float64(3.329), 'MMD': np.float64(34.649)}, '5-181_184_199_212_999_6_4_4_4_4_0_0_0_0_0': {'VS': 0.246, 'HS': np.float64(2.776), 'MMD': np.float64(36.655)}}",304,0.079,112.27,0.235,0,0,0,0,0,0,0,0,0,0,0,0,0,0,0,0,0,0,0,0,0
5-181_184_199_213_999_6_4_4_4_4_0_0_0_0_0,5,284,2.725,36.88,"{'1-181_': {'VS': 0.6, 'HS': np.float64(2.021), 'MMD': np.float64(31.748)}, '2-181_184_6': {'VS': 0.334, 'HS': np.float64(1.081), 'MMD': np.float64(42.378)}, '3-181_184_199_6_4_4': {'VS': 0.205, 'HS': np.float64(3.103), 'MMD': np.float64(46.436)}, '4-181_184_199_213_6_4_4_4_4_0': {'VS': 0.178, 'HS': np.float64(8.086), 'MMD': np.float64(47.292)}, '5-181_184_199_213_999_6_4_4_4_4_0_0_0_0_0': {'VS': 0.0, 'HS': 0.0, 'MMD': 0.0}}","{'1-181_': {'VS': 0.985, 'HS': np.float64(1.443), 'MMD': np.float64(27.079)}, '2-181_184_6': {'VS': 0.652, 'HS': np.float64(1.019), 'MMD': np.float64(31.647)}, '3-181_184_199_6_4_4': {'VS': 0.362, 'HS': np.float64(1.817), 'MMD': np.float64(33.946)}, '4-181_184_199_213_6_4_4_4_4_0': {'VS': 0.249, 'HS': np.float64(3.205), 'MMD': np.float64(34.827)}, '5-181_184_199_213_999_6_4_4_4_4_0_0_0_0_0': {'VS': 0.23, 'HS': np.float64(2.725), 'MMD': np.float64(36.88)}}",284,0.071,112.083,0.233,0,0,0,0,0,0,0,0,0,0,0,0,0,0,0,0,0,0,0,0,0
4-181_184_199_999_6_4_4_0_0_0,4,435,1.685,36.062,"{'1-181_': {'VS': 0.6, 'HS': np.float64(2.021), 'MMD': np.float64(31.748)}, '2-181_184_6': {'VS': 0.334, 'HS': np.float64(1.081), 'MMD': np.float64(42.378)}, '3-181_184_199_6_4_4': {'VS': 0.205, 'HS': np.float64(3.103), 'MMD': np.float64(46.436)}, '4-181_184_199_999_6_4_4_0_0_0': {'VS': 0.0, 'HS': 0.0, 'MMD': 0.0}}","{'1-181_': {'VS': 0.985, 'HS': np.float64(1.443), 'MMD': np.float64(27.079)}, '2-181_184_6': {'VS': 0.652, 'HS': np.float64(1.019), 'MMD': np.float64(31.647)}, '3-181_184_199_6_4_4': {'VS': 0.362, 'HS': np.float64(1.817), 'MMD': np.float64(33.946)}, '4-181_184_199_999_6_4_4_0_0_0': {'VS': 0.353, 'HS': np.float64(1.685), 'MMD': np.float64(36.062)}}",435,0.157,97.651,0.287,0,0,0,0,0,0,0,0,0,0,0,0,0,0,0,0,0,0,0,0,0
4-181_184_221_999_6_4_4_0_0_0,4,316,1.972,35.984,"{'1-181_': {'VS': 0.6, 'HS': np.float64(2.021), 'MMD': np.float64(31.748)}, '2-181_184_6': {'VS': 0.334, 'HS': np.float64(1.081), 'MMD': np.float64(42.378)}, '3-181_184_221_6_4_4': {'VS': 0.162, 'HS': np.float64(3.822), 'MMD': np.float64(45.796)}, '4-181_184_221_999_6_4_4_0_0_0': {'VS': 0.0, 'HS': 0.0, 'MMD': 0.0}}","{'1-181_': {'VS': 0.985, 'HS': np.float64(1.443), 'MMD': np.float64(27.079)}, '2-181_184_6': {'VS': 0.652, 'HS': np.float64(1.019), 'MMD': np.float64(31.647)}, '3-181_184_221_6_4_4': {'VS': 0.263, 'HS': np.float64(2.108), 'MMD': np.float64(33.926)}, '4-181_184_221_999_6_4_4_0_0_0': {'VS': 0.256, 'HS': np.float64(1.972), 'MMD': np.float64(35.984)}}",316,0.101,92.617,0.268,0,0,0,0,0,0,0,0,0,0,0,0,0,0,0,0,0,0,0,0,0
4-181_184_169_999_6_4_4_0_0_0,4,320,1.488,35.772,"{'1-181_': {'VS': 0.6, 'HS': np.float64(2.021), 'MMD': np.float64(31.748)}, '2-181_184_6': {'VS': 0.334, 'HS': np.float64(1.081), 'MMD': np.float64(42.378)}, '3-181_184_169_6_4_4': {'VS': 0.146, 'HS': np.float64(2.35), 'MMD': np.float64(46.632)}, '4-181_184_169_999_6_4_4_0_0_0': {'VS': 0.0, 'HS': 0.0, 'MMD': 0.0}}","{'1-181_': {'VS': 0.985, 'HS': np.float64(1.443), 'MMD': np.float64(27.079)}, '2-181_184_6': {'VS': 0.652, 'HS': np.float64(1.019), 'MMD': np.float64(31.647)}, '3-181_184_169_6_4_4': {'VS': 0.267, 'HS': np.float64(1.558), 'MMD': np.float64(33.7)}, '4-181_184_169_999_6_4_4_0_0_0': {'VS': 0.259, 'HS': np.float64(1.488), 'MMD': np.float64(35.772)}}",320,0.121,101.397,0.275,0,0,0,0,0,0,0,0,0,0,0,0,0,0,0,0,0,0,0,0,0
3-181_184_999_6_0_0,3,800,1.016,34.118,"{'1-181_': {'VS': 0.6, 'HS': np.float64(2.021), 'MMD': np.float64(31.748)}, '2-181_184_6': {'VS': 0.334, 'HS': np.float64(1.081), 'MMD': np.float64(42.378)}, '3-181_184_999_6_0_0': {'VS': 0.0, 'HS': 0.0, 'MMD': 0.0}}","{'1-181_': {'VS': 0.985, 'HS': np.float64(1.443), 'MMD': np.float64(27.079)}, '2-181_184_6': {'VS': 0.652, 'HS': np.float64(1.019), 'MMD': np.float64(31.647)}, '3-181_184_999_6_0_0': {'VS': 0.648, 'HS': np.float64(1.016), 'MMD': np.float64(34.118)}}",800,0.318,68.477,0.352,0,0,0,0,1,0,0,0,0,0,0,0,0,0,0,0,0,0,0,0,1
4-181_184_157_999_6_4_4_0_0_0,4,347,1.499,35.761,"{'1-181_': {'VS': 0.6, 'HS': np.float64(2.021), 'MMD': np.float64(31.748)}, '2-181_184_6': {'VS': 0.334, 'HS': np.float64(1.081), 'MMD': np.float64(42.378)}, '3-181_184_157_6_4_4': {'VS': 0.163, 'HS': np.float64(2.596), 'MMD': np.float64(46.486)}, '4-181_184_157_999_6_4_4_0_0_0': {'VS': 0.0, 'HS': 0.0, 'MMD': 0.0}}","{'1-181_': {'VS': 0.985, 'HS': np.float64(1.443), 'MMD': np.float64(27.079)}, '2-181_184_6': {'VS': 0.652, 'HS': np.float64(1.019), 'MMD': np.float64(31.647)}, '3-181_184_157_6_4_4': {'VS': 0.293, 'HS': np.float64(1.571), 'MMD': np.float64(33.731)}, '4-181_184_157_999_6_4_4_0_0_0': {'VS': 0.281, 'HS': np.float64(1.499), 'MMD': np.float64(35.761)}}",347,0.13,99.881,0.278,0,0,0,0,0,0,0,0,0,0,0,0,0,0,0,0,0,0,0,0,0
4-181_184_178_999_6_4_4_0_0_0,4,278,1.223,35.77,"{'1-181_': {'VS': 0.6, 'HS': np.float64(2.021), 'MMD': np.float64(31.748)}, '2-181_184_6': {'VS': 0.334, 'HS': np.float64(1.081), 'MMD': np.float64(42.378)}, '3-181_184_178_6_4_4': {'VS': 0.106, 'HS': np.float64(1.53), 'MMD': np.float64(46.952)}, '4-181_184_178_999_6_4_4_0_0_0': {'VS': 0.0, 'HS': 0.0, 'MMD': 0.0}}","{'1-181_': {'VS': 0.985, 'HS': np.float64(1.443), 'MMD': np.float64(27.079)}, '2-181_184_6': {'VS': 0.652, 'HS': np.float64(1.019), 'MMD': np.float64(31.647)}, '3-181_184_178_6_4_4': {'VS': 0.233, 'HS': np.float64(1.243), 'MMD': np.float64(33.708)}, '4-181_184_178_999_6_4_4_0_0_0': {'VS': 0.225, 'HS': np.float64(1.223), 'MMD': np.float64(35.77)}}",278,0.127,104.119,0.277,0,0,0,0,0,0,0,0,0,0,0,0,0,0,0,0,0,0,0,0,0
4-181_184_136_999_6_4_4_0_0_0,4,258,1.388,34.911,"{'1-181_': {'VS': 0.6, 'HS': np.float64(2.021), 'MMD': np.float64(31.748)}, '2-181_184_6': {'VS': 0.334, 'HS': np.float64(1.081), 'MMD': np.float64(42.378)}, '3-181_184_136_6_4_4': {'VS': 0.033, 'HS': np.float64(1.831), 'MMD': np.float64(38.987)}, '4-181_184_136_999_6_4_4_0_0_0': {'VS': 0.0, 'HS': 0.0, 'MMD': 0.0}}","{'1-181_': {'VS': 0.985, 'HS': np.float64(1.443), 'MMD': np.float64(27.079)}, '2-181_184_6': {'VS': 0.652, 'HS': np.float64(1.019), 'MMD': np.float64(31.647)}, '3-181_184_136_6_4_4': {'VS': 0.228, 'HS': np.float64(1.388), 'MMD': np.float64(33.018)}, '4-181_184_136_999_6_4_4_0_0_0': {'VS': 0.209, 'HS': np.float64(1.388), 'MMD': np.float64(34.911)}}",258,0.195,57.528,0.299,1,1,0,0,0,0,0,0,0,0,0,0,0,0,0,0,0,0,0,0,1
3-181_214_999_3_0_0,3,478,1.073,31.309,"{'1-181_': {'VS': 0.6, 'HS': np.float64(2.021), 'MMD': np.float64(31.748)}, '2-181_214_3': {'VS': 0.234, 'HS': np.float64(1.213), 'MMD': np.float64(33.189)}, '3-181_214_999_3_0_0': {'VS': 0.0, 'HS': 0.0, 'MMD': 0.0}}","{'1-181_': {'VS': 0.985, 'HS': np.float64(1.443), 'MMD': np.float64(27.079)}, '2-181_214_3': {'VS': 0.391, 'HS': np.float64(1.087), 'MMD': np.float64(27.542)}, '3-181_214_999_3_0_0': {'VS': 0.387, 'HS': np.float64(1.073), 'MMD': np.float64(31.309)}}",478,0.157,26.844,0.271,0,0,0,0,0,0,0,0,0,0,0,0,0,0,0,0,0,0,0,0,0
3-181_214_999_4_0_0,3,398,2.178,33.031,"{'1-181_': {'VS': 0.6, 'HS': np.float64(2.021), 'MMD': np.float64(31.748)}, '2-181_214_4': {'VS': 0.232, 'HS': np.float64(4.175), 'MMD': np.float64(36.797)}, '3-181_214_999_4_0_0': {'VS': 0.0, 'HS': 0.0, 'MMD': 0.0}}","{'1-181_': {'VS': 0.985, 'HS': np.float64(1.443), 'MMD': np.float64(27.079)}, '2-181_214_4': {'VS': 0.334, 'HS': np.float64(2.299), 'MMD': np.float64(29.447)}, '3-181_214_999_4_0_0': {'VS': 0.323, 'HS': np.float64(2.178), 'MMD': np.float64(33.031)}}",398,0.102,37.911,0.243,0,0,0,0,0,0,0,0,0,0,0,0,0,0,0,0,0,0,0,0,0
5-181_214_226_212_999_6_6_6_4_4_4_0_0_0_0,5,273,3.579,35.568,"{'1-181_': {'VS': 0.6, 'HS': np.float64(2.021), 'MMD': np.float64(31.748)}, '2-181_214_6': {'VS': 0.257, 'HS': np.float64(1.324), 'MMD': np.float64(30.825)}, '3-181_214_226_6_6_6': {'VS': 0.124, 'HS': np.float64(1.044), 'MMD': np.float64(43.23)}, '4-181_214_226_212_6_6_6_4_4_4': {'VS': 0.115, 'HS': np.float64(8.062), 'MMD': np.float64(46.203)}, '5-181_214_226_212_999_6_6_6_4_4_4_0_0_0_0': {'VS': 0.0, 'HS': 0.0, 'MMD': 0.0}}","{'1-181_': {'VS': 0.985, 'HS': np.float64(1.443), 'MMD': np.float64(27.079)}, '2-181_214_6': {'VS': 0.437, 'HS': np.float64(1.089), 'MMD': np.float64(26.077)}, '3-181_214_226_6_6_6': {'VS': 0.257, 'HS': np.float64(1.0), 'MMD': np.float64(31.076)}, '4-181_214_226_212_6_6_6_4_4_4': {'VS': 0.223, 'HS': np.float64(3.931), 'MMD': np.float64(33.502)}, '5-181_214_226_212_999_6_6_6_4_4_4_0_0_0_0': {'VS': 0.221, 'HS': np.float64(3.579), 'MMD': np.float64(35.568)}}",273,0.108,88.345,0.201,0,0,0,0,0,0,0,0,0,0,0,0,0,0,0,0,0,0,0,0,0
5-181_214_226_213_999_6_6_6_4_4_4_0_0_0_0,5,263,3.46,35.479,"{'1-181_': {'VS': 0.6, 'HS': np.float64(2.021), 'MMD': np.float64(31.748)}, '2-181_214_6': {'VS': 0.257, 'HS': np.float64(1.324), 'MMD': np.float64(30.825)}, '3-181_214_226_6_6_6': {'VS': 0.124, 'HS': np.float64(1.044), 'MMD': np.float64(43.23)}, '4-181_214_226_213_6_6_6_4_4_4': {'VS': 0.11, 'HS': np.float64(7.727), 'MMD': np.float64(46.813)}, '5-181_214_226_213_999_6_6_6_4_4_4_0_0_0_0': {'VS': 0.0, 'HS': 0.0, 'MMD': 0.0}}","{'1-181_': {'VS': 0.985, 'HS': np.float64(1.443), 'MMD': np.float64(27.079)}, '2-181_214_6': {'VS': 0.437, 'HS': np.float64(1.089), 'MMD': np.float64(26.077)}, '3-181_214_226_6_6_6': {'VS': 0.257, 'HS': np.float64(1.0), 'MMD': np.float64(31.076)}, '4-181_214_226_213_6_6_6_4_4_4': {'VS': 0.215, 'HS': np.float64(3.74), 'MMD': np.float64(33.411)}, '5-181_214_226_213_999_6_6_6_4_4_4_0_0_0_0': {'VS': 0.213, 'HS': np.float64(3.46), 'MMD': np.float64(35.479)}}",263,0.105,92.919,0.201,0,0,0,0,0,0,0,0,0,0,0,0,0,0,0,0,0,0,0,0,0
4-181_214_226_999_6_6_6_0_0_0,4,317,1.0,33.186,"{'1-181_': {'VS': 0.6, 'HS': np.float64(2.021), 'MMD': np.float64(31.748)}, '2-181_214_6': {'VS': 0.257, 'HS': np.float64(1.324), 'MMD': np.float64(30.825)}, '3-181_214_226_6_6_6': {'VS': 0.124, 'HS': np.float64(1.044), 'MMD': np.float64(43.23)}, '4-181_214_226_999_6_6_6_0_0_0': {'VS': 0.0, 'HS': 0.0, 'MMD': 0.0}}","{'1-181_': {'VS': 0.985, 'HS': np.float64(1.443), 'MMD': np.float64(27.079)}, '2-181_214_6': {'VS': 0.437, 'HS': np.float64(1.089), 'MMD': np.float64(26.077)}, '3-181_214_226_6_6_6': {'VS': 0.257, 'HS': np.float64(1.0), 'MMD': np.float64(31.076)}, '4-181_214_226_999_6_6_6_0_0_0': {'VS': 0.257, 'HS': np.float64(1.0), 'MMD': np.float64(33.186)}}",317,0.133,64.021,0.233,0,0,0,0,0,0,0,0,0,0,0,0,0,0,0,0,0,0,0,0,0
4-181_214_202_999_6_4_4_0_0_0,4,309,1.748,34.563,"{'1-181_': {'VS': 0.6, 'HS': np.float64(2.021), 'MMD': np.float64(31.748)}, '2-181_214_6': {'VS': 0.257, 'HS': np.float64(1.324), 'MMD': np.float64(30.825)}, '3-181_214_202_6_4_4': {'VS': 0.15, 'HS': np.float64(3.345), 'MMD': np.float64(44.013)}, '4-181_214_202_999_6_4_4_0_0_0': {'VS': 0.0, 'HS': 0.0, 'MMD': 0.0}}","{'1-181_': {'VS': 0.985, 'HS': np.float64(1.443), 'MMD': np.float64(27.079)}, '2-181_214_6': {'VS': 0.437, 'HS': np.float64(1.089), 'MMD': np.float64(26.077)}, '3-181_214_202_6_4_4': {'VS': 0.257, 'HS': np.float64(1.899), 'MMD': np.float64(32.131)}, '4-181_214_202_999_6_4_4_0_0_0': {'VS': 0.25, 'HS': np.float64(1.748), 'MMD': np.float64(34.563)}}",309,0.107,61.842,0.224,0,0,0,0,0,0,0,0,0,0,0,0,0,0,0,0,0,0,0,0,0
4-181_214_225_999_6_4_4_0_0_0,4,273,2.385,34.769,"{'1-181_': {'VS': 0.6, 'HS': np.float64(2.021), 'MMD': np.float64(31.748)}, '2-181_214_6': {'VS': 0.257, 'HS': np.float64(1.324), 'MMD': np.float64(30.825)}, '3-181_214_225_6_4_4': {'VS': 0.039, 'HS': np.float64(3.645), 'MMD': np.float64(37.035)}, '4-181_214_225_999_6_4_4_0_0_0': {'VS': 0.0, 'HS': 0.0, 'MMD': 0.0}}","{'1-181_': {'VS': 0.985, 'HS': np.float64(1.443), 'MMD': np.float64(27.079)}, '2-181_214_6': {'VS': 0.437, 'HS': np.float64(1.089), 'MMD': np.float64(26.077)}, '3-181_214_225_6_4_4': {'VS': 0.226, 'HS': np.float64(2.602), 'MMD': np.float64(32.513)}, '4-181_214_225_999_6_4_4_0_0_0': {'VS': 0.221, 'HS': np.float64(2.385), 'MMD': np.float64(34.769)}}",273,0.187,21.597,0.251,0,0,0,0,0,0,0,0,0,0,0,0,0,0,0,0,0,0,0,0,0
4-181_214_212_999_6_4_4_0_0_0,4,408,3.436,33.817,"{'1-181_': {'VS': 0.6, 'HS': np.float64(2.021), 'MMD': np.float64(31.748)}, '2-181_214_6': {'VS': 0.257, 'HS': np.float64(1.324), 'MMD': np.float64(30.825)}, '3-181_214_212_6_4_4': {'VS': 0.184, 'HS': np.float64(7.544), 'MMD': np.float64(42.487)}, '4-181_214_212_999_6_4_4_0_0_0': {'VS': 0.0, 'HS': 0.0, 'MMD': 0.0}}","{'1-181_': {'VS': 0.985, 'HS': np.float64(1.443), 'MMD': np.float64(27.079)}, '2-181_214_6': {'VS': 0.437, 'HS': np.float64(1.089), 'MMD': np.float64(26.077)}, '3-181_214_212_6_4_4': {'VS': 0.334, 'HS': np.float64(3.762), 'MMD': np.float64(31.373)}, '4-181_214_212_999_6_4_4_0_0_0': {'VS': 0.331, 'HS': np.float64(3.436), 'MMD': np.float64(33.817)}}",408,0.15,55.955,0.238,0,0,0,0,0,0,0,0,0,0,0,0,0,0,0,0,0,0,0,0,0
4-181_214_208_999_6_4_4_0_0_0,4,258,1.663,34.626,"{'1-181_': {'VS': 0.6, 'HS': np.float64(2.021), 'MMD': np.float64(31.748)}, '2-181_214_6': {'VS': 0.257, 'HS': np.float64(1.324), 'MMD': np.float64(30.825)}, '3-181_214_208_6_4_4': {'VS': 0.121, 'HS': np.float64(2.927), 'MMD': np.float64(44.326)}, '4-181_214_208_999_6_4_4_0_0_0': {'VS': 0.0, 'HS': 0.0, 'MMD': 0.0}}","{'1-181_': {'VS': 0.985, 'HS': np.float64(1.443), 'MMD': np.float64(27.079)}, '2-181_214_6': {'VS': 0.437, 'HS': np.float64(1.089), 'MMD': np.float64(26.077)}, '3-181_214_208_6_4_4': {'VS': 0.211, 'HS': np.float64(1.8), 'MMD': np.float64(32.219)}, '4-181_214_208_999_6_4_4_0_0_0': {'VS': 0.209, 'HS': np.float64(1.663), 'MMD': np.float64(34.626)}}",258,0.09,63.641,0.218,0,0,0,0,0,0,0,0,0,0,0,0,0,0,0,0,0,0,0,0,0
4-181_214_224_999_6_4_4_0_0_0,4,302,2.57,34.815,"{'1-181_': {'VS': 0.6, 'HS': np.float64(2.021), 'MMD': np.float64(31.748)}, '2-181_214_6': {'VS': 0.257, 'HS': np.float64(1.324), 'MMD': np.float64(30.825)}, '3-181_214_224_6_4_4': {'VS': 0.047, 'HS': np.float64(3.627), 'MMD': np.float64(34.778)}, '4-181_214_224_999_6_4_4_0_0_0': {'VS': 0.0, 'HS': 0.0, 'MMD': 0.0}}","{'1-181_': {'VS': 0.985, 'HS': np.float64(1.443), 'MMD': np.float64(27.079)}, '2-181_214_6': {'VS': 0.437, 'HS': np.float64(1.089), 'MMD': np.float64(26.077)}, '3-181_214_224_6_4_4': {'VS': 0.249, 'HS': np.float64(2.736), 'MMD': np.float64(32.565)}, '4-181_214_224_999_6_4_4_0_0_0': {'VS': 0.245, 'HS': np.float64(2.57), 'MMD': np.float64(34.815)}}",302,0.202,16.413,0.256,0,0,0,0,0,0,0,0,0,0,0,0,0,0,0,0,0,0,0,0,0
4-181_214_213_999_6_4_4_0_0_0,4,389,3.344,34.039,"{'1-181_': {'VS': 0.6, 'HS': np.float64(2.021), 'MMD': np.float64(31.748)}, '2-181_214_6': {'VS': 0.257, 'HS': np.float64(1.324), 'MMD': np.float64(30.825)}, '3-181_214_213_6_4_4': {'VS': 0.174, 'HS': np.float64(7.136), 'MMD': np.float64(43.616)}, '4-181_214_213_999_6_4_4_0_0_0': {'VS': 0.0, 'HS': 0.0, 'MMD': 0.0}}","{'1-181_': {'VS': 0.985, 'HS': np.float64(1.443), 'MMD': np.float64(27.079)}, '2-181_214_6': {'VS': 0.437, 'HS': np.float64(1.089), 'MMD': np.float64(26.077)}, '3-181_214_213_6_4_4': {'VS': 0.318, 'HS': np.float64(3.603), 'MMD': np.float64(31.542)}, '4-181_214_213_999_6_4_4_0_0_0': {'VS': 0.315, 'HS': np.float64(3.344), 'MMD': np.float64(34.039)}}",389,0.144,63.375,0.236,0,0,0,0,0,0,0,0,0,0,0,0,0,0,0,0,0,0,0,0,0
4-181_214_172_999_6_4_4_0_0_0,4,260,1.458,34.015,"{'1-181_': {'VS': 0.6, 'HS': np.float64(2.021), 'MMD': np.float64(31.748)}, '2-181_214_6': {'VS': 0.257, 'HS': np.float64(1.324), 'MMD': np.float64(30.825)}, '3-181_214_172_6_4_4': {'VS': 0.122, 'HS': np.float64(2.277), 'MMD': np.float64(45.07)}, '4-181_214_172_999_6_4_4_0_0_0': {'VS': 0.0, 'HS': 0.0, 'MMD': 0.0}}","{'1-181_': {'VS': 0.985, 'HS': np.float64(1.443), 'MMD': np.float64(27.079)}, '2-181_214_6': {'VS': 0.437, 'HS': np.float64(1.089), 'MMD': np.float64(26.077)}, '3-181_214_172_6_4_4': {'VS': 0.219, 'HS': np.float64(1.519), 'MMD': np.float64(31.896)}, '4-181_214_172_999_6_4_4_0_0_0': {'VS': 0.211, 'HS': np.float64(1.458), 'MMD': np.float64(34.015)}}",260,0.097,72.632,0.221,0,0,0,0,0,0,0,0,0,0,0,0,0,0,0,0,0,0,0,0,0
4-181_214_199_999_6_4_4_0_0_0,4,254,1.693,35.295,"{'1-181_': {'VS': 0.6, 'HS': np.float64(2.021), 'MMD': np.float64(31.748)}, '2-181_214_6': {'VS': 0.257, 'HS': np.float64(1.324), 'MMD': np.float64(30.825)}, '3-181_214_199_6_4_4': {'VS': 0.127, 'HS': np.float64(2.93), 'MMD': np.float64(44.176)}, '4-181_214_199_999_6_4_4_0_0_0': {'VS': 0.0, 'HS': 0.0, 'MMD': 0.0}}","{'1-181_': {'VS': 0.985, 'HS': np.float64(1.443), 'MMD': np.float64(27.079)}, '2-181_214_6': {'VS': 0.437, 'HS': np.float64(1.089), 'MMD': np.float64(26.077)}, '3-181_214_199_6_4_4': {'VS': 0.212, 'HS': np.float64(1.82), 'MMD': np.float64(33.054)}, '4-181_214_199_999_6_4_4_0_0_0': {'VS': 0.206, 'HS': np.float64(1.693), 'MMD': np.float64(35.295)}}",254,0.085,56.014,0.217,0,0,0,0,0,0,0,0,0,0,0,0,0,0,0,0,0,0,0,0,0
3-181_214_999_6_0_0,3,535,1.073,29.583,"{'1-181_': {'VS': 0.6, 'HS': np.float64(2.021), 'MMD': np.float64(31.748)}, '2-181_214_6': {'VS': 0.257, 'HS': np.float64(1.324), 'MMD': np.float64(30.825)}, '3-181_214_999_6_0_0': {'VS': 0.0, 'HS': 0.0, 'MMD': 0.0}}","{'1-181_': {'VS': 0.985, 'HS': np.float64(1.443), 'MMD': np.float64(27.079)}, '2-181_214_6': {'VS': 0.437, 'HS': np.float64(1.089), 'MMD': np.float64(26.077)}, '3-181_214_999_6_0_0': {'VS': 0.434, 'HS': np.float64(1.073), 'MMD': np.float64(29.583)}}",535,0.18,22.172,0.282,1,1,0,0,0,0,0,0,0,0,0,0,0,0,0,0,0,0,0,0,1
4-181_226_193_999_6_4_4_0_0_0,4,272,1.643,36.353,"{'1-181_': {'VS': 0.6, 'HS': np.float64(2.021), 'MMD': np.float64(31.748)}, '2-181_226_6': {'VS': 0.264, 'HS': np.float64(1.051), 'MMD': np.float64(43.569)}, '3-181_226_193_6_4_4': {'VS': 0.142, 'HS': np.float64(3.036), 'MMD': np.float64(46.553)}, '4-181_226_193_999_6_4_4_0_0_0': {'VS': 0.0, 'HS': 0.0, 'MMD': 0.0}}","{'1-181_': {'VS': 0.985, 'HS': np.float64(1.443), 'MMD': np.float64(27.079)}, '2-181_226_6': {'VS': 0.508, 'HS': np.float64(1.003), 'MMD': np.float64(31.866)}, '3-181_226_193_6_4_4': {'VS': 0.231, 'HS': np.float64(1.709), 'MMD': np.float64(34.404)}, '4-181_226_193_999_6_4_4_0_0_0': {'VS': 0.22, 'HS': np.float64(1.643), 'MMD': np.float64(36.353)}}",272,0.089,102.119,0.239,0,0,0,0,0,0,0,0,0,0,0,0,0,0,0,0,0,0,0,0,0
5-181_226_202_212_999_6_4_4_4_4_0_0_0_0_0,5,281,2.744,36.715,"{'1-181_': {'VS': 0.6, 'HS': np.float64(2.021), 'MMD': np.float64(31.748)}, '2-181_226_6': {'VS': 0.264, 'HS': np.float64(1.051), 'MMD': np.float64(43.569)}, '3-181_226_202_6_4_4': {'VS': 0.206, 'HS': np.float64(3.412), 'MMD': np.float64(46.615)}, '4-181_226_202_212_6_4_4_4_4_0': {'VS': 0.186, 'HS': np.float64(9.317), 'MMD': np.float64(47.708)}, '5-181_226_202_212_999_6_4_4_4_4_0_0_0_0_0': {'VS': 0.0, 'HS': 0.0, 'MMD': 0.0}}","{'1-181_': {'VS': 0.985, 'HS': np.float64(1.443), 'MMD': np.float64(27.079)}, '2-181_226_6': {'VS': 0.508, 'HS': np.float64(1.003), 'MMD': np.float64(31.866)}, '3-181_226_202_6_4_4': {'VS': 0.345, 'HS': np.float64(1.939), 'MMD': np.float64(33.55)}, '4-181_226_202_212_6_4_4_4_4_0': {'VS': 0.246, 'HS': np.float64(3.194), 'MMD': np.float64(34.753)}, '5-181_226_202_212_999_6_4_4_4_4_0_0_0_0_0': {'VS': 0.228, 'HS': np.float64(2.744), 'MMD': np.float64(36.715)}}",281,0.06,124.322,0.207,0,0,0,0,0,0,0,0,0,0,0,0,1,0,0,0,0,0,0,0,1
5-181_226_202_213_999_6_4_4_4_4_0_0_0_0_0,5,255,2.808,36.98,"{'1-181_': {'VS': 0.6, 'HS': np.float64(2.021), 'MMD': np.float64(31.748)}, '2-181_226_6': {'VS': 0.264, 'HS': np.float64(1.051), 'MMD': np.float64(43.569)}, '3-181_226_202_6_4_4': {'VS': 0.206, 'HS': np.float64(3.412), 'MMD': np.float64(46.615)}, '4-181_226_202_213_6_4_4_4_4_0': {'VS': 0.174, 'HS': np.float64(9.058), 'MMD': np.float64(47.934)}, '5-181_226_202_213_999_6_4_4_4_4_0_0_0_0_0': {'VS': 0.0, 'HS': 0.0, 'MMD': 0.0}}","{'1-181_': {'VS': 0.985, 'HS': np.float64(1.443), 'MMD': np.float64(27.079)}, '2-181_226_6': {'VS': 0.508, 'HS': np.float64(1.003), 'MMD': np.float64(31.866)}, '3-181_226_202_6_4_4': {'VS': 0.345, 'HS': np.float64(1.939), 'MMD': np.float64(33.55)}, '4-181_226_202_213_6_4_4_4_4_0': {'VS': 0.229, 'HS': np.float64(3.22), 'MMD': np.float64(35.018)}, '5-181_226_202_213_999_6_4_4_4_4_0_0_0_0_0': {'VS': 0.207, 'HS': np.float64(2.808), 'MMD': np.float64(36.98)}}",255,0.055,124.069,0.206,1,0,0,0,0,0,0,0,0,0,0,0,0,0,0,0,0,0,0,0,1
4-181_226_202_999_6_4_4_0_0_0,4,423,1.79,35.616,"{'1-181_': {'VS': 0.6, 'HS': np.float64(2.021), 'MMD': np.float64(31.748)}, '2-181_226_6': {'VS': 0.264, 'HS': np.float64(1.051), 'MMD': np.float64(43.569)}, '3-181_226_202_6_4_4': {'VS': 0.206, 'HS': np.float64(3.412), 'MMD': np.float64(46.615)}, '4-181_226_202_999_6_4_4_0_0_0': {'VS': 0.0, 'HS': 0.0, 'MMD': 0.0}}","{'1-181_': {'VS': 0.985, 'HS': np.float64(1.443), 'MMD': np.float64(27.079)}, '2-181_226_6': {'VS': 0.508, 'HS': np.float64(1.003), 'MMD': np.float64(31.866)}, '3-181_226_202_6_4_4': {'VS': 0.345, 'HS': np.float64(1.939), 'MMD': np.float64(33.55)}, '4-181_226_202_999_6_4_4_0_0_0': {'VS': 0.343, 'HS': np.float64(1.79), 'MMD': np.float64(35.616)}}",423,0.139,109.818,0.256,0,0,0,0,0,0,0,0,0,0,0,0,0,0,0,0,0,0,0,0,0
5-181_226_225_212_999_6_4_4_4_4_0_0_0_0_0,5,304,4.095,36.839,"{'1-181_': {'VS': 0.6, 'HS': np.float64(2.021), 'MMD': np.float64(31.748)}, '2-181_226_6': {'VS': 0.264, 'HS': np.float64(1.051), 'MMD': np.float64(43.569)}, '3-181_226_225_6_4_4': {'VS': 0.046, 'HS': np.float64(3.833), 'MMD': np.float64(38.106)}, '4-181_226_225_212_6_4_4_4_4_0': {'VS': 0.04, 'HS': np.float64(10.777), 'MMD': np.float64(39.713)}, '5-181_226_225_212_999_6_4_4_4_4_0_0_0_0_0': {'VS': 0.0, 'HS': 0.0, 'MMD': 0.0}}","{'1-181_': {'VS': 0.985, 'HS': np.float64(1.443), 'MMD': np.float64(27.079)}, '2-181_226_6': {'VS': 0.508, 'HS': np.float64(1.003), 'MMD': np.float64(31.866)}, '3-181_226_225_6_4_4': {'VS': 0.323, 'HS': np.float64(2.684), 'MMD': np.float64(33.95)}, '4-181_226_225_212_6_4_4_4_4_0': {'VS': 0.262, 'HS': np.float64(4.941), 'MMD': np.float64(34.879)}, '5-181_226_225_212_999_6_4_4_4_4_0_0_0_0_0': {'VS': 0.246, 'HS': np.float64(4.095), 'MMD': np.float64(36.839)}}",304,0.222,49.85,0.282,0,0,0,0,0,0,0,0,0,0,0,0,0,0,0,0,0,0,0,0,0
5-181_226_225_213_999_6_4_4_4_4_0_0_0_0_0,5,297,3.909,36.902,"{'1-181_': {'VS': 0.6, 'HS': np.float64(2.021), 'MMD': np.float64(31.748)}, '2-181_226_6': {'VS': 0.264, 'HS': np.float64(1.051), 'MMD': np.float64(43.569)}, '3-181_226_225_6_4_4': {'VS': 0.046, 'HS': np.float64(3.833), 'MMD': np.float64(38.106)}, '4-181_226_225_213_6_4_4_4_4_0': {'VS': 0.037, 'HS': np.float64(10.455), 'MMD': np.float64(40.568)}, '5-181_226_225_213_999_6_4_4_4_4_0_0_0_0_0': {'VS': 0.0, 'HS': 0.0, 'MMD': 0.0}}","{'1-181_': {'VS': 0.985, 'HS': np.float64(1.443), 'MMD': np.float64(27.079)}, '2-181_226_6': {'VS': 0.508, 'HS': np.float64(1.003), 'MMD': np.float64(31.866)}, '3-181_226_225_6_4_4': {'VS': 0.323, 'HS': np.float64(2.684), 'MMD': np.float64(33.95)}, '4-181_226_225_213_6_4_4_4_4_0': {'VS': 0.253, 'HS': np.float64(4.772), 'MMD': np.float64(34.926)}, '5-181_226_225_213_999_6_4_4_4_4_0_0_0_0_0': {'VS': 0.241, 'HS': np.float64(3.909), 'MMD': np.float64(36.902)}}",297,0.216,51.966,0.281,0,0,0,0,0,0,0,0,0,0,0,0,0,0,0,0,0,0,0,0,0
4-181_226_225_999_6_4_4_0_0_0,4,389,2.478,35.956,"{'1-181_': {'VS': 0.6, 'HS': np.float64(2.021), 'MMD': np.float64(31.748)}, '2-181_226_6': {'VS': 0.264, 'HS': np.float64(1.051), 'MMD': np.float64(43.569)}, '3-181_226_225_6_4_4': {'VS': 0.046, 'HS': np.float64(3.833), 'MMD': np.float64(38.106)}, '4-181_226_225_999_6_4_4_0_0_0': {'VS': 0.0, 'HS': 0.0, 'MMD': 0.0}}","{'1-181_': {'VS': 0.985, 'HS': np.float64(1.443), 'MMD': np.float64(27.079)}, '2-181_226_6': {'VS': 0.508, 'HS': np.float64(1.003), 'MMD': np.float64(31.866)}, '3-181_226_225_6_4_4': {'VS': 0.323, 'HS': np.float64(2.684), 'MMD': np.float64(33.95)}, '4-181_226_225_999_6_4_4_0_0_0': {'VS': 0.315, 'HS': np.float64(2.478), 'MMD': np.float64(35.956)}}",389,0.277,58.677,0.302,0,0,0,0,0,0,0,0,0,0,0,0,0,0,0,0,0,0,0,0,0
4-181_226_212_999_6_3_3_0_0_0,4,277,1.0,35.134,"{'1-181_': {'VS': 0.6, 'HS': np.float64(2.021), 'MMD': np.float64(31.748)}, '2-181_226_6': {'VS': 0.264, 'HS': np.float64(1.051), 'MMD': np.float64(43.569)}, '3-181_226_212_6_3_3': {'VS': 0.105, 'HS': np.float64(1.0), 'MMD': np.float64(46.266)}, '4-181_226_212_999_6_3_3_0_0_0': {'VS': 0.0, 'HS': 0.0, 'MMD': 0.0}}","{'1-181_': {'VS': 0.985, 'HS': np.float64(1.443), 'MMD': np.float64(27.079)}, '2-181_226_6': {'VS': 0.508, 'HS': np.float64(1.003), 'MMD': np.float64(31.866)}, '3-181_226_212_6_3_3': {'VS': 0.224, 'HS': np.float64(1.0), 'MMD': np.float64(33.04)}, '4-181_226_212_999_6_3_3_0_0_0': {'VS': 0.224, 'HS': np.float64(1.0), 'MMD': np.float64(35.134)}}",277,0.119,111.229,0.249,0,0,0,0,0,0,0,0,0,0,0,0,0,0,0,0,0,0,0,0,0
5-181_226_212_202_999_6_4_4_4_4_0_0_0_0_0,5,280,3.05,36.596,"{'1-181_': {'VS': 0.6, 'HS': np.float64(2.021), 'MMD': np.float64(31.748)}, '2-181_226_6': {'VS': 0.264, 'HS': np.float64(1.051), 'MMD': np.float64(43.569)}, '3-181_226_212_6_4_4': {'VS': 0.246, 'HS': np.float64(8.005), 'MMD': np.float64(46.026)}, '4-181_226_212_202_6_4_4_4_4_0': {'VS': 0.188, 'HS': np.float64(9.139), 'MMD': np.float64(47.276)}, '5-181_226_212_202_999_6_4_4_4_4_0_0_0_0_0': {'VS': 0.0, 'HS': 0.0, 'MMD': 0.0}}","{'1-181_': {'VS': 0.985, 'HS': np.float64(1.443), 'MMD': np.float64(27.079)}, '2-181_226_6': {'VS': 0.508, 'HS': np.float64(1.003), 'MMD': np.float64(31.866)}, '3-181_226_212_6_4_4': {'VS': 0.445, 'HS': np.float64(3.856), 'MMD': np.float64(33.788)}, '4-181_226_212_202_6_4_4_4_4_0': {'VS': 0.245, 'HS': np.float64(3.52), 'MMD': np.float64(34.629)}, '5-181_226_212_202_999_6_4_4_4_4_0_0_0_0_0': {'VS': 0.227, 'HS': np.float64(3.05), 'MMD': np.float64(36.596)}}",280,0.057,117.119,0.221,0,0,0,0,0,0,0,0,0,0,0,0,0,0,0,0,0,0,0,0,0
5-181_226_212_225_999_6_4_4_4_4_0_0_0_0_0,5,303,4.228,36.776,"{'1-181_': {'VS': 0.6, 'HS': np.float64(2.021), 'MMD': np.float64(31.748)}, '2-181_226_6': {'VS': 0.264, 'HS': np.float64(1.051), 'MMD': np.float64(43.569)}, '3-181_226_212_6_4_4': {'VS': 0.246, 'HS': np.float64(8.005), 'MMD': np.float64(46.026)}, '4-181_226_212_225_6_4_4_4_4_0': {'VS': 0.041, 'HS': np.float64(10.592), 'MMD': np.float64(39.066)}, '5-181_226_212_225_999_6_4_4_4_4_0_0_0_0_0': {'VS': 0.0, 'HS': 0.0, 'MMD': 0.0}}","{'1-181_': {'VS': 0.985, 'HS': np.float64(1.443), 'MMD': np.float64(27.079)}, '2-181_226_6': {'VS': 0.508, 'HS': np.float64(1.003), 'MMD': np.float64(31.866)}, '3-181_226_212_6_4_4': {'VS': 0.445, 'HS': np.float64(3.856), 'MMD': np.float64(33.788)}, '4-181_226_212_225_6_4_4_4_4_0': {'VS': 0.262, 'HS': np.float64(4.95), 'MMD': np.float64(34.827)}, '5-181_226_212_225_999_6_4_4_4_4_0_0_0_0_0': {'VS': 0.246, 'HS': np.float64(4.228), 'MMD': np.float64(36.776)}}",303,0.221,81.624,0.262,0,0,0,0,0,0,0,0,0,0,0,0,0,0,0,0,0,0,0,0,0
5-181_226_212_208_999_6_4_4_4_4_0_0_0_0_0,5,256,2.82,37.062,"{'1-181_': {'VS': 0.6, 'HS': np.float64(2.021), 'MMD': np.float64(31.748)}, '2-181_226_6': {'VS': 0.264, 'HS': np.float64(1.051), 'MMD': np.float64(43.569)}, '3-181_226_212_6_4_4': {'VS': 0.246, 'HS': np.float64(8.005), 'MMD': np.float64(46.026)}, '4-181_226_212_208_6_4_4_4_4_0': {'VS': 0.159, 'HS': np.float64(8.947), 'MMD': np.float64(48.016)}, '5-181_226_212_208_999_6_4_4_4_4_0_0_0_0_0': {'VS': 0.0, 'HS': 0.0, 'MMD': 0.0}}","{'1-181_': {'VS': 0.985, 'HS': np.float64(1.443), 'MMD': np.float64(27.079)}, '2-181_226_6': {'VS': 0.508, 'HS': np.float64(1.003), 'MMD': np.float64(31.866)}, '3-181_226_212_6_4_4': {'VS': 0.445, 'HS': np.float64(3.856), 'MMD': np.float64(33.788)}, '4-181_226_212_208_6_4_4_4_4_0': {'VS': 0.223, 'HS': np.float64(3.316), 'MMD': np.float64(35.044)}, '5-181_226_212_208_999_6_4_4_4_4_0_0_0_0_0': {'VS': 0.207, 'HS': np.float64(2.82), 'MMD': np.float64(37.062)}}",256,0.064,119.2,0.223,0,0,0,0,0,0,0,0,0,0,0,0,0,0,0,0,0,0,0,0,0
5-181_226_212_224_999_6_4_4_4_4_0_0_0_0_0,5,302,4.156,36.709,"{'1-181_': {'VS': 0.6, 'HS': np.float64(2.021), 'MMD': np.float64(31.748)}, '2-181_226_6': {'VS': 0.264, 'HS': np.float64(1.051), 'MMD': np.float64(43.569)}, '3-181_226_212_6_4_4': {'VS': 0.246, 'HS': np.float64(8.005), 'MMD': np.float64(46.026)}, '4-181_226_212_224_6_4_4_4_4_0': {'VS': 0.041, 'HS': np.float64(11.653), 'MMD': np.float64(39.827)}, '5-181_226_212_224_999_6_4_4_4_4_0_0_0_0_0': {'VS': 0.0, 'HS': 0.0, 'MMD': 0.0}}","{'1-181_': {'VS': 0.985, 'HS': np.float64(1.443), 'MMD': np.float64(27.079)}, '2-181_226_6': {'VS': 0.508, 'HS': np.float64(1.003), 'MMD': np.float64(31.866)}, '3-181_226_212_6_4_4': {'VS': 0.445, 'HS': np.float64(3.856), 'MMD': np.float64(33.788)}, '4-181_226_212_224_6_4_4_4_4_0': {'VS': 0.259, 'HS': np.float64(4.925), 'MMD': np.float64(34.712)}, '5-181_226_212_224_999_6_4_4_4_4_0_0_0_0_0': {'VS': 0.245, 'HS': np.float64(4.156), 'MMD': np.float64(36.709)}}",302,0.218,83.673,0.262,0,0,0,0,0,0,0,0,0,0,0,0,0,0,0,0,0,0,0,0,0
5-181_226_212_172_999_6_4_4_4_4_0_0_0_0_0,5,263,3.053,36.848,"{'1-181_': {'VS': 0.6, 'HS': np.float64(2.021), 'MMD': np.float64(31.748)}, '2-181_226_6': {'VS': 0.264, 'HS': np.float64(1.051), 'MMD': np.float64(43.569)}, '3-181_226_212_6_4_4': {'VS': 0.246, 'HS': np.float64(8.005), 'MMD': np.float64(46.026)}, '4-181_226_212_172_6_4_4_4_4_0': {'VS': 0.156, 'HS': np.float64(6.342), 'MMD': np.float64(47.462)}, '5-181_226_212_172_999_6_4_4_4_4_0_0_0_0_0': {'VS': 0.0, 'HS': 0.0, 'MMD': 0.0}}","{'1-181_': {'VS': 0.985, 'HS': np.float64(1.443), 'MMD': np.float64(27.079)}, '2-181_226_6': {'VS': 0.508, 'HS': np.float64(1.003), 'MMD': np.float64(31.866)}, '3-181_226_212_6_4_4': {'VS': 0.445, 'HS': np.float64(3.856), 'MMD': np.float64(33.788)}, '4-181_226_212_172_6_4_4_4_4_0': {'VS': 0.234, 'HS': np.float64(3.325), 'MMD': np.float64(34.913)}, '5-181_226_212_172_999_6_4_4_4_4_0_0_0_0_0': {'VS': 0.213, 'HS': np.float64(3.053), 'MMD': np.float64(36.848)}}",263,0.078,116.501,0.227,0,0,0,0,0,0,0,0,0,0,0,0,0,0,0,0,0,0,0,0,0
4-181_226_212_999_6_4_4_0_0_0,4,544,3.555,35.847,"{'1-181_': {'VS': 0.6, 'HS': np.float64(2.021), 'MMD': np.float64(31.748)}, '2-181_226_6': {'VS': 0.264, 'HS': np.float64(1.051), 'MMD': np.float64(43.569)}, '3-181_226_212_6_4_4': {'VS': 0.246, 'HS': np.float64(8.005), 'MMD': np.float64(46.026)}, '4-181_226_212_999_6_4_4_0_0_0': {'VS': 0.0, 'HS': 0.0, 'MMD': 0.0}}","{'1-181_': {'VS': 0.985, 'HS': np.float64(1.443), 'MMD': np.float64(27.079)}, '2-181_226_6': {'VS': 0.508, 'HS': np.float64(1.003), 'MMD': np.float64(31.866)}, '3-181_226_212_6_4_4': {'VS': 0.445, 'HS': np.float64(3.856), 'MMD': np.float64(33.788)}, '4-181_226_212_999_6_4_4_0_0_0': {'VS': 0.441, 'HS': np.float64(3.555), 'MMD': np.float64(35.847)}}",544,0.199,102.843,0.276,0,0,0,0,0,0,0,0,0,0,0,0,0,0,0,0,0,0,0,0,0
4-181_226_220_999_6_4_4_0_0_0,4,326,1.859,36.026,"{'1-181_': {'VS': 0.6, 'HS': np.float64(2.021), 'MMD': np.float64(31.748)}, '2-181_226_6': {'VS': 0.264, 'HS': np.float64(1.051), 'MMD': np.float64(43.569)}, '3-181_226_220_6_4_4': {'VS': 0.155, 'HS': np.float64(3.379), 'MMD': np.float64(46.52)}, '4-181_226_220_999_6_4_4_0_0_0': {'VS': 0.0, 'HS': 0.0, 'MMD': 0.0}}","{'1-181_': {'VS': 0.985, 'HS': np.float64(1.443), 'MMD': np.float64(27.079)}, '2-181_226_6': {'VS': 0.508, 'HS': np.float64(1.003), 'MMD': np.float64(31.866)}, '3-181_226_220_6_4_4': {'VS': 0.27, 'HS': np.float64(2.006), 'MMD': np.float64(33.968)}, '4-181_226_220_999_6_4_4_0_0_0': {'VS': 0.264, 'HS': np.float64(1.859), 'MMD': np.float64(36.026)}}",326,0.115,105.437,0.248,0,0,0,0,0,0,0,0,0,0,0,0,0,0,0,0,0,0,0,0,0
5-181_226_208_212_999_6_4_4_4_4_0_0_0_0_0,5,262,2.935,37.053,"{'1-181_': {'VS': 0.6, 'HS': np.float64(2.021), 'MMD': np.float64(31.748)}, '2-181_226_6': {'VS': 0.264, 'HS': np.float64(1.051), 'MMD': np.float64(43.569)}, '3-181_226_208_6_4_4': {'VS': 0.181, 'HS': np.float64(3.272), 'MMD': np.float64(46.977)}, '4-181_226_208_212_6_4_4_4_4_0': {'VS': 0.162, 'HS': np.float64(8.898), 'MMD': np.float64(47.862)}, '5-181_226_208_212_999_6_4_4_4_4_0_0_0_0_0': {'VS': 0.0, 'HS': 0.0, 'MMD': 0.0}}","{'1-181_': {'VS': 0.985, 'HS': np.float64(1.443), 'MMD': np.float64(27.079)}, '2-181_226_6': {'VS': 0.508, 'HS': np.float64(1.003), 'MMD': np.float64(31.866)}, '3-181_226_208_6_4_4': {'VS': 0.318, 'HS': np.float64(1.883), 'MMD': np.float64(34.019)}, '4-181_226_208_212_6_4_4_4_4_0': {'VS': 0.227, 'HS': np.float64(3.464), 'MMD': np.float64(35.096)}, '5-181_226_208_212_999_6_4_4_4_4_0_0_0_0_0': {'VS': 0.212, 'HS': np.float64(2.935), 'MMD': np.float64(37.053)}}",262,0.065,122.41,0.208,0,0,0,0,0,0,0,0,0,0,0,0,0,0,0,0,0,0,0,0,0
5-181_226_208_213_999_6_4_4_4_4_0_0_0_0_0,5,254,2.917,37.181,"{'1-181_': {'VS': 0.6, 'HS': np.float64(2.021), 'MMD': np.float64(31.748)}, '2-181_226_6': {'VS': 0.264, 'HS': np.float64(1.051), 'MMD': np.float64(43.569)}, '3-181_226_208_6_4_4': {'VS': 0.181, 'HS': np.float64(3.272), 'MMD': np.float64(46.977)}, '4-181_226_208_213_6_4_4_4_4_0': {'VS': 0.155, 'HS': np.float64(8.675), 'MMD': np.float64(48.011)}, '5-181_226_208_213_999_6_4_4_4_4_0_0_0_0_0': {'VS': 0.0, 'HS': 0.0, 'MMD': 0.0}}","{'1-181_': {'VS': 0.985, 'HS': np.float64(1.443), 'MMD': np.float64(27.079)}, '2-181_226_6': {'VS': 0.508, 'HS': np.float64(1.003), 'MMD': np.float64(31.866)}, '3-181_226_208_6_4_4': {'VS': 0.318, 'HS': np.float64(1.883), 'MMD': np.float64(34.019)}, '4-181_226_208_213_6_4_4_4_4_0': {'VS': 0.222, 'HS': np.float64(3.361), 'MMD': np.float64(35.223)}, '5-181_226_208_213_999_6_4_4_4_4_0_0_0_0_0': {'VS': 0.206, 'HS': np.float64(2.917), 'MMD': np.float64(37.181)}}",254,0.067,122.551,0.208,0,0,0,0,0,0,0,0,0,0,0,0,0,0,0,0,0,0,0,0,0
4-181_226_208_999_6_4_4_0_0_0,4,385,1.753,36.061,"{'1-181_': {'VS': 0.6, 'HS': np.float64(2.021), 'MMD': np.float64(31.748)}, '2-181_226_6': {'VS': 0.264, 'HS': np.float64(1.051), 'MMD': np.float64(43.569)}, '3-181_226_208_6_4_4': {'VS': 0.181, 'HS': np.float64(3.272), 'MMD': np.float64(46.977)}, '4-181_226_208_999_6_4_4_0_0_0': {'VS': 0.0, 'HS': 0.0, 'MMD': 0.0}}","{'1-181_': {'VS': 0.985, 'HS': np.float64(1.443), 'MMD': np.float64(27.079)}, '2-181_226_6': {'VS': 0.508, 'HS': np.float64(1.003), 'MMD': np.float64(31.866)}, '3-181_226_208_6_4_4': {'VS': 0.318, 'HS': np.float64(1.883), 'MMD': np.float64(34.019)}, '4-181_226_208_999_6_4_4_0_0_0': {'VS': 0.312, 'HS': np.float64(1.753), 'MMD': np.float64(36.061)}}",385,0.137,108.89,0.255,0,0,0,0,0,0,0,0,0,0,0,0,0,0,0,0,0,0,0,0,0
4-181_226_196_999_6_4_4_0_0_0,4,267,1.487,35.64,"{'1-181_': {'VS': 0.6, 'HS': np.float64(2.021), 'MMD': np.float64(31.748)}, '2-181_226_6': {'VS': 0.264, 'HS': np.float64(1.051), 'MMD': np.float64(43.569)}, '3-181_226_196_6_4_4': {'VS': 0.128, 'HS': np.float64(2.261), 'MMD': np.float64(46.696)}, '4-181_226_196_999_6_4_4_0_0_0': {'VS': 0.0, 'HS': 0.0, 'MMD': 0.0}}","{'1-181_': {'VS': 0.985, 'HS': np.float64(1.443), 'MMD': np.float64(27.079)}, '2-181_226_6': {'VS': 0.508, 'HS': np.float64(1.003), 'MMD': np.float64(31.866)}, '3-181_226_196_6_4_4': {'VS': 0.228, 'HS': np.float64(1.548), 'MMD': np.float64(33.598)}, '4-181_226_196_999_6_4_4_0_0_0': {'VS': 0.216, 'HS': np.float64(1.487), 'MMD': np.float64(35.64)}}",267,0.1,110.106,0.243,0,0,0,0,0,0,0,0,0,0,0,0,0,0,0,0,0,0,0,0,0
4-181_226_224_999_6_3_3_0_0_0,4,265,1.0,34.947,"{'1-181_': {'VS': 0.6, 'HS': np.float64(2.021), 'MMD': np.float64(31.748)}, '2-181_226_6': {'VS': 0.264, 'HS': np.float64(1.051), 'MMD': np.float64(43.569)}, '3-181_226_224_6_3_3': {'VS': 0.022, 'HS': np.float64(1.0), 'MMD': np.float64(37.904)}, '4-181_226_224_999_6_3_3_0_0_0': {'VS': 0.0, 'HS': 0.0, 'MMD': 0.0}}","{'1-181_': {'VS': 0.985, 'HS': np.float64(1.443), 'MMD': np.float64(27.079)}, '2-181_226_6': {'VS': 0.508, 'HS': np.float64(1.003), 'MMD': np.float64(31.866)}, '3-181_226_224_6_3_3': {'VS': 0.215, 'HS': np.float64(1.0), 'MMD': np.float64(32.94)}, '4-181_226_224_999_6_3_3_0_0_0': {'VS': 0.215, 'HS': np.float64(1.0), 'MMD': np.float64(34.947)}}",265,0.193,61.134,0.274,0,0,0,0,0,0,0,0,0,0,0,0,0,0,0,0,0,0,0,0,0
5-181_226_224_212_999_6_4_4_4_4_0_0_0_0_0,5,335,4.328,36.657,"{'1-181_': {'VS': 0.6, 'HS': np.float64(2.021), 'MMD': np.float64(31.748)}, '2-181_226_6': {'VS': 0.264, 'HS': np.float64(1.051), 'MMD': np.float64(43.569)}, '3-181_226_224_6_4_4': {'VS': 0.048, 'HS': np.float64(4.159), 'MMD': np.float64(37.908)}, '4-181_226_224_212_6_4_4_4_4_0': {'VS': 0.041, 'HS': np.float64(11.093), 'MMD': np.float64(39.598)}, '5-181_226_224_212_999_6_4_4_4_4_0_0_0_0_0': {'VS': 0.0, 'HS': 0.0, 'MMD': 0.0}}","{'1-181_': {'VS': 0.985, 'HS': np.float64(1.443), 'MMD': np.float64(27.079)}, '2-181_226_6': {'VS': 0.508, 'HS': np.float64(1.003), 'MMD': np.float64(31.866)}, '3-181_226_224_6_4_4': {'VS': 0.359, 'HS': np.float64(2.819), 'MMD': np.float64(33.874)}, '4-181_226_224_212_6_4_4_4_4_0': {'VS': 0.284, 'HS': np.float64(4.974), 'MMD': np.float64(34.689)}, '5-181_226_224_212_999_6_4_4_4_4_0_0_0_0_0': {'VS': 0.271, 'HS': np.float64(4.328), 'MMD': np.float64(36.657)}}",335,0.243,49.783,0.296,0,0,0,0,0,0,0,0,0,0,0,0,0,0,0,0,0,0,0,0,0
5-181_226_224_213_999_6_4_4_4_4_0_0_0_0_0,5,319,4.219,36.774,"{'1-181_': {'VS': 0.6, 'HS': np.float64(2.021), 'MMD': np.float64(31.748)}, '2-181_226_6': {'VS': 0.264, 'HS': np.float64(1.051), 'MMD': np.float64(43.569)}, '3-181_226_224_6_4_4': {'VS': 0.048, 'HS': np.float64(4.159), 'MMD': np.float64(37.908)}, '4-181_226_224_213_6_4_4_4_4_0': {'VS': 0.037, 'HS': np.float64(10.705), 'MMD': np.float64(41.386)}, '5-181_226_224_213_999_6_4_4_4_4_0_0_0_0_0': {'VS': 0.0, 'HS': 0.0, 'MMD': 0.0}}","{'1-181_': {'VS': 0.985, 'HS': np.float64(1.443), 'MMD': np.float64(27.079)}, '2-181_226_6': {'VS': 0.508, 'HS': np.float64(1.003), 'MMD': np.float64(31.866)}, '3-181_226_224_6_4_4': {'VS': 0.359, 'HS': np.float64(2.819), 'MMD': np.float64(33.874)}, '4-181_226_224_213_6_4_4_4_4_0': {'VS': 0.27, 'HS': np.float64(4.85), 'MMD': np.float64(34.799)}, '5-181_226_224_213_999_6_4_4_4_4_0_0_0_0_0': {'VS': 0.259, 'HS': np.float64(4.219), 'MMD': np.float64(36.774)}}",319,0.233,54.605,0.293,1,0,0,0,0,0,0,0,0,0,0,0,0,0,0,0,0,0,0,0,1
4-181_226_224_999_6_4_4_0_0_0,4,438,2.635,35.906,"{'1-181_': {'VS': 0.6, 'HS': np.float64(2.021), 'MMD': np.float64(31.748)}, '2-181_226_6': {'VS': 0.264, 'HS': np.float64(1.051), 'MMD': np.float64(43.569)}, '3-181_226_224_6_4_4': {'VS': 0.048, 'HS': np.float64(4.159), 'MMD': np.float64(37.908)}, '4-181_226_224_999_6_4_4_0_0_0': {'VS': 0.0, 'HS': 0.0, 'MMD': 0.0}}","{'1-181_': {'VS': 0.985, 'HS': np.float64(1.443), 'MMD': np.float64(27.079)}, '2-181_226_6': {'VS': 0.508, 'HS': np.float64(1.003), 'MMD': np.float64(31.866)}, '3-181_226_224_6_4_4': {'VS': 0.359, 'HS': np.float64(2.819), 'MMD': np.float64(33.874)}, '4-181_226_224_999_6_4_4_0_0_0': {'VS': 0.355, 'HS': np.float64(2.635), 'MMD': np.float64(35.906)}}",438,0.311,58.344,0.313,1,1,0,0,0,0,0,0,0,0,0,0,0,0,0,0,0,0,0,0,1
5-181_226_213_202_999_6_4_4_4_4_0_0_0_0_0,5,264,2.902,36.386,"{'1-181_': {'VS': 0.6, 'HS': np.float64(2.021), 'MMD': np.float64(31.748)}, '2-181_226_6': {'VS': 0.264, 'HS': np.float64(1.051), 'MMD': np.float64(43.569)}, '3-181_226_213_6_4_4': {'VS': 0.236, 'HS': np.float64(7.684), 'MMD': np.float64(46.312)}, '4-181_226_213_202_6_4_4_4_4_0': {'VS': 0.178, 'HS': np.float64(8.867), 'MMD': np.float64(47.441)}, '5-181_226_213_202_999_6_4_4_4_4_0_0_0_0_0': {'VS': 0.0, 'HS': 0.0, 'MMD': 0.0}}","{'1-181_': {'VS': 0.985, 'HS': np.float64(1.443), 'MMD': np.float64(27.079)}, '2-181_226_6': {'VS': 0.508, 'HS': np.float64(1.003), 'MMD': np.float64(31.866)}, '3-181_226_213_6_4_4': {'VS': 0.432, 'HS': np.float64(3.709), 'MMD': np.float64(33.635)}, '4-181_226_213_202_6_4_4_4_4_0': {'VS': 0.233, 'HS': np.float64(3.282), 'MMD': np.float64(34.463)}, '5-181_226_213_202_999_6_4_4_4_4_0_0_0_0_0': {'VS': 0.214, 'HS': np.float64(2.902), 'MMD': np.float64(36.386)}}",264,0.055,121.974,0.22,0,0,0,0,0,0,0,0,0,0,0,0,0,0,0,0,0,0,0,0,0
5-181_226_213_225_999_6_4_4_4_4_0_0_0_0_0,5,290,4.19,37.072,"{'1-181_': {'VS': 0.6, 'HS': np.float64(2.021), 'MMD': np.float64(31.748)}, '2-181_226_6': {'VS': 0.264, 'HS': np.float64(1.051), 'MMD': np.float64(43.569)}, '3-181_226_213_6_4_4': {'VS': 0.236, 'HS': np.float64(7.684), 'MMD': np.float64(46.312)}, '4-181_226_213_225_6_4_4_4_4_0': {'VS': 0.04, 'HS': np.float64(9.926), 'MMD': np.float64(39.737)}, '5-181_226_213_225_999_6_4_4_4_4_0_0_0_0_0': {'VS': 0.0, 'HS': 0.0, 'MMD': 0.0}}","{'1-181_': {'VS': 0.985, 'HS': np.float64(1.443), 'MMD': np.float64(27.079)}, '2-181_226_6': {'VS': 0.508, 'HS': np.float64(1.003), 'MMD': np.float64(31.866)}, '3-181_226_213_6_4_4': {'VS': 0.432, 'HS': np.float64(3.709), 'MMD': np.float64(33.635)}, '4-181_226_213_225_6_4_4_4_4_0': {'VS': 0.249, 'HS': np.float64(4.775), 'MMD': np.float64(35.098)}, '5-181_226_213_225_999_6_4_4_4_4_0_0_0_0_0': {'VS': 0.235, 'HS': np.float64(4.19), 'MMD': np.float64(37.072)}}",290,0.209,85.247,0.259,0,0,0,0,0,0,0,0,0,0,0,0,0,0,0,0,0,0,0,0,0
5-181_226_213_224_999_6_4_4_4_4_0_0_0_0_0,5,287,4.098,36.902,"{'1-181_': {'VS': 0.6, 'HS': np.float64(2.021), 'MMD': np.float64(31.748)}, '2-181_226_6': {'VS': 0.264, 'HS': np.float64(1.051), 'MMD': np.float64(43.569)}, '3-181_226_213_6_4_4': {'VS': 0.236, 'HS': np.float64(7.684), 'MMD': np.float64(46.312)}, '4-181_226_213_224_6_4_4_4_4_0': {'VS': 0.041, 'HS': np.float64(10.34), 'MMD': np.float64(39.918)}, '5-181_226_213_224_999_6_4_4_4_4_0_0_0_0_0': {'VS': 0.0, 'HS': 0.0, 'MMD': 0.0}}","{'1-181_': {'VS': 0.985, 'HS': np.float64(1.443), 'MMD': np.float64(27.079)}, '2-181_226_6': {'VS': 0.508, 'HS': np.float64(1.003), 'MMD': np.float64(31.866)}, '3-181_226_213_6_4_4': {'VS': 0.432, 'HS': np.float64(3.709), 'MMD': np.float64(33.635)}, '4-181_226_213_224_6_4_4_4_4_0': {'VS': 0.246, 'HS': np.float64(4.684), 'MMD': np.float64(34.891)}, '5-181_226_213_224_999_6_4_4_4_4_0_0_0_0_0': {'VS': 0.233, 'HS': np.float64(4.098), 'MMD': np.float64(36.902)}}",287,0.205,86.184,0.258,0,0,0,0,0,0,0,0,0,0,0,0,0,0,0,0,0,0,0,0,0
5-181_226_213_172_999_6_4_4_4_4_0_0_0_0_0,5,248,3.052,36.492,"{'1-181_': {'VS': 0.6, 'HS': np.float64(2.021), 'MMD': np.float64(31.748)}, '2-181_226_6': {'VS': 0.264, 'HS': np.float64(1.051), 'MMD': np.float64(43.569)}, '3-181_226_213_6_4_4': {'VS': 0.236, 'HS': np.float64(7.684), 'MMD': np.float64(46.312)}, '4-181_226_213_172_6_4_4_4_4_0': {'VS': 0.148, 'HS': np.float64(5.912), 'MMD': np.float64(47.612)}, '5-181_226_213_172_999_6_4_4_4_4_0_0_0_0_0': {'VS': 0.0, 'HS': 0.0, 'MMD': 0.0}}","{'1-181_': {'VS': 0.985, 'HS': np.float64(1.443), 'MMD': np.float64(27.079)}, '2-181_226_6': {'VS': 0.508, 'HS': np.float64(1.003), 'MMD': np.float64(31.866)}, '3-181_226_213_6_4_4': {'VS': 0.432, 'HS': np.float64(3.709), 'MMD': np.float64(33.635)}, '4-181_226_213_172_6_4_4_4_4_0': {'VS': 0.214, 'HS': np.float64(3.432), 'MMD': np.float64(34.511)}, '5-181_226_213_172_999_6_4_4_4_4_0_0_0_0_0': {'VS': 0.201, 'HS': np.float64(3.052), 'MMD': np.float64(36.492)}}",248,0.066,122.776,0.223,0,0,0,0,0,0,0,0,0,0,0,0,0,0,0,0,0,0,0,0,0
4-181_226_213_999_6_4_4_0_0_0,4,526,3.432,35.702,"{'1-181_': {'VS': 0.6, 'HS': np.float64(2.021), 'MMD': np.float64(31.748)}, '2-181_226_6': {'VS': 0.264, 'HS': np.float64(1.051), 'MMD': np.float64(43.569)}, '3-181_226_213_6_4_4': {'VS': 0.236, 'HS': np.float64(7.684), 'MMD': np.float64(46.312)}, '4-181_226_213_999_6_4_4_0_0_0': {'VS': 0.0, 'HS': 0.0, 'MMD': 0.0}}","{'1-181_': {'VS': 0.985, 'HS': np.float64(1.443), 'MMD': np.float64(27.079)}, '2-181_226_6': {'VS': 0.508, 'HS': np.float64(1.003), 'MMD': np.float64(31.866)}, '3-181_226_213_6_4_4': {'VS': 0.432, 'HS': np.float64(3.709), 'MMD': np.float64(33.635)}, '4-181_226_213_999_6_4_4_0_0_0': {'VS': 0.426, 'HS': np.float64(3.432), 'MMD': np.float64(35.702)}}",526,0.196,106.489,0.275,0,0,0,0,0,0,0,0,0,0,0,0,0,0,0,0,0,0,0,0,0
4-181_226_172_999_6_4_4_0_0_0,4,358,1.478,35.626,"{'1-181_': {'VS': 0.6, 'HS': np.float64(2.021), 'MMD': np.float64(31.748)}, '2-181_226_6': {'VS': 0.264, 'HS': np.float64(1.051), 'MMD': np.float64(43.569)}, '3-181_226_172_6_4_4': {'VS': 0.177, 'HS': np.float64(2.27), 'MMD': np.float64(46.736)}, '4-181_226_172_999_6_4_4_0_0_0': {'VS': 0.0, 'HS': 0.0, 'MMD': 0.0}}","{'1-181_': {'VS': 0.985, 'HS': np.float64(1.443), 'MMD': np.float64(27.079)}, '2-181_226_6': {'VS': 0.508, 'HS': np.float64(1.003), 'MMD': np.float64(31.866)}, '3-181_226_172_6_4_4': {'VS': 0.302, 'HS': np.float64(1.534), 'MMD': np.float64(33.705)}, '4-181_226_172_999_6_4_4_0_0_0': {'VS': 0.29, 'HS': np.float64(1.478), 'MMD': np.float64(35.626)}}",358,0.125,109.522,0.251,0,0,0,0,0,0,0,0,0,0,0,0,0,0,0,0,0,0,0,0,0
5-181_226_199_212_999_6_4_4_4_4_0_0_0_0_0,5,248,2.694,36.657,"{'1-181_': {'VS': 0.6, 'HS': np.float64(2.021), 'MMD': np.float64(31.748)}, '2-181_226_6': {'VS': 0.264, 'HS': np.float64(1.051), 'MMD': np.float64(43.569)}, '3-181_226_199_6_4_4': {'VS': 0.175, 'HS': np.float64(3.162), 'MMD': np.float64(46.819)}, '4-181_226_199_212_6_4_4_4_4_0': {'VS': 0.156, 'HS': np.float64(8.712), 'MMD': np.float64(47.87)}, '5-181_226_199_212_999_6_4_4_4_4_0_0_0_0_0': {'VS': 0.0, 'HS': 0.0, 'MMD': 0.0}}","{'1-181_': {'VS': 0.985, 'HS': np.float64(1.443), 'MMD': np.float64(27.079)}, '2-181_226_6': {'VS': 0.508, 'HS': np.float64(1.003), 'MMD': np.float64(31.866)}, '3-181_226_199_6_4_4': {'VS': 0.304, 'HS': np.float64(1.768), 'MMD': np.float64(34.112)}, '4-181_226_199_212_6_4_4_4_4_0': {'VS': 0.212, 'HS': np.float64(3.203), 'MMD': np.float64(34.705)}, '5-181_226_199_212_999_6_4_4_4_4_0_0_0_0_0': {'VS': 0.201, 'HS': np.float64(2.694), 'MMD': np.float64(36.657)}}",248,0.056,123.386,0.204,0,0,0,0,0,0,0,0,0,0,0,0,0,0,0,0,0,0,0,0,0
4-181_226_199_999_6_4_4_0_0_0,4,367,1.662,36.18,"{'1-181_': {'VS': 0.6, 'HS': np.float64(2.021), 'MMD': np.float64(31.748)}, '2-181_226_6': {'VS': 0.264, 'HS': np.float64(1.051), 'MMD': np.float64(43.569)}, '3-181_226_199_6_4_4': {'VS': 0.175, 'HS': np.float64(3.162), 'MMD': np.float64(46.819)}, '4-181_226_199_999_6_4_4_0_0_0': {'VS': 0.0, 'HS': 0.0, 'MMD': 0.0}}","{'1-181_': {'VS': 0.985, 'HS': np.float64(1.443), 'MMD': np.float64(27.079)}, '2-181_226_6': {'VS': 0.508, 'HS': np.float64(1.003), 'MMD': np.float64(31.866)}, '3-181_226_199_6_4_4': {'VS': 0.304, 'HS': np.float64(1.768), 'MMD': np.float64(34.112)}, '4-181_226_199_999_6_4_4_0_0_0': {'VS': 0.297, 'HS': np.float64(1.662), 'MMD': np.float64(36.18)}}",367,0.129,106.743,0.253,0,0,0,0,0,0,0,0,0,0,0,0,0,0,0,0,0,0,0,0,0
4-181_226_169_999_6_4_4_0_0_0,4,254,1.425,35.496,"{'1-181_': {'VS': 0.6, 'HS': np.float64(2.021), 'MMD': np.float64(31.748)}, '2-181_226_6': {'VS': 0.264, 'HS': np.float64(1.051), 'MMD': np.float64(43.569)}, '3-181_226_169_6_4_4': {'VS': 0.113, 'HS': np.float64(2.205), 'MMD': np.float64(46.279)}, '4-181_226_169_999_6_4_4_0_0_0': {'VS': 0.0, 'HS': 0.0, 'MMD': 0.0}}","{'1-181_': {'VS': 0.985, 'HS': np.float64(1.443), 'MMD': np.float64(27.079)}, '2-181_226_6': {'VS': 0.508, 'HS': np.float64(1.003), 'MMD': np.float64(31.866)}, '3-181_226_169_6_4_4': {'VS': 0.212, 'HS': np.float64(1.487), 'MMD': np.float64(33.475)}, '4-181_226_169_999_6_4_4_0_0_0': {'VS': 0.206, 'HS': np.float64(1.425), 'MMD': np.float64(35.496)}}",254,0.099,107.567,0.243,0,0,0,0,0,0,0,0,0,0,0,0,0,0,0,0,0,0,0,0,0
3-181_226_999_6_0_0,3,627,1.002,34.095,"{'1-181_': {'VS': 0.6, 'HS': np.float64(2.021), 'MMD': np.float64(31.748)}, '2-181_226_6': {'VS': 0.264, 'HS': np.float64(1.051), 'MMD': np.float64(43.569)}, '3-181_226_999_6_0_0': {'VS': 0.0, 'HS': 0.0, 'MMD': 0.0}}","{'1-181_': {'VS': 0.985, 'HS': np.float64(1.443), 'MMD': np.float64(27.079)}, '2-181_226_6': {'VS': 0.508, 'HS': np.float64(1.003), 'MMD': np.float64(31.866)}, '3-181_226_999_6_0_0': {'VS': 0.508, 'HS': np.float64(1.002), 'MMD': np.float64(34.095)}}",627,0.244,79.38,0.315,0,0,0,0,0,0,0,0,0,0,0,0,0,0,0,0,0,0,0,0,0
4-181_226_157_999_6_4_4_0_0_0,4,277,1.469,35.744,"{'1-181_': {'VS': 0.6, 'HS': np.float64(2.021), 'MMD': np.float64(31.748)}, '2-181_226_6': {'VS': 0.264, 'HS': np.float64(1.051), 'MMD': np.float64(43.569)}, '3-181_226_157_6_4_4': {'VS': 0.134, 'HS': np.float64(2.364), 'MMD': np.float64(46.612)}, '4-181_226_157_999_6_4_4_0_0_0': {'VS': 0.0, 'HS': 0.0, 'MMD': 0.0}}","{'1-181_': {'VS': 0.985, 'HS': np.float64(1.443), 'MMD': np.float64(27.079)}, '2-181_226_6': {'VS': 0.508, 'HS': np.float64(1.003), 'MMD': np.float64(31.866)}, '3-181_226_157_6_4_4': {'VS': 0.236, 'HS': np.float64(1.533), 'MMD': np.float64(33.742)}, '4-181_226_157_999_6_4_4_0_0_0': {'VS': 0.224, 'HS': np.float64(1.469), 'MMD': np.float64(35.744)}}",277,0.102,108.132,0.244,0,0,0,0,0,0,0,0,0,0,0,0,0,0,0,0,0,0,0,0,0
3-181_202_999_3_0_0,3,263,1.015,31.943,"{'1-181_': {'VS': 0.6, 'HS': np.float64(2.021), 'MMD': np.float64(31.748)}, '2-181_202_3': {'VS': 0.12, 'HS': np.float64(1.028), 'MMD': np.float64(38.268)}, '3-181_202_999_3_0_0': {'VS': 0.0, 'HS': 0.0, 'MMD': 0.0}}","{'1-181_': {'VS': 0.985, 'HS': np.float64(1.443), 'MMD': np.float64(27.079)}, '2-181_202_3': {'VS': 0.213, 'HS': np.float64(1.019), 'MMD': np.float64(29.361)}, '3-181_202_999_3_0_0': {'VS': 0.213, 'HS': np.float64(1.015), 'MMD': np.float64(31.943)}}",263,0.093,50.567,0.239,0,0,0,0,0,0,0,0,0,0,0,0,0,0,0,0,0,0,0,0,0
4-181_202_225_999_4_4_0_0_0_0,4,306,2.118,35.536,"{'1-181_': {'VS': 0.6, 'HS': np.float64(2.021), 'MMD': np.float64(31.748)}, '2-181_202_4': {'VS': 0.408, 'HS': np.float64(3.255), 'MMD': np.float64(40.333)}, '3-181_202_225_4_4_0': {'VS': 0.071, 'HS': np.float64(4.298), 'MMD': np.float64(39.646)}, '4-181_202_225_999_4_4_0_0_0_0': {'VS': 0.0, 'HS': 0.0, 'MMD': 0.0}}","{'1-181_': {'VS': 0.985, 'HS': np.float64(1.443), 'MMD': np.float64(27.079)}, '2-181_202_4': {'VS': 0.618, 'HS': np.float64(1.864), 'MMD': np.float64(31.161)}, '3-181_202_225_4_4_0': {'VS': 0.271, 'HS': np.float64(2.43), 'MMD': np.float64(33.378)}, '4-181_202_225_999_4_4_0_0_0_0': {'VS': 0.248, 'HS': np.float64(2.118), 'MMD': np.float64(35.536)}}",306,0.2,48.404,0.265,0,0,0,0,0,0,0,0,0,0,0,0,0,0,0,0,0,0,0,0,0
4-181_202_212_999_4_3_0_0_0_0,4,249,1.566,35.466,"{'1-181_': {'VS': 0.6, 'HS': np.float64(2.021), 'MMD': np.float64(31.748)}, '2-181_202_4': {'VS': 0.408, 'HS': np.float64(3.255), 'MMD': np.float64(40.333)}, '3-181_202_212_4_3_0': {'VS': 0.123, 'HS': np.float64(1.818), 'MMD': np.float64(41.972)}, '4-181_202_212_999_4_3_0_0_0_0': {'VS': 0.0, 'HS': 0.0, 'MMD': 0.0}}","{'1-181_': {'VS': 0.985, 'HS': np.float64(1.443), 'MMD': np.float64(27.079)}, '2-181_202_4': {'VS': 0.618, 'HS': np.float64(1.864), 'MMD': np.float64(31.161)}, '3-181_202_212_4_3_0': {'VS': 0.218, 'HS': np.float64(1.636), 'MMD': np.float64(33.022)}, '4-181_202_212_999_4_3_0_0_0_0': {'VS': 0.202, 'HS': np.float64(1.566), 'MMD': np.float64(35.466)}}",249,0.095,62.009,0.23,0,0,0,0,0,0,0,0,0,0,0,0,0,0,0,0,0,0,0,0,0
4-181_202_212_999_4_4_0_0_0_0,4,476,2.662,35.631,"{'1-181_': {'VS': 0.6, 'HS': np.float64(2.021), 'MMD': np.float64(31.748)}, '2-181_202_4': {'VS': 0.408, 'HS': np.float64(3.255), 'MMD': np.float64(40.333)}, '3-181_202_212_4_4_0': {'VS': 0.347, 'HS': np.float64(8.667), 'MMD': np.float64(43.625)}, '4-181_202_212_999_4_4_0_0_0_0': {'VS': 0.0, 'HS': 0.0, 'MMD': 0.0}}","{'1-181_': {'VS': 0.985, 'HS': np.float64(1.443), 'MMD': np.float64(27.079)}, '2-181_202_4': {'VS': 0.618, 'HS': np.float64(1.864), 'MMD': np.float64(31.161)}, '3-181_202_212_4_4_0': {'VS': 0.415, 'HS': np.float64(3.129), 'MMD': np.float64(33.29)}, '4-181_202_212_999_4_4_0_0_0_0': {'VS': 0.386, 'HS': np.float64(2.662), 'MMD': np.float64(35.631)}}",476,0.068,70.912,0.221,0,0,0,0,0,0,0,0,0,0,0,0,0,0,0,0,0,0,0,0,0
4-181_202_208_999_4_4_0_0_0_0,4,250,1.636,36.364,"{'1-181_': {'VS': 0.6, 'HS': np.float64(2.021), 'MMD': np.float64(31.748)}, '2-181_202_4': {'VS': 0.408, 'HS': np.float64(3.255), 'MMD': np.float64(40.333)}, '3-181_202_208_4_4_0': {'VS': 0.216, 'HS': np.float64(3.723), 'MMD': np.float64(45.226)}, '4-181_202_208_999_4_4_0_0_0_0': {'VS': 0.0, 'HS': 0.0, 'MMD': 0.0}}","{'1-181_': {'VS': 0.985, 'HS': np.float64(1.443), 'MMD': np.float64(27.079)}, '2-181_202_4': {'VS': 0.618, 'HS': np.float64(1.864), 'MMD': np.float64(31.161)}, '3-181_202_208_4_4_0': {'VS': 0.223, 'HS': np.float64(1.836), 'MMD': np.float64(34.204)}, '4-181_202_208_999_4_4_0_0_0_0': {'VS': 0.203, 'HS': np.float64(1.636), 'MMD': np.float64(36.364)}}",250,0.007,75.803,0.201,0,0,0,0,0,0,0,0,0,0,0,0,0,0,0,0,0,0,0,0,0
4-181_202_224_999_4_4_0_0_0_0,4,293,2.154,35.075,"{'1-181_': {'VS': 0.6, 'HS': np.float64(2.021), 'MMD': np.float64(31.748)}, '2-181_202_4': {'VS': 0.408, 'HS': np.float64(3.255), 'MMD': np.float64(40.333)}, '3-181_202_224_4_4_0': {'VS': 0.07, 'HS': np.float64(4.903), 'MMD': np.float64(39.871)}, '4-181_202_224_999_4_4_0_0_0_0': {'VS': 0.0, 'HS': 0.0, 'MMD': 0.0}}","{'1-181_': {'VS': 0.985, 'HS': np.float64(1.443), 'MMD': np.float64(27.079)}, '2-181_202_4': {'VS': 0.618, 'HS': np.float64(1.864), 'MMD': np.float64(31.161)}, '3-181_202_224_4_4_0': {'VS': 0.264, 'HS': np.float64(2.396), 'MMD': np.float64(33.021)}, '4-181_202_224_999_4_4_0_0_0_0': {'VS': 0.237, 'HS': np.float64(2.154), 'MMD': np.float64(35.075)}}",293,0.194,50.949,0.263,0,0,0,0,0,0,0,0,0,0,0,0,0,0,0,0,0,0,0,0,0
4-181_202_213_999_4_4_0_0_0_0,4,418,2.778,35.9,"{'1-181_': {'VS': 0.6, 'HS': np.float64(2.021), 'MMD': np.float64(31.748)}, '2-181_202_4': {'VS': 0.408, 'HS': np.float64(3.255), 'MMD': np.float64(40.333)}, '3-181_202_213_4_4_0': {'VS': 0.323, 'HS': np.float64(8.312), 'MMD': np.float64(43.873)}, '4-181_202_213_999_4_4_0_0_0_0': {'VS': 0.0, 'HS': 0.0, 'MMD': 0.0}}","{'1-181_': {'VS': 0.985, 'HS': np.float64(1.443), 'MMD': np.float64(27.079)}, '2-181_202_4': {'VS': 0.618, 'HS': np.float64(1.864), 'MMD': np.float64(31.161)}, '3-181_202_213_4_4_0': {'VS': 0.373, 'HS': np.float64(3.217), 'MMD': np.float64(33.639)}, '4-181_202_213_999_4_4_0_0_0_0': {'VS': 0.339, 'HS': np.float64(2.778), 'MMD': np.float64(35.9)}}",418,0.05,70.22,0.215,0,0,0,0,0,0,0,0,0,0,0,0,0,0,0,0,0,0,0,0,0
4-181_202_172_999_4_4_0_0_0_0,4,267,1.629,35.157,"{'1-181_': {'VS': 0.6, 'HS': np.float64(2.021), 'MMD': np.float64(31.748)}, '2-181_202_4': {'VS': 0.408, 'HS': np.float64(3.255), 'MMD': np.float64(40.333)}, '3-181_202_172_4_4_0': {'VS': 0.217, 'HS': np.float64(3.035), 'MMD': np.float64(44.482)}, '4-181_202_172_999_4_4_0_0_0_0': {'VS': 0.0, 'HS': 0.0, 'MMD': 0.0}}","{'1-181_': {'VS': 0.985, 'HS': np.float64(1.443), 'MMD': np.float64(27.079)}, '2-181_202_4': {'VS': 0.618, 'HS': np.float64(1.864), 'MMD': np.float64(31.161)}, '3-181_202_172_4_4_0': {'VS': 0.245, 'HS': np.float64(1.834), 'MMD': np.float64(32.987)}, '4-181_202_172_999_4_4_0_0_0_0': {'VS': 0.216, 'HS': np.float64(1.629), 'MMD': np.float64(35.157)}}",267,0.028,79.353,0.208,0,0,0,0,0,0,0,0,0,0,0,0,0,0,0,0,0,0,0,0,0
3-181_202_999_4_0_0,3,747,1.728,33.91,"{'1-181_': {'VS': 0.6, 'HS': np.float64(2.021), 'MMD': np.float64(31.748)}, '2-181_202_4': {'VS': 0.408, 'HS': np.float64(3.255), 'MMD': np.float64(40.333)}, '3-181_202_999_4_0_0': {'VS': 0.0, 'HS': 0.0, 'MMD': 0.0}}","{'1-181_': {'VS': 0.985, 'HS': np.float64(1.443), 'MMD': np.float64(27.079)}, '2-181_202_4': {'VS': 0.618, 'HS': np.float64(1.864), 'MMD': np.float64(31.161)}, '3-181_202_999_4_0_0': {'VS': 0.605, 'HS': np.float64(1.728), 'MMD': np.float64(33.91)}}",747,0.21,52.963,0.297,0,0,0,0,1,0,0,0,0,0,0,0,0,0,0,0,0,0,0,0,1
4-181_225_202_999_4_4_0_0_0_0,4,288,2.247,35.326,"{'1-181_': {'VS': 0.6, 'HS': np.float64(2.021), 'MMD': np.float64(31.748)}, '2-181_225_4': {'VS': 0.125, 'HS': np.float64(3.304), 'MMD': np.float64(32.636)}, '3-181_225_202_4_4_0': {'VS': 0.067, 'HS': np.float64(4.449), 'MMD': np.float64(40.527)}, '4-181_225_202_999_4_4_0_0_0_0': {'VS': 0.0, 'HS': 0.0, 'MMD': 0.0}}","{'1-181_': {'VS': 0.985, 'HS': np.float64(1.443), 'MMD': np.float64(27.079)}, '2-181_225_4': {'VS': 0.601, 'HS': np.float64(2.534), 'MMD': np.float64(30.478)}, '3-181_225_202_4_4_0': {'VS': 0.262, 'HS': np.float64(2.477), 'MMD': np.float64(33.149)}, '4-181_225_202_999_4_4_0_0_0_0': {'VS': 0.233, 'HS': np.float64(2.247), 'MMD': np.float64(35.326)}}",288,0.195,26.964,0.352,0,0,0,0,0,0,0,0,0,0,0,0,0,0,0,0,0,0,0,0,0
4-181_225_212_999_4_3_0_0_0_0,4,272,2.121,35.118,"{'1-181_': {'VS': 0.6, 'HS': np.float64(2.021), 'MMD': np.float64(31.748)}, '2-181_225_4': {'VS': 0.125, 'HS': np.float64(3.304), 'MMD': np.float64(32.636)}, '3-181_225_212_4_3_0': {'VS': 0.023, 'HS': np.float64(2.036), 'MMD': np.float64(35.182)}, '4-181_225_212_999_4_3_0_0_0_0': {'VS': 0.0, 'HS': 0.0, 'MMD': 0.0}}","{'1-181_': {'VS': 0.985, 'HS': np.float64(1.443), 'MMD': np.float64(27.079)}, '2-181_225_4': {'VS': 0.601, 'HS': np.float64(2.534), 'MMD': np.float64(30.478)}, '3-181_225_212_4_3_0': {'VS': 0.229, 'HS': np.float64(2.339), 'MMD': np.float64(32.753)}, '4-181_225_212_999_4_3_0_0_0_0': {'VS': 0.22, 'HS': np.float64(2.121), 'MMD': np.float64(35.118)}}",272,0.206,10.786,0.356,0,0,0,0,0,0,0,0,0,0,0,0,0,0,0,0,0,0,0,0,0
4-181_225_212_999_4_4_0_0_0_0,4,517,3.76,34.885,"{'1-181_': {'VS': 0.6, 'HS': np.float64(2.021), 'MMD': np.float64(31.748)}, '2-181_225_4': {'VS': 0.125, 'HS': np.float64(3.304), 'MMD': np.float64(32.636)}, '3-181_225_212_4_4_0': {'VS': 0.097, 'HS': np.float64(9.585), 'MMD': np.float64(38.041)}, '4-181_225_212_999_4_4_0_0_0_0': {'VS': 0.0, 'HS': 0.0, 'MMD': 0.0}}","{'1-181_': {'VS': 0.985, 'HS': np.float64(1.443), 'MMD': np.float64(27.079)}, '2-181_225_4': {'VS': 0.601, 'HS': np.float64(2.534), 'MMD': np.float64(30.478)}, '3-181_225_212_4_4_0': {'VS': 0.451, 'HS': np.float64(4.478), 'MMD': np.float64(32.523)}, '4-181_225_212_999_4_4_0_0_0_0': {'VS': 0.419, 'HS': np.float64(3.76), 'MMD': np.float64(34.885)}}",517,0.354,18.968,0.405,0,0,0,0,0,0,0,0,1,0,0,0,0,0,0,0,1,1,0,0,1
4-181_225_213_999_4_4_0_0_0_0,4,499,3.613,35.094,"{'1-181_': {'VS': 0.6, 'HS': np.float64(2.021), 'MMD': np.float64(31.748)}, '2-181_225_4': {'VS': 0.125, 'HS': np.float64(3.304), 'MMD': np.float64(32.636)}, '3-181_225_213_4_4_0': {'VS': 0.089, 'HS': np.float64(8.771), 'MMD': np.float64(38.626)}, '4-181_225_213_999_4_4_0_0_0_0': {'VS': 0.0, 'HS': 0.0, 'MMD': 0.0}}","{'1-181_': {'VS': 0.985, 'HS': np.float64(1.443), 'MMD': np.float64(27.079)}, '2-181_225_4': {'VS': 0.601, 'HS': np.float64(2.534), 'MMD': np.float64(30.478)}, '3-181_225_213_4_4_0': {'VS': 0.431, 'HS': np.float64(4.329), 'MMD': np.float64(32.684)}, '4-181_225_213_999_4_4_0_0_0_0': {'VS': 0.404, 'HS': np.float64(3.613), 'MMD': np.float64(35.094)}}",499,0.342,20.588,0.401,0,0,0,0,0,0,0,0,1,0,0,0,0,0,0,0,1,1,0,0,1
4-181_225_172_999_4_4_0_0_0_0,4,300,2.11,34.27,"{'1-181_': {'VS': 0.6, 'HS': np.float64(2.021), 'MMD': np.float64(31.748)}, '2-181_225_4': {'VS': 0.125, 'HS': np.float64(3.304), 'MMD': np.float64(32.636)}, '3-181_225_172_4_4_0': {'VS': 0.067, 'HS': np.float64(3.671), 'MMD': np.float64(39.178)}, '4-181_225_172_999_4_4_0_0_0_0': {'VS': 0.0, 'HS': 0.0, 'MMD': 0.0}}","{'1-181_': {'VS': 0.985, 'HS': np.float64(1.443), 'MMD': np.float64(27.079)}, '2-181_225_4': {'VS': 0.601, 'HS': np.float64(2.534), 'MMD': np.float64(30.478)}, '3-181_225_172_4_4_0': {'VS': 0.266, 'HS': np.float64(2.39), 'MMD': np.float64(32.233)}, '4-181_225_172_999_4_4_0_0_0_0': {'VS': 0.243, 'HS': np.float64(2.11), 'MMD': np.float64(34.27)}}",300,0.199,24.897,0.353,0,0,0,0,0,0,0,0,0,0,0,0,0,0,0,0,0,0,0,0,0
3-181_225_999_4_0_0,3,717,2.343,33.424,"{'1-181_': {'VS': 0.6, 'HS': np.float64(2.021), 'MMD': np.float64(31.748)}, '2-181_225_4': {'VS': 0.125, 'HS': np.float64(3.304), 'MMD': np.float64(32.636)}, '3-181_225_999_4_0_0': {'VS': 0.0, 'HS': 0.0, 'MMD': 0.0}}","{'1-181_': {'VS': 0.985, 'HS': np.float64(1.443), 'MMD': np.float64(27.079)}, '2-181_225_4': {'VS': 0.601, 'HS': np.float64(2.534), 'MMD': np.float64(30.478)}, '3-181_225_999_4_0_0': {'VS': 0.581, 'HS': np.float64(2.343), 'MMD': np.float64(33.424)}}",717,0.476,13.228,0.43,0,0,0,0,1,0,0,0,1,1,1,0,0,0,0,0,1,1,0,0,1
3-181_212_999_3_0_0,3,508,1.03,31.642,"{'1-181_': {'VS': 0.6, 'HS': np.float64(2.021), 'MMD': np.float64(31.748)}, '2-181_212_3': {'VS': 0.227, 'HS': np.float64(1.104), 'MMD': np.float64(33.189)}, '3-181_212_999_3_0_0': {'VS': 0.0, 'HS': 0.0, 'MMD': 0.0}}","{'1-181_': {'VS': 0.985, 'HS': np.float64(1.443), 'MMD': np.float64(27.079)}, '2-181_212_3': {'VS': 0.414, 'HS': np.float64(1.039), 'MMD': np.float64(28.288)}, '3-181_212_999_3_0_0': {'VS': 0.412, 'HS': np.float64(1.03), 'MMD': np.float64(31.642)}}",508,0.187,22.91,0.286,0,0,0,0,0,0,0,0,0,0,0,0,0,0,0,0,0,0,0,0,0
4-181_212_193_999_4_4_0_0_0_0,4,281,2.658,35.374,"{'1-181_': {'VS': 0.6, 'HS': np.float64(2.021), 'MMD': np.float64(31.748)}, '2-181_212_4': {'VS': 0.502, 'HS': np.float64(7.21), 'MMD': np.float64(38.73)}, '3-181_212_193_4_4_0': {'VS': 0.208, 'HS': np.float64(7.743), 'MMD': np.float64(43.928)}, '4-181_212_193_999_4_4_0_0_0_0': {'VS': 0.0, 'HS': 0.0, 'MMD': 0.0}}","{'1-181_': {'VS': 0.985, 'HS': np.float64(1.443), 'MMD': np.float64(27.079)}, '2-181_212_4': {'VS': 0.84, 'HS': np.float64(3.617), 'MMD': np.float64(30.05)}, '3-181_212_193_4_4_0': {'VS': 0.248, 'HS': np.float64(3.036), 'MMD': np.float64(33.033)}, '4-181_212_193_999_4_4_0_0_0_0': {'VS': 0.228, 'HS': np.float64(2.658), 'MMD': np.float64(35.374)}}",281,0.04,71.948,0.254,0,0,0,0,0,0,0,0,0,0,0,0,0,0,0,0,0,0,0,0,0
4-181_212_214_999_4_3_0_0_0_0,4,256,2.535,32.814,"{'1-181_': {'VS': 0.6, 'HS': np.float64(2.021), 'MMD': np.float64(31.748)}, '2-181_212_4': {'VS': 0.502, 'HS': np.float64(7.21), 'MMD': np.float64(38.73)}, '3-181_212_214_4_3_0': {'VS': 0.169, 'HS': np.float64(3.371), 'MMD': np.float64(39.99)}, '4-181_212_214_999_4_3_0_0_0_0': {'VS': 0.0, 'HS': 0.0, 'MMD': 0.0}}","{'1-181_': {'VS': 0.985, 'HS': np.float64(1.443), 'MMD': np.float64(27.079)}, '2-181_212_4': {'VS': 0.84, 'HS': np.float64(3.617), 'MMD': np.float64(30.05)}, '3-181_212_214_4_3_0': {'VS': 0.22, 'HS': np.float64(2.672), 'MMD': np.float64(30.061)}, '4-181_212_214_999_4_3_0_0_0_0': {'VS': 0.207, 'HS': np.float64(2.535), 'MMD': np.float64(32.814)}}",256,0.051,65.242,0.258,0,0,0,0,0,0,0,0,0,0,0,0,0,0,0,0,0,0,0,0,0
4-181_212_202_999_4_4_0_0_0_0,4,456,2.901,35.466,"{'1-181_': {'VS': 0.6, 'HS': np.float64(2.021), 'MMD': np.float64(31.748)}, '2-181_212_4': {'VS': 0.502, 'HS': np.float64(7.21), 'MMD': np.float64(38.73)}, '3-181_212_202_4_4_0': {'VS': 0.342, 'HS': np.float64(8.549), 'MMD': np.float64(43.796)}, '4-181_212_202_999_4_4_0_0_0_0': {'VS': 0.0, 'HS': 0.0, 'MMD': 0.0}}","{'1-181_': {'VS': 0.985, 'HS': np.float64(1.443), 'MMD': np.float64(27.079)}, '2-181_212_4': {'VS': 0.84, 'HS': np.float64(3.617), 'MMD': np.float64(30.05)}, '3-181_212_202_4_4_0': {'VS': 0.401, 'HS': np.float64(3.311), 'MMD': np.float64(33.104)}, '4-181_212_202_999_4_4_0_0_0_0': {'VS': 0.37, 'HS': np.float64(2.901), 'MMD': np.float64(35.466)}}",456,0.059,70.487,0.261,0,0,0,0,0,0,0,0,0,0,0,0,0,0,0,0,0,0,0,0,0
4-181_212_225_999_4_4_0_0_0_0,4,538,3.81,34.86,"{'1-181_': {'VS': 0.6, 'HS': np.float64(2.021), 'MMD': np.float64(31.748)}, '2-181_212_4': {'VS': 0.502, 'HS': np.float64(7.21), 'MMD': np.float64(38.73)}, '3-181_212_225_4_4_0': {'VS': 0.096, 'HS': np.float64(9.535), 'MMD': np.float64(37.783)}, '4-181_212_225_999_4_4_0_0_0_0': {'VS': 0.0, 'HS': 0.0, 'MMD': 0.0}}","{'1-181_': {'VS': 0.985, 'HS': np.float64(1.443), 'MMD': np.float64(27.079)}, '2-181_212_4': {'VS': 0.84, 'HS': np.float64(3.617), 'MMD': np.float64(30.05)}, '3-181_212_225_4_4_0': {'VS': 0.46, 'HS': np.float64(4.465), 'MMD': np.float64(32.483)}, '4-181_212_225_999_4_4_0_0_0_0': {'VS': 0.436, 'HS': np.float64(3.81), 'MMD': np.float64(34.86)}}",538,0.364,41.744,0.362,0,0,0,0,0,0,0,0,1,0,0,0,0,0,0,0,0,0,0,0,1
4-181_212_220_999_4_4_0_0_0_0,4,361,3.053,35.022,"{'1-181_': {'VS': 0.6, 'HS': np.float64(2.021), 'MMD': np.float64(31.748)}, '2-181_212_4': {'VS': 0.502, 'HS': np.float64(7.21), 'MMD': np.float64(38.73)}, '3-181_212_220_4_4_0': {'VS': 0.252, 'HS': np.float64(9.146), 'MMD': np.float64(43.7)}, '4-181_212_220_999_4_4_0_0_0_0': {'VS': 0.0, 'HS': 0.0, 'MMD': 0.0}}","{'1-181_': {'VS': 0.985, 'HS': np.float64(1.443), 'MMD': np.float64(27.079)}, '2-181_212_4': {'VS': 0.84, 'HS': np.float64(3.617), 'MMD': np.float64(30.05)}, '3-181_212_220_4_4_0': {'VS': 0.311, 'HS': np.float64(3.51), 'MMD': np.float64(32.742)}, '4-181_212_220_999_4_4_0_0_0_0': {'VS': 0.293, 'HS': np.float64(3.053), 'MMD': np.float64(35.022)}}",361,0.059,72.407,0.261,0,0,0,0,0,0,0,0,0,0,0,0,0,0,0,0,0,0,0,0,0
4-181_212_208_999_4_4_0_0_0_0,4,395,2.777,35.301,"{'1-181_': {'VS': 0.6, 'HS': np.float64(2.021), 'MMD': np.float64(31.748)}, '2-181_212_4': {'VS': 0.502, 'HS': np.float64(7.21), 'MMD': np.float64(38.73)}, '3-181_212_208_4_4_0': {'VS': 0.278, 'HS': np.float64(8.064), 'MMD': np.float64(44.508)}, '4-181_212_208_999_4_4_0_0_0_0': {'VS': 0.0, 'HS': 0.0, 'MMD': 0.0}}","{'1-181_': {'VS': 0.985, 'HS': np.float64(1.443), 'MMD': np.float64(27.079)}, '2-181_212_4': {'VS': 0.84, 'HS': np.float64(3.617), 'MMD': np.float64(30.05)}, '3-181_212_208_4_4_0': {'VS': 0.349, 'HS': np.float64(3.165), 'MMD': np.float64(32.905)}, '4-181_212_208_999_4_4_0_0_0_0': {'VS': 0.32, 'HS': np.float64(2.777), 'MMD': np.float64(35.301)}}",395,0.071,77.257,0.265,0,0,0,0,0,0,0,0,0,0,0,0,0,0,0,0,0,0,0,0,0
4-181_212_196_999_4_4_0_0_0_0,4,335,2.782,34.525,"{'1-181_': {'VS': 0.6, 'HS': np.float64(2.021), 'MMD': np.float64(31.748)}, '2-181_212_4': {'VS': 0.502, 'HS': np.float64(7.21), 'MMD': np.float64(38.73)}, '3-181_212_196_4_4_0': {'VS': 0.216, 'HS': np.float64(6.398), 'MMD': np.float64(43.36)}, '4-181_212_196_999_4_4_0_0_0_0': {'VS': 0.0, 'HS': 0.0, 'MMD': 0.0}}","{'1-181_': {'VS': 0.985, 'HS': np.float64(1.443), 'MMD': np.float64(27.079)}, '2-181_212_4': {'VS': 0.84, 'HS': np.float64(3.617), 'MMD': np.float64(30.05)}, '3-181_212_196_4_4_0': {'VS': 0.299, 'HS': np.float64(3.081), 'MMD': np.float64(32.454)}, '4-181_212_196_999_4_4_0_0_0_0': {'VS': 0.271, 'HS': np.float64(2.782), 'MMD': np.float64(34.525)}}",335,0.083,72.028,0.269,0,0,0,0,0,0,0,0,0,0,0,0,0,0,0,0,0,0,0,0,0
4-181_212_224_999_4_3_0_0_0_0,4,319,2.614,34.323,"{'1-181_': {'VS': 0.6, 'HS': np.float64(2.021), 'MMD': np.float64(31.748)}, '2-181_212_4': {'VS': 0.502, 'HS': np.float64(7.21), 'MMD': np.float64(38.73)}, '3-181_212_224_4_3_0': {'VS': 0.041, 'HS': np.float64(3.268), 'MMD': np.float64(36.929)}, '4-181_212_224_999_4_3_0_0_0_0': {'VS': 0.0, 'HS': 0.0, 'MMD': 0.0}}","{'1-181_': {'VS': 0.985, 'HS': np.float64(1.443), 'MMD': np.float64(27.079)}, '2-181_212_4': {'VS': 0.84, 'HS': np.float64(3.617), 'MMD': np.float64(30.05)}, '3-181_212_224_4_3_0': {'VS': 0.266, 'HS': np.float64(2.899), 'MMD': np.float64(32.032)}, '4-181_212_224_999_4_3_0_0_0_0': {'VS': 0.259, 'HS': np.float64(2.614), 'MMD': np.float64(34.323)}}",319,0.225,40.374,0.316,0,0,0,0,0,0,0,0,0,0,0,0,0,0,0,0,0,0,0,0,0
4-181_212_224_999_4_4_0_0_0_0,4,511,3.763,34.761,"{'1-181_': {'VS': 0.6, 'HS': np.float64(2.021), 'MMD': np.float64(31.748)}, '2-181_212_4': {'VS': 0.502, 'HS': np.float64(7.21), 'MMD': np.float64(38.73)}, '3-181_212_224_4_4_0': {'VS': 0.097, 'HS': np.float64(10.266), 'MMD': np.float64(38.827)}, '4-181_212_224_999_4_4_0_0_0_0': {'VS': 0.0, 'HS': 0.0, 'MMD': 0.0}}","{'1-181_': {'VS': 0.985, 'HS': np.float64(1.443), 'MMD': np.float64(27.079)}, '2-181_212_4': {'VS': 0.84, 'HS': np.float64(3.617), 'MMD': np.float64(30.05)}, '3-181_212_224_4_4_0': {'VS': 0.438, 'HS': np.float64(4.421), 'MMD': np.float64(32.333)}, '4-181_212_224_999_4_4_0_0_0_0': {'VS': 0.414, 'HS': np.float64(3.763), 'MMD': np.float64(34.761)}}",511,0.341,46.438,0.355,0,0,0,0,0,0,0,0,1,0,0,0,0,0,0,0,0,0,0,0,1
4-181_212_172_999_4_4_0_0_0_0,4,450,2.858,34.687,"{'1-181_': {'VS': 0.6, 'HS': np.float64(2.021), 'MMD': np.float64(31.748)}, '2-181_212_4': {'VS': 0.502, 'HS': np.float64(7.21), 'MMD': np.float64(38.73)}, '3-181_212_172_4_4_0': {'VS': 0.285, 'HS': np.float64(6.332), 'MMD': np.float64(43.76)}, '4-181_212_172_999_4_4_0_0_0_0': {'VS': 0.0, 'HS': 0.0, 'MMD': 0.0}}","{'1-181_': {'VS': 0.985, 'HS': np.float64(1.443), 'MMD': np.float64(27.079)}, '2-181_212_4': {'VS': 0.84, 'HS': np.float64(3.617), 'MMD': np.float64(30.05)}, '3-181_212_172_4_4_0': {'VS': 0.395, 'HS': np.float64(3.18), 'MMD': np.float64(32.564)}, '4-181_212_172_999_4_4_0_0_0_0': {'VS': 0.365, 'HS': np.float64(2.858), 'MMD': np.float64(34.687)}}",450,0.11,74.164,0.278,0,0,0,0,0,0,0,0,0,0,0,0,0,0,0,0,0,0,0,0,0
4-181_212_199_999_4_4_0_0_0_0,4,352,2.838,35.582,"{'1-181_': {'VS': 0.6, 'HS': np.float64(2.021), 'MMD': np.float64(31.748)}, '2-181_212_4': {'VS': 0.502, 'HS': np.float64(7.21), 'MMD': np.float64(38.73)}, '3-181_212_199_4_4_0': {'VS': 0.261, 'HS': np.float64(8.142), 'MMD': np.float64(44.197)}, '4-181_212_199_999_4_4_0_0_0_0': {'VS': 0.0, 'HS': 0.0, 'MMD': 0.0}}","{'1-181_': {'VS': 0.985, 'HS': np.float64(1.443), 'MMD': np.float64(27.079)}, '2-181_212_4': {'VS': 0.84, 'HS': np.float64(3.617), 'MMD': np.float64(30.05)}, '3-181_212_199_4_4_0': {'VS': 0.306, 'HS': np.float64(3.259), 'MMD': np.float64(33.336)}, '4-181_212_199_999_4_4_0_0_0_0': {'VS': 0.285, 'HS': np.float64(2.838), 'MMD': np.float64(35.582)}}",352,0.045,71.701,0.256,0,0,0,0,0,0,0,0,0,0,0,0,0,0,0,0,0,0,0,0,0
4-181_212_221_999_4_4_0_0_0_0,4,323,3.35,34.748,"{'1-181_': {'VS': 0.6, 'HS': np.float64(2.021), 'MMD': np.float64(31.748)}, '2-181_212_4': {'VS': 0.502, 'HS': np.float64(7.21), 'MMD': np.float64(38.73)}, '3-181_212_221_4_4_0': {'VS': 0.225, 'HS': np.float64(9.68), 'MMD': np.float64(42.574)}, '4-181_212_221_999_4_4_0_0_0_0': {'VS': 0.0, 'HS': 0.0, 'MMD': 0.0}}","{'1-181_': {'VS': 0.985, 'HS': np.float64(1.443), 'MMD': np.float64(27.079)}, '2-181_212_4': {'VS': 0.84, 'HS': np.float64(3.617), 'MMD': np.float64(30.05)}, '3-181_212_221_4_4_0': {'VS': 0.282, 'HS': np.float64(3.819), 'MMD': np.float64(32.5)}, '4-181_212_221_999_4_4_0_0_0_0': {'VS': 0.262, 'HS': np.float64(3.35), 'MMD': np.float64(34.748)}}",323,0.057,66.209,0.26,0,0,0,0,0,0,0,0,0,0,0,0,0,0,0,0,0,0,0,0,0
4-181_212_169_999_4_4_0_0_0_0,4,339,2.894,34.826,"{'1-181_': {'VS': 0.6, 'HS': np.float64(2.021), 'MMD': np.float64(31.748)}, '2-181_212_4': {'VS': 0.502, 'HS': np.float64(7.21), 'MMD': np.float64(38.73)}, '3-181_212_169_4_4_0': {'VS': 0.196, 'HS': np.float64(6.117), 'MMD': np.float64(43.089)}, '4-181_212_169_999_4_4_0_0_0_0': {'VS': 0.0, 'HS': 0.0, 'MMD': 0.0}}","{'1-181_': {'VS': 0.985, 'HS': np.float64(1.443), 'MMD': np.float64(27.079)}, '2-181_212_4': {'VS': 0.84, 'HS': np.float64(3.617), 'MMD': np.float64(30.05)}, '3-181_212_169_4_4_0': {'VS': 0.292, 'HS': np.float64(3.233), 'MMD': np.float64(32.511)}, '4-181_212_169_999_4_4_0_0_0_0': {'VS': 0.275, 'HS': np.float64(2.894), 'MMD': np.float64(34.826)}}",339,0.096,69.679,0.273,0,0,0,0,0,0,0,0,0,0,0,0,0,0,0,0,0,0,0,0,0
3-181_212_999_4_0_0,3,1025,3.338,33.047,"{'1-181_': {'VS': 0.6, 'HS': np.float64(2.021), 'MMD': np.float64(31.748)}, '2-181_212_4': {'VS': 0.502, 'HS': np.float64(7.21), 'MMD': np.float64(38.73)}, '3-181_212_999_4_0_0': {'VS': 0.0, 'HS': 0.0, 'MMD': 0.0}}","{'1-181_': {'VS': 0.985, 'HS': np.float64(1.443), 'MMD': np.float64(27.079)}, '2-181_212_4': {'VS': 0.84, 'HS': np.float64(3.617), 'MMD': np.float64(30.05)}, '3-181_212_999_4_0_0': {'VS': 0.831, 'HS': np.float64(3.338), 'MMD': np.float64(33.047)}}",1025,0.338,48.571,0.361,0,0,0,0,1,1,0,0,1,0,0,0,0,0,0,0,0,0,0,0,1
4-181_212_157_999_4_4_0_0_0_0,4,323,2.774,35.143,"{'1-181_': {'VS': 0.6, 'HS': np.float64(2.021), 'MMD': np.float64(31.748)}, '2-181_212_4': {'VS': 0.502, 'HS': np.float64(7.21), 'MMD': np.float64(38.73)}, '3-181_212_157_4_4_0': {'VS': 0.216, 'HS': np.float64(6.593), 'MMD': np.float64(43.945)}, '4-181_212_157_999_4_4_0_0_0_0': {'VS': 0.0, 'HS': 0.0, 'MMD': 0.0}}","{'1-181_': {'VS': 0.985, 'HS': np.float64(1.443), 'MMD': np.float64(27.079)}, '2-181_212_4': {'VS': 0.84, 'HS': np.float64(3.617), 'MMD': np.float64(30.05)}, '3-181_212_157_4_4_0': {'VS': 0.279, 'HS': np.float64(3.134), 'MMD': np.float64(32.804)}, '4-181_212_157_999_4_4_0_0_0_0': {'VS': 0.262, 'HS': np.float64(2.774), 'MMD': np.float64(35.143)}}",323,0.063,73.755,0.262,0,0,0,0,0,0,0,0,0,0,0,0,0,0,0,0,0,0,0,0,0
4-181_212_178_999_4_4_0_0_0_0,4,306,2.948,34.111,"{'1-181_': {'VS': 0.6, 'HS': np.float64(2.021), 'MMD': np.float64(31.748)}, '2-181_212_4': {'VS': 0.502, 'HS': np.float64(7.21), 'MMD': np.float64(38.73)}, '3-181_212_178_4_4_0': {'VS': 0.13, 'HS': np.float64(4.292), 'MMD': np.float64(44.322)}, '4-181_212_178_999_4_4_0_0_0_0': {'VS': 0.0, 'HS': 0.0, 'MMD': 0.0}}","{'1-181_': {'VS': 0.985, 'HS': np.float64(1.443), 'MMD': np.float64(27.079)}, '2-181_212_4': {'VS': 0.84, 'HS': np.float64(3.617), 'MMD': np.float64(30.05)}, '3-181_212_178_4_4_0': {'VS': 0.261, 'HS': np.float64(3.255), 'MMD': np.float64(32.164)}, '4-181_212_178_999_4_4_0_0_0_0': {'VS': 0.248, 'HS': np.float64(2.948), 'MMD': np.float64(34.111)}}",306,0.131,81.653,0.285,0,0,0,0,0,0,0,0,0,0,0,0,0,0,0,0,0,0,0,0,0
4-181_212_215_999_4_4_0_0_0_0,4,258,3.938,33.792,"{'1-181_': {'VS': 0.6, 'HS': np.float64(2.021), 'MMD': np.float64(31.748)}, '2-181_212_4': {'VS': 0.502, 'HS': np.float64(7.21), 'MMD': np.float64(38.73)}, '3-181_212_215_4_4_0': {'VS': 0.186, 'HS': np.float64(10.752), 'MMD': np.float64(39.527)}, '4-181_212_215_999_4_4_0_0_0_0': {'VS': 0.0, 'HS': 0.0, 'MMD': 0.0}}","{'1-181_': {'VS': 0.985, 'HS': np.float64(1.443), 'MMD': np.float64(27.079)}, '2-181_212_4': {'VS': 0.84, 'HS': np.float64(3.617), 'MMD': np.float64(30.05)}, '3-181_212_215_4_4_0': {'VS': 0.223, 'HS': np.float64(4.444), 'MMD': np.float64(31.023)}, '4-181_212_215_999_4_4_0_0_0_0': {'VS': 0.209, 'HS': np.float64(3.938), 'MMD': np.float64(33.792)}}",258,0.037,56.487,0.253,0,0,0,0,0,0,0,0,0,0,0,0,0,0,0,0,0,0,0,0,0
3-181_220_999_3_0_0,3,277,1.007,32.347,"{'1-181_': {'VS': 0.6, 'HS': np.float64(2.021), 'MMD': np.float64(31.748)}, '2-181_220_3': {'VS': 0.115, 'HS': np.float64(1.044), 'MMD': np.float64(36.015)}, '3-181_220_999_3_0_0': {'VS': 0.0, 'HS': 0.0, 'MMD': 0.0}}","{'1-181_': {'VS': 0.985, 'HS': np.float64(1.443), 'MMD': np.float64(27.079)}, '2-181_220_3': {'VS': 0.226, 'HS': np.float64(1.007), 'MMD': np.float64(29.728)}, '3-181_220_999_3_0_0': {'VS': 0.224, 'HS': np.float64(1.007), 'MMD': np.float64(32.347)}}",277,0.111,30.663,0.248,0,0,0,0,0,0,0,0,0,0,0,0,0,0,0,0,0,0,0,0,0
4-181_220_225_999_4_4_0_0_0_0,4,251,2.394,35.01,"{'1-181_': {'VS': 0.6, 'HS': np.float64(2.021), 'MMD': np.float64(31.748)}, '2-181_220_4': {'VS': 0.308, 'HS': np.float64(3.276), 'MMD': np.float64(40.093)}, '3-181_220_225_4_4_0': {'VS': 0.05, 'HS': np.float64(5.958), 'MMD': np.float64(41.397)}, '4-181_220_225_999_4_4_0_0_0_0': {'VS': 0.0, 'HS': 0.0, 'MMD': 0.0}}","{'1-181_': {'VS': 0.985, 'HS': np.float64(1.443), 'MMD': np.float64(27.079)}, '2-181_220_4': {'VS': 0.485, 'HS': np.float64(1.945), 'MMD': np.float64(30.762)}, '3-181_220_225_4_4_0': {'VS': 0.223, 'HS': np.float64(2.735), 'MMD': np.float64(32.836)}, '4-181_220_225_999_4_4_0_0_0_0': {'VS': 0.203, 'HS': np.float64(2.394), 'MMD': np.float64(35.01)}}",251,0.173,60.719,0.245,0,0,0,0,0,0,0,0,0,0,0,0,0,0,0,0,0,0,0,0,0
4-181_220_212_999_4_4_0_0_0_0,4,380,3.211,35.495,"{'1-181_': {'VS': 0.6, 'HS': np.float64(2.021), 'MMD': np.float64(31.748)}, '2-181_220_4': {'VS': 0.308, 'HS': np.float64(3.276), 'MMD': np.float64(40.093)}, '3-181_220_212_4_4_0': {'VS': 0.255, 'HS': np.float64(8.962), 'MMD': np.float64(43.374)}, '4-181_220_212_999_4_4_0_0_0_0': {'VS': 0.0, 'HS': 0.0, 'MMD': 0.0}}","{'1-181_': {'VS': 0.985, 'HS': np.float64(1.443), 'MMD': np.float64(27.079)}, '2-181_220_4': {'VS': 0.485, 'HS': np.float64(1.945), 'MMD': np.float64(30.762)}, '3-181_220_212_4_4_0': {'VS': 0.331, 'HS': np.float64(3.702), 'MMD': np.float64(33.046)}, '4-181_220_212_999_4_4_0_0_0_0': {'VS': 0.308, 'HS': np.float64(3.211), 'MMD': np.float64(35.495)}}",380,0.076,71.845,0.213,0,0,0,0,0,0,0,0,0,0,0,0,0,0,0,0,0,0,0,0,0
4-181_220_213_999_4_4_0_0_0_0,4,364,3.049,35.745,"{'1-181_': {'VS': 0.6, 'HS': np.float64(2.021), 'MMD': np.float64(31.748)}, '2-181_220_4': {'VS': 0.308, 'HS': np.float64(3.276), 'MMD': np.float64(40.093)}, '3-181_220_213_4_4_0': {'VS': 0.236, 'HS': np.float64(8.589), 'MMD': np.float64(43.641)}, '4-181_220_213_999_4_4_0_0_0_0': {'VS': 0.0, 'HS': 0.0, 'MMD': 0.0}}","{'1-181_': {'VS': 0.985, 'HS': np.float64(1.443), 'MMD': np.float64(27.079)}, '2-181_220_4': {'VS': 0.485, 'HS': np.float64(1.945), 'MMD': np.float64(30.762)}, '3-181_220_213_4_4_0': {'VS': 0.314, 'HS': np.float64(3.546), 'MMD': np.float64(33.289)}, '4-181_220_213_999_4_4_0_0_0_0': {'VS': 0.295, 'HS': np.float64(3.049), 'MMD': np.float64(35.745)}}",364,0.078,72.01,0.213,0,0,0,0,0,0,0,0,0,0,0,0,0,0,0,0,0,0,0,0,0
3-181_220_999_4_0_0,3,580,1.826,33.728,"{'1-181_': {'VS': 0.6, 'HS': np.float64(2.021), 'MMD': np.float64(31.748)}, '2-181_220_4': {'VS': 0.308, 'HS': np.float64(3.276), 'MMD': np.float64(40.093)}, '3-181_220_999_4_0_0': {'VS': 0.0, 'HS': 0.0, 'MMD': 0.0}}","{'1-181_': {'VS': 0.985, 'HS': np.float64(1.443), 'MMD': np.float64(27.079)}, '2-181_220_4': {'VS': 0.485, 'HS': np.float64(1.945), 'MMD': np.float64(30.762)}, '3-181_220_999_4_0_0': {'VS': 0.47, 'HS': np.float64(1.826), 'MMD': np.float64(33.728)}}",580,0.177,54.434,0.281,0,0,0,0,0,0,0,0,0,0,0,0,0,0,0,0,0,0,0,0,0
3-181_208_999_3_0_0,3,280,1.007,33.132,"{'1-181_': {'VS': 0.6, 'HS': np.float64(2.021), 'MMD': np.float64(31.748)}, '2-181_208_3': {'VS': 0.108, 'HS': np.float64(1.031), 'MMD': np.float64(37.117)}, '3-181_208_999_3_0_0': {'VS': 0.0, 'HS': 0.0, 'MMD': 0.0}}","{'1-181_': {'VS': 0.985, 'HS': np.float64(1.443), 'MMD': np.float64(27.079)}, '2-181_208_3': {'VS': 0.229, 'HS': np.float64(1.018), 'MMD': np.float64(30.28)}, '3-181_208_999_3_0_0': {'VS': 0.227, 'HS': np.float64(1.007), 'MMD': np.float64(33.132)}}",280,0.121,34.272,0.253,0,0,0,0,0,0,0,0,0,0,0,0,0,0,0,0,0,0,0,0,0
4-181_208_202_999_4_4_0_0_0_0,4,256,1.691,36.344,"{'1-181_': {'VS': 0.6, 'HS': np.float64(2.021), 'MMD': np.float64(31.748)}, '2-181_208_4': {'VS': 0.343, 'HS': np.float64(2.996), 'MMD': np.float64(40.994)}, '3-181_208_202_4_4_0': {'VS': 0.216, 'HS': np.float64(3.827), 'MMD': np.float64(45.466)}, '4-181_208_202_999_4_4_0_0_0_0': {'VS': 0.0, 'HS': 0.0, 'MMD': 0.0}}","{'1-181_': {'VS': 0.985, 'HS': np.float64(1.443), 'MMD': np.float64(27.079)}, '2-181_208_4': {'VS': 0.545, 'HS': np.float64(1.812), 'MMD': np.float64(31.136)}, '3-181_208_202_4_4_0': {'VS': 0.226, 'HS': np.float64(1.935), 'MMD': np.float64(34.201)}, '4-181_208_202_999_4_4_0_0_0_0': {'VS': 0.207, 'HS': np.float64(1.691), 'MMD': np.float64(36.344)}}",256,0.01,81.96,0.199,0,0,0,0,0,0,0,0,0,0,0,0,0,0,0,0,0,0,0,0,0
4-181_208_225_999_4_4_0_0_0_0,4,261,2.28,35.45,"{'1-181_': {'VS': 0.6, 'HS': np.float64(2.021), 'MMD': np.float64(31.748)}, '2-181_208_4': {'VS': 0.343, 'HS': np.float64(2.996), 'MMD': np.float64(40.994)}, '3-181_208_225_4_4_0': {'VS': 0.057, 'HS': np.float64(4.321), 'MMD': np.float64(41.021)}, '4-181_208_225_999_4_4_0_0_0_0': {'VS': 0.0, 'HS': 0.0, 'MMD': 0.0}}","{'1-181_': {'VS': 0.985, 'HS': np.float64(1.443), 'MMD': np.float64(27.079)}, '2-181_208_4': {'VS': 0.545, 'HS': np.float64(1.812), 'MMD': np.float64(31.136)}, '3-181_208_225_4_4_0': {'VS': 0.233, 'HS': np.float64(2.587), 'MMD': np.float64(33.227)}, '4-181_208_225_999_4_4_0_0_0_0': {'VS': 0.212, 'HS': np.float64(2.28), 'MMD': np.float64(35.45)}}",261,0.176,59.909,0.254,0,0,0,0,0,0,0,0,0,0,0,0,0,0,0,0,0,0,0,0,0
4-181_208_212_999_4_4_0_0_0_0,4,416,2.781,35.829,"{'1-181_': {'VS': 0.6, 'HS': np.float64(2.021), 'MMD': np.float64(31.748)}, '2-181_208_4': {'VS': 0.343, 'HS': np.float64(2.996), 'MMD': np.float64(40.994)}, '3-181_208_212_4_4_0': {'VS': 0.286, 'HS': np.float64(8.072), 'MMD': np.float64(44.229)}, '4-181_208_212_999_4_4_0_0_0_0': {'VS': 0.0, 'HS': 0.0, 'MMD': 0.0}}","{'1-181_': {'VS': 0.985, 'HS': np.float64(1.443), 'MMD': np.float64(27.079)}, '2-181_208_4': {'VS': 0.545, 'HS': np.float64(1.812), 'MMD': np.float64(31.136)}, '3-181_208_212_4_4_0': {'VS': 0.363, 'HS': np.float64(3.301), 'MMD': np.float64(33.482)}, '4-181_208_212_999_4_4_0_0_0_0': {'VS': 0.337, 'HS': np.float64(2.781), 'MMD': np.float64(35.829)}}",416,0.077,78.159,0.221,0,0,0,0,0,0,0,0,0,0,0,0,0,0,0,0,0,0,0,0,0
4-181_208_224_999_4_4_0_0_0_0,4,251,2.171,35.598,"{'1-181_': {'VS': 0.6, 'HS': np.float64(2.021), 'MMD': np.float64(31.748)}, '2-181_208_4': {'VS': 0.343, 'HS': np.float64(2.996), 'MMD': np.float64(40.994)}, '3-181_208_224_4_4_0': {'VS': 0.058, 'HS': np.float64(4.558), 'MMD': np.float64(41.087)}, '4-181_208_224_999_4_4_0_0_0_0': {'VS': 0.0, 'HS': 0.0, 'MMD': 0.0}}","{'1-181_': {'VS': 0.985, 'HS': np.float64(1.443), 'MMD': np.float64(27.079)}, '2-181_208_4': {'VS': 0.545, 'HS': np.float64(1.812), 'MMD': np.float64(31.136)}, '3-181_208_224_4_4_0': {'VS': 0.228, 'HS': np.float64(2.47), 'MMD': np.float64(33.498)}, '4-181_208_224_999_4_4_0_0_0_0': {'VS': 0.203, 'HS': np.float64(2.171), 'MMD': np.float64(35.598)}}",251,0.17,58.858,0.252,0,0,0,0,0,0,0,0,0,0,0,0,0,0,0,0,0,0,0,0,0
4-181_208_213_999_4_4_0_0_0_0,4,406,2.724,35.951,"{'1-181_': {'VS': 0.6, 'HS': np.float64(2.021), 'MMD': np.float64(31.748)}, '2-181_208_4': {'VS': 0.343, 'HS': np.float64(2.996), 'MMD': np.float64(40.994)}, '3-181_208_213_4_4_0': {'VS': 0.267, 'HS': np.float64(7.845), 'MMD': np.float64(44.453)}, '4-181_208_213_999_4_4_0_0_0_0': {'VS': 0.0, 'HS': 0.0, 'MMD': 0.0}}","{'1-181_': {'VS': 0.985, 'HS': np.float64(1.443), 'MMD': np.float64(27.079)}, '2-181_208_4': {'VS': 0.545, 'HS': np.float64(1.812), 'MMD': np.float64(31.136)}, '3-181_208_213_4_4_0': {'VS': 0.353, 'HS': np.float64(3.206), 'MMD': np.float64(33.587)}, '4-181_208_213_999_4_4_0_0_0_0': {'VS': 0.329, 'HS': np.float64(2.724), 'MMD': np.float64(35.951)}}",406,0.086,79.017,0.224,0,0,0,0,0,0,0,0,0,0,0,0,0,0,0,0,0,0,0,0,0
3-181_208_999_4_0_0,3,657,1.696,34.01,"{'1-181_': {'VS': 0.6, 'HS': np.float64(2.021), 'MMD': np.float64(31.748)}, '2-181_208_4': {'VS': 0.343, 'HS': np.float64(2.996), 'MMD': np.float64(40.994)}, '3-181_208_999_4_0_0': {'VS': 0.0, 'HS': 0.0, 'MMD': 0.0}}","{'1-181_': {'VS': 0.985, 'HS': np.float64(1.443), 'MMD': np.float64(27.079)}, '2-181_208_4': {'VS': 0.545, 'HS': np.float64(1.812), 'MMD': np.float64(31.136)}, '3-181_208_999_4_0_0': {'VS': 0.532, 'HS': np.float64(1.696), 'MMD': np.float64(34.01)}}",657,0.202,59.49,0.293,1,1,1,0,0,0,0,0,0,0,0,0,0,0,0,0,0,0,0,0,1
4-181_196_212_999_4_4_0_0_0_0,4,314,2.36,34.691,"{'1-181_': {'VS': 0.6, 'HS': np.float64(2.021), 'MMD': np.float64(31.748)}, '2-181_196_4': {'VS': 0.268, 'HS': np.float64(2.245), 'MMD': np.float64(39.65)}, '3-181_196_212_4_4_0': {'VS': 0.219, 'HS': np.float64(6.345), 'MMD': np.float64(43.993)}, '4-181_196_212_999_4_4_0_0_0_0': {'VS': 0.0, 'HS': 0.0, 'MMD': 0.0}}","{'1-181_': {'VS': 0.985, 'HS': np.float64(1.443), 'MMD': np.float64(27.079)}, '2-181_196_4': {'VS': 0.434, 'HS': np.float64(1.537), 'MMD': np.float64(30.516)}, '3-181_196_212_4_4_0': {'VS': 0.276, 'HS': np.float64(2.745), 'MMD': np.float64(32.419)}, '4-181_196_212_999_4_4_0_0_0_0': {'VS': 0.254, 'HS': np.float64(2.36), 'MMD': np.float64(34.691)}}",314,0.057,79.729,0.203,0,0,0,0,0,0,0,0,0,0,0,0,0,0,0,0,0,0,0,0,0
4-181_196_213_999_4_4_0_0_0_0,4,289,2.26,34.796,"{'1-181_': {'VS': 0.6, 'HS': np.float64(2.021), 'MMD': np.float64(31.748)}, '2-181_196_4': {'VS': 0.268, 'HS': np.float64(2.245), 'MMD': np.float64(39.65)}, '3-181_196_213_4_4_0': {'VS': 0.204, 'HS': np.float64(6.006), 'MMD': np.float64(43.813)}, '4-181_196_213_999_4_4_0_0_0_0': {'VS': 0.0, 'HS': 0.0, 'MMD': 0.0}}","{'1-181_': {'VS': 0.985, 'HS': np.float64(1.443), 'MMD': np.float64(27.079)}, '2-181_196_4': {'VS': 0.434, 'HS': np.float64(1.537), 'MMD': np.float64(30.516)}, '3-181_196_213_4_4_0': {'VS': 0.256, 'HS': np.float64(2.646), 'MMD': np.float64(32.619)}, '4-181_196_213_999_4_4_0_0_0_0': {'VS': 0.234, 'HS': np.float64(2.26), 'MMD': np.float64(34.796)}}",289,0.052,76.845,0.201,0,0,0,0,0,0,0,0,0,0,0,0,0,0,0,0,0,0,0,0,0
3-181_196_999_4_0_0,3,516,1.469,33.235,"{'1-181_': {'VS': 0.6, 'HS': np.float64(2.021), 'MMD': np.float64(31.748)}, '2-181_196_4': {'VS': 0.268, 'HS': np.float64(2.245), 'MMD': np.float64(39.65)}, '3-181_196_999_4_0_0': {'VS': 0.0, 'HS': 0.0, 'MMD': 0.0}}","{'1-181_': {'VS': 0.985, 'HS': np.float64(1.443), 'MMD': np.float64(27.079)}, '2-181_196_4': {'VS': 0.434, 'HS': np.float64(1.537), 'MMD': np.float64(30.516)}, '3-181_196_999_4_0_0': {'VS': 0.418, 'HS': np.float64(1.469), 'MMD': np.float64(33.235)}}",516,0.166,52.615,0.275,0,0,0,0,0,0,0,0,0,0,0,0,0,0,0,0,0,0,0,0,0
3-181_224_999_3_0_0,3,476,1.034,32.297,"{'1-181_': {'VS': 0.6, 'HS': np.float64(2.021), 'MMD': np.float64(31.748)}, '2-181_224_3': {'VS': 0.054, 'HS': np.float64(1.047), 'MMD': np.float64(30.516)}, '3-181_224_999_3_0_0': {'VS': 0.0, 'HS': 0.0, 'MMD': 0.0}}","{'1-181_': {'VS': 0.985, 'HS': np.float64(1.443), 'MMD': np.float64(27.079)}, '2-181_224_3': {'VS': 0.389, 'HS': np.float64(1.035), 'MMD': np.float64(29.331)}, '3-181_224_999_3_0_0': {'VS': 0.386, 'HS': np.float64(1.034), 'MMD': np.float64(32.297)}}",476,0.335,11.602,0.36,0,0,0,0,0,0,0,0,1,0,0,0,0,0,0,0,0,0,0,0,1
4-181_224_202_999_4_4_0_0_0_0,4,322,2.348,35.975,"{'1-181_': {'VS': 0.6, 'HS': np.float64(2.021), 'MMD': np.float64(31.748)}, '2-181_224_4': {'VS': 0.132, 'HS': np.float64(3.535), 'MMD': np.float64(33.068)}, '3-181_224_202_4_4_0': {'VS': 0.071, 'HS': np.float64(4.69), 'MMD': np.float64(40.112)}, '4-181_224_202_999_4_4_0_0_0_0': {'VS': 0.0, 'HS': 0.0, 'MMD': 0.0}}","{'1-181_': {'VS': 0.985, 'HS': np.float64(1.443), 'MMD': np.float64(27.079)}, '2-181_224_4': {'VS': 0.639, 'HS': np.float64(2.647), 'MMD': np.float64(30.943)}, '3-181_224_202_4_4_0': {'VS': 0.282, 'HS': np.float64(2.638), 'MMD': np.float64(33.489)}, '4-181_224_202_999_4_4_0_0_0_0': {'VS': 0.261, 'HS': np.float64(2.348), 'MMD': np.float64(35.975)}}",322,0.211,23.393,0.368,0,0,0,0,0,0,0,0,0,0,0,0,0,0,0,0,0,0,0,0,0
4-181_224_212_999_4_3_0_0_0_0,4,288,2.247,35.441,"{'1-181_': {'VS': 0.6, 'HS': np.float64(2.021), 'MMD': np.float64(31.748)}, '2-181_224_4': {'VS': 0.132, 'HS': np.float64(3.535), 'MMD': np.float64(33.068)}, '3-181_224_212_4_3_0': {'VS': 0.025, 'HS': np.float64(2.186), 'MMD': np.float64(37.768)}, '4-181_224_212_999_4_3_0_0_0_0': {'VS': 0.0, 'HS': 0.0, 'MMD': 0.0}}","{'1-181_': {'VS': 0.985, 'HS': np.float64(1.443), 'MMD': np.float64(27.079)}, '2-181_224_4': {'VS': 0.639, 'HS': np.float64(2.647), 'MMD': np.float64(30.943)}, '3-181_224_212_4_3_0': {'VS': 0.238, 'HS': np.float64(2.429), 'MMD': np.float64(33.136)}, '4-181_224_212_999_4_3_0_0_0_0': {'VS': 0.233, 'HS': np.float64(2.247), 'MMD': np.float64(35.441)}}",288,0.213,15.924,0.368,0,0,0,0,0,0,0,0,0,0,0,0,0,0,0,0,0,0,0,0,0
4-181_224_212_999_4_4_0_0_0_0,4,557,3.955,35.244,"{'1-181_': {'VS': 0.6, 'HS': np.float64(2.021), 'MMD': np.float64(31.748)}, '2-181_224_4': {'VS': 0.132, 'HS': np.float64(3.535), 'MMD': np.float64(33.068)}, '3-181_224_212_4_4_0': {'VS': 0.101, 'HS': np.float64(9.845), 'MMD': np.float64(38.31)}, '4-181_224_212_999_4_4_0_0_0_0': {'VS': 0.0, 'HS': 0.0, 'MMD': 0.0}}","{'1-181_': {'VS': 0.985, 'HS': np.float64(1.443), 'MMD': np.float64(27.079)}, '2-181_224_4': {'VS': 0.639, 'HS': np.float64(2.647), 'MMD': np.float64(30.943)}, '3-181_224_212_4_4_0': {'VS': 0.478, 'HS': np.float64(4.541), 'MMD': np.float64(32.693)}, '4-181_224_212_999_4_4_0_0_0_0': {'VS': 0.451, 'HS': np.float64(3.955), 'MMD': np.float64(35.244)}}",557,0.377,19.289,0.423,0,0,0,0,0,0,0,0,1,1,0,0,0,0,0,0,1,1,0,0,1
4-181_224_212_999_4_4_4_0_0_0,4,284,1.75,35.988,"{'1-181_': {'VS': 0.6, 'HS': np.float64(2.021), 'MMD': np.float64(31.748)}, '2-181_224_4': {'VS': 0.132, 'HS': np.float64(3.535), 'MMD': np.float64(33.068)}, '3-181_224_212_4_4_4': {'VS': 0.058, 'HS': np.float64(2.761), 'MMD': np.float64(40.553)}, '4-181_224_212_999_4_4_4_0_0_0': {'VS': 0.0, 'HS': 0.0, 'MMD': 0.0}}","{'1-181_': {'VS': 0.985, 'HS': np.float64(1.443), 'MMD': np.float64(27.079)}, '2-181_224_4': {'VS': 0.639, 'HS': np.float64(2.647), 'MMD': np.float64(30.943)}, '3-181_224_212_4_4_4': {'VS': 0.245, 'HS': np.float64(1.868), 'MMD': np.float64(33.459)}, '4-181_224_212_999_4_4_4_0_0_0': {'VS': 0.23, 'HS': np.float64(1.75), 'MMD': np.float64(35.988)}}",284,0.187,25.547,0.36,0,0,0,0,0,0,0,0,0,0,0,0,0,0,0,0,0,0,0,0,0
4-181_224_220_999_4_4_0_0_0_0,4,256,2.395,35.801,"{'1-181_': {'VS': 0.6, 'HS': np.float64(2.021), 'MMD': np.float64(31.748)}, '2-181_224_4': {'VS': 0.132, 'HS': np.float64(3.535), 'MMD': np.float64(33.068)}, '3-181_224_220_4_4_0': {'VS': 0.061, 'HS': np.float64(5.524), 'MMD': np.float64(40.998)}, '4-181_224_220_999_4_4_0_0_0_0': {'VS': 0.0, 'HS': 0.0, 'MMD': 0.0}}","{'1-181_': {'VS': 0.985, 'HS': np.float64(1.443), 'MMD': np.float64(27.079)}, '2-181_224_4': {'VS': 0.639, 'HS': np.float64(2.647), 'MMD': np.float64(30.943)}, '3-181_224_220_4_4_0': {'VS': 0.225, 'HS': np.float64(2.637), 'MMD': np.float64(33.3)}, '4-181_224_220_999_4_4_0_0_0_0': {'VS': 0.207, 'HS': np.float64(2.395), 'MMD': np.float64(35.801)}}",256,0.164,28.525,0.352,0,0,0,0,0,0,0,0,0,0,0,0,0,0,0,0,0,0,0,0,0
4-181_224_208_999_4_4_0_0_0_0,4,283,2.216,35.297,"{'1-181_': {'VS': 0.6, 'HS': np.float64(2.021), 'MMD': np.float64(31.748)}, '2-181_224_4': {'VS': 0.132, 'HS': np.float64(3.535), 'MMD': np.float64(33.068)}, '3-181_224_208_4_4_0': {'VS': 0.06, 'HS': np.float64(4.629), 'MMD': np.float64(42.435)}, '4-181_224_208_999_4_4_0_0_0_0': {'VS': 0.0, 'HS': 0.0, 'MMD': 0.0}}","{'1-181_': {'VS': 0.985, 'HS': np.float64(1.443), 'MMD': np.float64(27.079)}, '2-181_224_4': {'VS': 0.639, 'HS': np.float64(2.647), 'MMD': np.float64(30.943)}, '3-181_224_208_4_4_0': {'VS': 0.246, 'HS': np.float64(2.462), 'MMD': np.float64(32.957)}, '4-181_224_208_999_4_4_0_0_0_0': {'VS': 0.229, 'HS': np.float64(2.216), 'MMD': np.float64(35.297)}}",283,0.186,38.716,0.359,0,0,0,0,0,0,0,0,0,0,0,0,0,0,0,0,0,0,0,0,0
4-181_224_213_999_4_4_0_0_0_0,4,526,3.888,35.458,"{'1-181_': {'VS': 0.6, 'HS': np.float64(2.021), 'MMD': np.float64(31.748)}, '2-181_224_4': {'VS': 0.132, 'HS': np.float64(3.535), 'MMD': np.float64(33.068)}, '3-181_224_213_4_4_0': {'VS': 0.092, 'HS': np.float64(8.931), 'MMD': np.float64(39.187)}, '4-181_224_213_999_4_4_0_0_0_0': {'VS': 0.0, 'HS': 0.0, 'MMD': 0.0}}","{'1-181_': {'VS': 0.985, 'HS': np.float64(1.443), 'MMD': np.float64(27.079)}, '2-181_224_4': {'VS': 0.639, 'HS': np.float64(2.647), 'MMD': np.float64(30.943)}, '3-181_224_213_4_4_0': {'VS': 0.448, 'HS': np.float64(4.492), 'MMD': np.float64(32.916)}, '4-181_224_213_999_4_4_0_0_0_0': {'VS': 0.426, 'HS': np.float64(3.888), 'MMD': np.float64(35.458)}}",526,0.356,21.88,0.416,0,0,0,0,0,0,0,0,1,0,0,0,0,0,0,0,1,1,0,0,1
4-181_224_213_999_4_4_4_0_0_0,4,279,1.692,36.419,"{'1-181_': {'VS': 0.6, 'HS': np.float64(2.021), 'MMD': np.float64(31.748)}, '2-181_224_4': {'VS': 0.132, 'HS': np.float64(3.535), 'MMD': np.float64(33.068)}, '3-181_224_213_4_4_4': {'VS': 0.062, 'HS': np.float64(2.459), 'MMD': np.float64(40.726)}, '4-181_224_213_999_4_4_4_0_0_0': {'VS': 0.0, 'HS': 0.0, 'MMD': 0.0}}","{'1-181_': {'VS': 0.985, 'HS': np.float64(1.443), 'MMD': np.float64(27.079)}, '2-181_224_4': {'VS': 0.639, 'HS': np.float64(2.647), 'MMD': np.float64(30.943)}, '3-181_224_213_4_4_4': {'VS': 0.239, 'HS': np.float64(1.803), 'MMD': np.float64(33.995)}, '4-181_224_213_999_4_4_4_0_0_0': {'VS': 0.226, 'HS': np.float64(1.692), 'MMD': np.float64(36.419)}}",279,0.177,23.874,0.356,0,0,0,0,0,0,0,0,0,0,0,0,0,0,0,0,0,0,0,0,0
4-181_224_172_999_4_4_0_0_0_0,4,318,2.308,34.509,"{'1-181_': {'VS': 0.6, 'HS': np.float64(2.021), 'MMD': np.float64(31.748)}, '2-181_224_4': {'VS': 0.132, 'HS': np.float64(3.535), 'MMD': np.float64(33.068)}, '3-181_224_172_4_4_0': {'VS': 0.07, 'HS': np.float64(3.824), 'MMD': np.float64(40.131)}, '4-181_224_172_999_4_4_0_0_0_0': {'VS': 0.0, 'HS': 0.0, 'MMD': 0.0}}","{'1-181_': {'VS': 0.985, 'HS': np.float64(1.443), 'MMD': np.float64(27.079)}, '2-181_224_4': {'VS': 0.639, 'HS': np.float64(2.647), 'MMD': np.float64(30.943)}, '3-181_224_172_4_4_0': {'VS': 0.278, 'HS': np.float64(2.493), 'MMD': np.float64(32.257)}, '4-181_224_172_999_4_4_0_0_0_0': {'VS': 0.258, 'HS': np.float64(2.308), 'MMD': np.float64(34.509)}}",318,0.208,29.438,0.367,0,0,0,0,0,0,0,0,0,0,0,0,0,0,0,0,0,0,0,0,0
4-181_224_199_999_4_4_0_0_0_0,4,249,2.229,36.044,"{'1-181_': {'VS': 0.6, 'HS': np.float64(2.021), 'MMD': np.float64(31.748)}, '2-181_224_4': {'VS': 0.132, 'HS': np.float64(3.535), 'MMD': np.float64(33.068)}, '3-181_224_199_4_4_0': {'VS': 0.063, 'HS': np.float64(4.413), 'MMD': np.float64(39.714)}, '4-181_224_199_999_4_4_0_0_0_0': {'VS': 0.0, 'HS': 0.0, 'MMD': 0.0}}","{'1-181_': {'VS': 0.985, 'HS': np.float64(1.443), 'MMD': np.float64(27.079)}, '2-181_224_4': {'VS': 0.639, 'HS': np.float64(2.647), 'MMD': np.float64(30.943)}, '3-181_224_199_4_4_0': {'VS': 0.217, 'HS': np.float64(2.519), 'MMD': np.float64(33.78)}, '4-181_224_199_999_4_4_0_0_0_0': {'VS': 0.202, 'HS': np.float64(2.229), 'MMD': np.float64(36.044)}}",249,0.154,20.509,0.349,0,0,0,0,0,0,0,0,0,0,0,0,0,0,0,0,0,0,0,0,0
3-181_224_999_4_0_0,3,776,2.477,33.818,"{'1-181_': {'VS': 0.6, 'HS': np.float64(2.021), 'MMD': np.float64(31.748)}, '2-181_224_4': {'VS': 0.132, 'HS': np.float64(3.535), 'MMD': np.float64(33.068)}, '3-181_224_999_4_0_0': {'VS': 0.0, 'HS': 0.0, 'MMD': 0.0}}","{'1-181_': {'VS': 0.985, 'HS': np.float64(1.443), 'MMD': np.float64(27.079)}, '2-181_224_4': {'VS': 0.639, 'HS': np.float64(2.647), 'MMD': np.float64(30.943)}, '3-181_224_999_4_0_0': {'VS': 0.629, 'HS': np.float64(2.477), 'MMD': np.float64(33.818)}}",776,0.507,13.158,0.446,0,0,0,0,1,0,0,0,1,1,1,0,0,0,0,0,1,1,1,0,1
3-181_222_999_4_0_0,3,294,1.932,33.603,"{'1-181_': {'VS': 0.6, 'HS': np.float64(2.021), 'MMD': np.float64(31.748)}, '2-181_222_4': {'VS': 0.189, 'HS': np.float64(3.449), 'MMD': np.float64(39.738)}, '3-181_222_999_4_0_0': {'VS': 0.0, 'HS': 0.0, 'MMD': 0.0}}","{'1-181_': {'VS': 0.985, 'HS': np.float64(1.443), 'MMD': np.float64(27.079)}, '2-181_222_4': {'VS': 0.246, 'HS': np.float64(2.049), 'MMD': np.float64(30.522)}, '3-181_222_999_4_0_0': {'VS': 0.238, 'HS': np.float64(1.932), 'MMD': np.float64(33.603)}}",294,0.057,53.367,0.221,0,0,0,0,0,0,0,0,0,0,0,0,0,0,0,0,0,0,0,0,0
3-181_213_999_3_0_0,3,462,1.037,30.621,"{'1-181_': {'VS': 0.6, 'HS': np.float64(2.021), 'MMD': np.float64(31.748)}, '2-181_213_3': {'VS': 0.21, 'HS': np.float64(1.105), 'MMD': np.float64(34.659)}, '3-181_213_999_3_0_0': {'VS': 0.0, 'HS': 0.0, 'MMD': 0.0}}","{'1-181_': {'VS': 0.985, 'HS': np.float64(1.443), 'MMD': np.float64(27.079)}, '2-181_213_3': {'VS': 0.375, 'HS': np.float64(1.043), 'MMD': np.float64(27.436)}, '3-181_213_999_3_0_0': {'VS': 0.374, 'HS': np.float64(1.037), 'MMD': np.float64(30.621)}}",462,0.165,36.986,0.275,0,0,0,0,0,0,0,0,0,0,0,0,0,0,0,0,0,0,0,0,0
4-181_213_193_999_4_4_0_0_0_0,4,265,2.589,35.574,"{'1-181_': {'VS': 0.6, 'HS': np.float64(2.021), 'MMD': np.float64(31.748)}, '2-181_213_4': {'VS': 0.477, 'HS': np.float64(6.823), 'MMD': np.float64(39.383)}, '3-181_213_193_4_4_0': {'VS': 0.205, 'HS': np.float64(7.089), 'MMD': np.float64(43.626)}, '4-181_213_193_999_4_4_0_0_0_0': {'VS': 0.0, 'HS': 0.0, 'MMD': 0.0}}","{'1-181_': {'VS': 0.985, 'HS': np.float64(1.443), 'MMD': np.float64(27.079)}, '2-181_213_4': {'VS': 0.803, 'HS': np.float64(3.482), 'MMD': np.float64(30.017)}, '3-181_213_193_4_4_0': {'VS': 0.229, 'HS': np.float64(3.028), 'MMD': np.float64(33.159)}, '4-181_213_193_999_4_4_0_0_0_0': {'VS': 0.215, 'HS': np.float64(2.589), 'MMD': np.float64(35.574)}}",265,0.024,73.027,0.245,0,0,0,0,0,0,0,0,0,0,0,0,0,0,0,0,0,0,0,0,0
4-181_213_202_999_4_4_0_0_0_0,4,428,2.771,35.313,"{'1-181_': {'VS': 0.6, 'HS': np.float64(2.021), 'MMD': np.float64(31.748)}, '2-181_213_4': {'VS': 0.477, 'HS': np.float64(6.823), 'MMD': np.float64(39.383)}, '3-181_213_202_4_4_0': {'VS': 0.321, 'HS': np.float64(8.242), 'MMD': np.float64(43.921)}, '4-181_213_202_999_4_4_0_0_0_0': {'VS': 0.0, 'HS': 0.0, 'MMD': 0.0}}","{'1-181_': {'VS': 0.985, 'HS': np.float64(1.443), 'MMD': np.float64(27.079)}, '2-181_213_4': {'VS': 0.803, 'HS': np.float64(3.482), 'MMD': np.float64(30.017)}, '3-181_213_202_4_4_0': {'VS': 0.377, 'HS': np.float64(3.146), 'MMD': np.float64(33.055)}, '4-181_213_202_999_4_4_0_0_0_0': {'VS': 0.347, 'HS': np.float64(2.771), 'MMD': np.float64(35.313)}}",428,0.056,75.864,0.256,0,0,0,0,0,0,0,0,0,0,0,0,0,0,0,0,0,0,0,0,0
4-181_213_225_999_4_4_0_0_0_0,4,502,3.833,35.155,"{'1-181_': {'VS': 0.6, 'HS': np.float64(2.021), 'MMD': np.float64(31.748)}, '2-181_213_4': {'VS': 0.477, 'HS': np.float64(6.823), 'MMD': np.float64(39.383)}, '3-181_213_225_4_4_0': {'VS': 0.09, 'HS': np.float64(9.142), 'MMD': np.float64(38.408)}, '4-181_213_225_999_4_4_0_0_0_0': {'VS': 0.0, 'HS': 0.0, 'MMD': 0.0}}","{'1-181_': {'VS': 0.985, 'HS': np.float64(1.443), 'MMD': np.float64(27.079)}, '2-181_213_4': {'VS': 0.803, 'HS': np.float64(3.482), 'MMD': np.float64(30.017)}, '3-181_213_225_4_4_0': {'VS': 0.429, 'HS': np.float64(4.37), 'MMD': np.float64(32.699)}, '4-181_213_225_999_4_4_0_0_0_0': {'VS': 0.407, 'HS': np.float64(3.833), 'MMD': np.float64(35.155)}}",502,0.339,47.371,0.35,0,0,0,0,0,0,0,0,1,0,0,0,0,0,0,0,0,0,0,0,1
4-181_213_220_999_4_4_0_0_0_0,4,340,3.082,35.176,"{'1-181_': {'VS': 0.6, 'HS': np.float64(2.021), 'MMD': np.float64(31.748)}, '2-181_213_4': {'VS': 0.477, 'HS': np.float64(6.823), 'MMD': np.float64(39.383)}, '3-181_213_220_4_4_0': {'VS': 0.238, 'HS': np.float64(8.809), 'MMD': np.float64(43.763)}, '4-181_213_220_999_4_4_0_0_0_0': {'VS': 0.0, 'HS': 0.0, 'MMD': 0.0}}","{'1-181_': {'VS': 0.985, 'HS': np.float64(1.443), 'MMD': np.float64(27.079)}, '2-181_213_4': {'VS': 0.803, 'HS': np.float64(3.482), 'MMD': np.float64(30.017)}, '3-181_213_220_4_4_0': {'VS': 0.302, 'HS': np.float64(3.394), 'MMD': np.float64(32.906)}, '4-181_213_220_999_4_4_0_0_0_0': {'VS': 0.276, 'HS': np.float64(3.082), 'MMD': np.float64(35.176)}}",340,0.064,75.799,0.258,0,0,0,0,0,0,0,0,0,0,0,0,0,0,0,0,0,0,0,0,0
4-181_213_208_999_4_4_0_0_0_0,4,370,2.746,35.781,"{'1-181_': {'VS': 0.6, 'HS': np.float64(2.021), 'MMD': np.float64(31.748)}, '2-181_213_4': {'VS': 0.477, 'HS': np.float64(6.823), 'MMD': np.float64(39.383)}, '3-181_213_208_4_4_0': {'VS': 0.265, 'HS': np.float64(7.748), 'MMD': np.float64(44.697)}, '4-181_213_208_999_4_4_0_0_0_0': {'VS': 0.0, 'HS': 0.0, 'MMD': 0.0}}","{'1-181_': {'VS': 0.985, 'HS': np.float64(1.443), 'MMD': np.float64(27.079)}, '2-181_213_4': {'VS': 0.803, 'HS': np.float64(3.482), 'MMD': np.float64(30.017)}, '3-181_213_208_4_4_0': {'VS': 0.327, 'HS': np.float64(3.099), 'MMD': np.float64(33.465)}, '4-181_213_208_999_4_4_0_0_0_0': {'VS': 0.3, 'HS': np.float64(2.746), 'MMD': np.float64(35.781)}}",370,0.062,78.56,0.258,0,0,0,0,0,0,0,0,0,0,0,0,0,0,0,0,0,0,0,0,0
4-181_213_196_999_4_4_0_0_0_0,4,306,2.654,35.33,"{'1-181_': {'VS': 0.6, 'HS': np.float64(2.021), 'MMD': np.float64(31.748)}, '2-181_213_4': {'VS': 0.477, 'HS': np.float64(6.823), 'MMD': np.float64(39.383)}, '3-181_213_196_4_4_0': {'VS': 0.204, 'HS': np.float64(6.112), 'MMD': np.float64(43.564)}, '4-181_213_196_999_4_4_0_0_0_0': {'VS': 0.0, 'HS': 0.0, 'MMD': 0.0}}","{'1-181_': {'VS': 0.985, 'HS': np.float64(1.443), 'MMD': np.float64(27.079)}, '2-181_213_4': {'VS': 0.803, 'HS': np.float64(3.482), 'MMD': np.float64(30.017)}, '3-181_213_196_4_4_0': {'VS': 0.269, 'HS': np.float64(2.976), 'MMD': np.float64(33.102)}, '4-181_213_196_999_4_4_0_0_0_0': {'VS': 0.248, 'HS': np.float64(2.654), 'MMD': np.float64(35.33)}}",306,0.065,72.992,0.259,0,0,0,0,0,0,0,0,0,0,0,0,0,0,0,0,0,0,0,0,0
4-181_213_224_999_4_3_0_0_0_0,4,309,2.579,34.715,"{'1-181_': {'VS': 0.6, 'HS': np.float64(2.021), 'MMD': np.float64(31.748)}, '2-181_213_4': {'VS': 0.477, 'HS': np.float64(6.823), 'MMD': np.float64(39.383)}, '3-181_213_224_4_3_0': {'VS': 0.039, 'HS': np.float64(3.054), 'MMD': np.float64(37.011)}, '4-181_213_224_999_4_3_0_0_0_0': {'VS': 0.0, 'HS': 0.0, 'MMD': 0.0}}","{'1-181_': {'VS': 0.985, 'HS': np.float64(1.443), 'MMD': np.float64(27.079)}, '2-181_213_4': {'VS': 0.803, 'HS': np.float64(3.482), 'MMD': np.float64(30.017)}, '3-181_213_224_4_3_0': {'VS': 0.26, 'HS': np.float64(2.822), 'MMD': np.float64(32.405)}, '4-181_213_224_999_4_3_0_0_0_0': {'VS': 0.25, 'HS': np.float64(2.579), 'MMD': np.float64(34.715)}}",309,0.221,43.579,0.311,0,0,0,0,0,0,0,0,0,0,0,0,0,0,0,0,0,0,0,0,0
4-181_213_224_999_4_4_0_0_0_0,4,469,3.827,35.109,"{'1-181_': {'VS': 0.6, 'HS': np.float64(2.021), 'MMD': np.float64(31.748)}, '2-181_213_4': {'VS': 0.477, 'HS': np.float64(6.823), 'MMD': np.float64(39.383)}, '3-181_213_224_4_4_0': {'VS': 0.092, 'HS': np.float64(9.45), 'MMD': np.float64(39.086)}, '4-181_213_224_999_4_4_0_0_0_0': {'VS': 0.0, 'HS': 0.0, 'MMD': 0.0}}","{'1-181_': {'VS': 0.985, 'HS': np.float64(1.443), 'MMD': np.float64(27.079)}, '2-181_213_4': {'VS': 0.803, 'HS': np.float64(3.482), 'MMD': np.float64(30.017)}, '3-181_213_224_4_4_0': {'VS': 0.41, 'HS': np.float64(4.289), 'MMD': np.float64(32.759)}, '4-181_213_224_999_4_4_0_0_0_0': {'VS': 0.38, 'HS': np.float64(3.827), 'MMD': np.float64(35.109)}}",469,0.318,49.851,0.343,0,0,0,0,0,0,0,0,0,0,0,0,0,0,0,0,0,0,0,0,0
4-181_213_172_999_4_4_0_0_0_0,4,424,2.861,34.623,"{'1-181_': {'VS': 0.6, 'HS': np.float64(2.021), 'MMD': np.float64(31.748)}, '2-181_213_4': {'VS': 0.477, 'HS': np.float64(6.823), 'MMD': np.float64(39.383)}, '3-181_213_172_4_4_0': {'VS': 0.275, 'HS': np.float64(5.742), 'MMD': np.float64(43.989)}, '4-181_213_172_999_4_4_0_0_0_0': {'VS': 0.0, 'HS': 0.0, 'MMD': 0.0}}","{'1-181_': {'VS': 0.985, 'HS': np.float64(1.443), 'MMD': np.float64(27.079)}, '2-181_213_4': {'VS': 0.803, 'HS': np.float64(3.482), 'MMD': np.float64(30.017)}, '3-181_213_172_4_4_0': {'VS': 0.369, 'HS': np.float64(3.16), 'MMD': np.float64(32.259)}, '4-181_213_172_999_4_4_0_0_0_0': {'VS': 0.344, 'HS': np.float64(2.861), 'MMD': np.float64(34.623)}}",424,0.094,82.371,0.268,0,0,0,0,0,0,0,0,0,0,0,0,0,0,0,0,0,0,0,0,0
4-181_213_199_999_4_4_0_0_0_0,4,330,2.691,35.461,"{'1-181_': {'VS': 0.6, 'HS': np.float64(2.021), 'MMD': np.float64(31.748)}, '2-181_213_4': {'VS': 0.477, 'HS': np.float64(6.823), 'MMD': np.float64(39.383)}, '3-181_213_199_4_4_0': {'VS': 0.249, 'HS': np.float64(7.864), 'MMD': np.float64(44.452)}, '4-181_213_199_999_4_4_0_0_0_0': {'VS': 0.0, 'HS': 0.0, 'MMD': 0.0}}","{'1-181_': {'VS': 0.985, 'HS': np.float64(1.443), 'MMD': np.float64(27.079)}, '2-181_213_4': {'VS': 0.803, 'HS': np.float64(3.482), 'MMD': np.float64(30.017)}, '3-181_213_199_4_4_0': {'VS': 0.291, 'HS': np.float64(3.075), 'MMD': np.float64(33.068)}, '4-181_213_199_999_4_4_0_0_0_0': {'VS': 0.267, 'HS': np.float64(2.691), 'MMD': np.float64(35.461)}}",330,0.042,79.706,0.251,0,0,0,0,0,0,0,0,0,0,0,0,0,0,0,0,0,0,0,0,0
4-181_213_221_999_4_4_0_0_0_0,4,309,3.343,35.196,"{'1-181_': {'VS': 0.6, 'HS': np.float64(2.021), 'MMD': np.float64(31.748)}, '2-181_213_4': {'VS': 0.477, 'HS': np.float64(6.823), 'MMD': np.float64(39.383)}, '3-181_213_221_4_4_0': {'VS': 0.213, 'HS': np.float64(9.396), 'MMD': np.float64(43.409)}, '4-181_213_221_999_4_4_0_0_0_0': {'VS': 0.0, 'HS': 0.0, 'MMD': 0.0}}","{'1-181_': {'VS': 0.985, 'HS': np.float64(1.443), 'MMD': np.float64(27.079)}, '2-181_213_4': {'VS': 0.803, 'HS': np.float64(3.482), 'MMD': np.float64(30.017)}, '3-181_213_221_4_4_0': {'VS': 0.268, 'HS': np.float64(3.801), 'MMD': np.float64(32.953)}, '4-181_213_221_999_4_4_0_0_0_0': {'VS': 0.25, 'HS': np.float64(3.343), 'MMD': np.float64(35.196)}}",309,0.055,72.95,0.255,0,0,0,0,0,0,0,0,0,0,0,0,0,0,0,0,0,0,0,0,0
4-181_213_169_999_4_4_0_0_0_0,4,325,2.812,34.757,"{'1-181_': {'VS': 0.6, 'HS': np.float64(2.021), 'MMD': np.float64(31.748)}, '2-181_213_4': {'VS': 0.477, 'HS': np.float64(6.823), 'MMD': np.float64(39.383)}, '3-181_213_169_4_4_0': {'VS': 0.181, 'HS': np.float64(5.86), 'MMD': np.float64(43.601)}, '4-181_213_169_999_4_4_0_0_0_0': {'VS': 0.0, 'HS': 0.0, 'MMD': 0.0}}","{'1-181_': {'VS': 0.985, 'HS': np.float64(1.443), 'MMD': np.float64(27.079)}, '2-181_213_4': {'VS': 0.803, 'HS': np.float64(3.482), 'MMD': np.float64(30.017)}, '3-181_213_169_4_4_0': {'VS': 0.28, 'HS': np.float64(3.133), 'MMD': np.float64(32.501)}, '4-181_213_169_999_4_4_0_0_0_0': {'VS': 0.263, 'HS': np.float64(2.812), 'MMD': np.float64(34.757)}}",325,0.099,77.577,0.27,0,0,0,0,0,0,0,0,0,0,0,0,0,0,0,0,0,0,0,0,0
3-181_213_999_4_0_0,3,978,3.219,33.01,"{'1-181_': {'VS': 0.6, 'HS': np.float64(2.021), 'MMD': np.float64(31.748)}, '2-181_213_4': {'VS': 0.477, 'HS': np.float64(6.823), 'MMD': np.float64(39.383)}, '3-181_213_999_4_0_0': {'VS': 0.0, 'HS': 0.0, 'MMD': 0.0}}","{'1-181_': {'VS': 0.985, 'HS': np.float64(1.443), 'MMD': np.float64(27.079)}, '2-181_213_4': {'VS': 0.803, 'HS': np.float64(3.482), 'MMD': np.float64(30.017)}, '3-181_213_999_4_0_0': {'VS': 0.793, 'HS': np.float64(3.219), 'MMD': np.float64(33.01)}}",978,0.326,54.761,0.356,0,0,0,0,1,1,0,0,0,0,0,0,0,0,0,0,0,0,0,0,1
4-181_213_157_999_4_4_0_0_0_0,4,301,2.724,35.462,"{'1-181_': {'VS': 0.6, 'HS': np.float64(2.021), 'MMD': np.float64(31.748)}, '2-181_213_4': {'VS': 0.477, 'HS': np.float64(6.823), 'MMD': np.float64(39.383)}, '3-181_213_157_4_4_0': {'VS': 0.205, 'HS': np.float64(6.29), 'MMD': np.float64(43.581)}, '4-181_213_157_999_4_4_0_0_0_0': {'VS': 0.0, 'HS': 0.0, 'MMD': 0.0}}","{'1-181_': {'VS': 0.985, 'HS': np.float64(1.443), 'MMD': np.float64(27.079)}, '2-181_213_4': {'VS': 0.803, 'HS': np.float64(3.482), 'MMD': np.float64(30.017)}, '3-181_213_157_4_4_0': {'VS': 0.264, 'HS': np.float64(3.015), 'MMD': np.float64(32.936)}, '4-181_213_157_999_4_4_0_0_0_0': {'VS': 0.244, 'HS': np.float64(2.724), 'MMD': np.float64(35.462)}}",301,0.059,74.279,0.257,0,0,0,0,0,0,0,0,0,0,0,0,0,0,0,0,0,0,0,0,0
4-181_213_178_999_4_4_0_0_0_0,4,287,3.021,34.318,"{'1-181_': {'VS': 0.6, 'HS': np.float64(2.021), 'MMD': np.float64(31.748)}, '2-181_213_4': {'VS': 0.477, 'HS': np.float64(6.823), 'MMD': np.float64(39.383)}, '3-181_213_178_4_4_0': {'VS': 0.125, 'HS': np.float64(3.865), 'MMD': np.float64(44.568)}, '4-181_213_178_999_4_4_0_0_0_0': {'VS': 0.0, 'HS': 0.0, 'MMD': 0.0}}","{'1-181_': {'VS': 0.985, 'HS': np.float64(1.443), 'MMD': np.float64(27.079)}, '2-181_213_4': {'VS': 0.803, 'HS': np.float64(3.482), 'MMD': np.float64(30.017)}, '3-181_213_178_4_4_0': {'VS': 0.241, 'HS': np.float64(3.323), 'MMD': np.float64(32.236)}, '4-181_213_178_999_4_4_0_0_0_0': {'VS': 0.233, 'HS': np.float64(3.021), 'MMD': np.float64(34.318)}}",287,0.116,87.2,0.276,0,0,0,0,0,0,0,0,0,0,0,0,0,0,0,0,0,0,0,0,0
3-181_172_999_3_0_0,3,268,1.019,31.159,"{'1-181_': {'VS': 0.6, 'HS': np.float64(2.021), 'MMD': np.float64(31.748)}, '2-181_172_3': {'VS': 0.081, 'HS': np.float64(1.047), 'MMD': np.float64(30.414)}, '3-181_172_999_3_0_0': {'VS': 0.0, 'HS': 0.0, 'MMD': 0.0}}","{'1-181_': {'VS': 0.985, 'HS': np.float64(1.443), 'MMD': np.float64(27.079)}, '2-181_172_3': {'VS': 0.217, 'HS': np.float64(1.026), 'MMD': np.float64(28.257)}, '3-181_172_999_3_0_0': {'VS': 0.217, 'HS': np.float64(1.019), 'MMD': np.float64(31.159)}}",268,0.136,13.226,0.261,0,0,0,0,0,0,0,0,0,0,0,0,0,0,0,0,0,0,0,0,0
4-181_172_212_999_4_4_0_0_0_0,4,353,2.606,35.106,"{'1-181_': {'VS': 0.6, 'HS': np.float64(2.021), 'MMD': np.float64(31.748)}, '2-181_172_4': {'VS': 0.351, 'HS': np.float64(2.312), 'MMD': np.float64(40.496)}, '3-181_172_212_4_4_0': {'VS': 0.297, 'HS': np.float64(6.13), 'MMD': np.float64(43.214)}, '4-181_172_212_999_4_4_0_0_0_0': {'VS': 0.0, 'HS': 0.0, 'MMD': 0.0}}","{'1-181_': {'VS': 0.985, 'HS': np.float64(1.443), 'MMD': np.float64(27.079)}, '2-181_172_4': {'VS': 0.554, 'HS': np.float64(1.56), 'MMD': np.float64(30.185)}, '3-181_172_212_4_4_0': {'VS': 0.323, 'HS': np.float64(2.865), 'MMD': np.float64(32.871)}, '4-181_172_212_999_4_4_0_0_0_0': {'VS': 0.286, 'HS': np.float64(2.606), 'MMD': np.float64(35.106)}}",353,0.026,78.365,0.205,0,0,0,0,0,0,0,0,0,0,0,0,0,0,0,0,0,0,0,0,0
4-181_172_213_999_4_4_0_0_0_0,4,353,2.462,35.033,"{'1-181_': {'VS': 0.6, 'HS': np.float64(2.021), 'MMD': np.float64(31.748)}, '2-181_172_4': {'VS': 0.351, 'HS': np.float64(2.312), 'MMD': np.float64(40.496)}, '3-181_172_213_4_4_0': {'VS': 0.282, 'HS': np.float64(5.627), 'MMD': np.float64(43.283)}, '4-181_172_213_999_4_4_0_0_0_0': {'VS': 0.0, 'HS': 0.0, 'MMD': 0.0}}","{'1-181_': {'VS': 0.985, 'HS': np.float64(1.443), 'MMD': np.float64(27.079)}, '2-181_172_4': {'VS': 0.554, 'HS': np.float64(1.56), 'MMD': np.float64(30.185)}, '3-181_172_213_4_4_0': {'VS': 0.323, 'HS': np.float64(2.706), 'MMD': np.float64(32.758)}, '4-181_172_213_999_4_4_0_0_0_0': {'VS': 0.286, 'HS': np.float64(2.462), 'MMD': np.float64(35.033)}}",353,0.041,79.631,0.21,0,0,0,0,0,0,0,0,0,0,0,0,0,0,0,0,0,0,0,0,0
3-181_172_999_4_0_0,3,657,1.481,32.683,"{'1-181_': {'VS': 0.6, 'HS': np.float64(2.021), 'MMD': np.float64(31.748)}, '2-181_172_4': {'VS': 0.351, 'HS': np.float64(2.312), 'MMD': np.float64(40.496)}, '3-181_172_999_4_0_0': {'VS': 0.0, 'HS': 0.0, 'MMD': 0.0}}","{'1-181_': {'VS': 0.985, 'HS': np.float64(1.443), 'MMD': np.float64(27.079)}, '2-181_172_4': {'VS': 0.554, 'HS': np.float64(1.56), 'MMD': np.float64(30.185)}, '3-181_172_999_4_0_0': {'VS': 0.532, 'HS': np.float64(1.481), 'MMD': np.float64(32.683)}}",657,0.203,64.058,0.294,0,0,0,0,0,0,0,0,0,0,0,0,0,0,0,0,0,0,0,0,0
3-181_199_999_3_0_0,3,298,1.017,33.403,"{'1-181_': {'VS': 0.6, 'HS': np.float64(2.021), 'MMD': np.float64(31.748)}, '2-181_199_3': {'VS': 0.123, 'HS': np.float64(1.045), 'MMD': np.float64(38.835)}, '3-181_199_999_3_0_0': {'VS': 0.0, 'HS': 0.0, 'MMD': 0.0}}","{'1-181_': {'VS': 0.985, 'HS': np.float64(1.443), 'MMD': np.float64(27.079)}, '2-181_199_3': {'VS': 0.241, 'HS': np.float64(1.017), 'MMD': np.float64(30.767)}, '3-181_199_999_3_0_0': {'VS': 0.241, 'HS': np.float64(1.017), 'MMD': np.float64(33.403)}}",298,0.118,43.446,0.252,0,0,0,0,0,0,0,0,0,0,0,0,0,0,0,0,0,0,0,0,0
4-181_199_212_999_4_4_0_0_0_0,4,385,2.748,35.668,"{'1-181_': {'VS': 0.6, 'HS': np.float64(2.021), 'MMD': np.float64(31.748)}, '2-181_199_4': {'VS': 0.321, 'HS': np.float64(2.997), 'MMD': np.float64(40.869)}, '3-181_199_212_4_4_0': {'VS': 0.261, 'HS': np.float64(8.089), 'MMD': np.float64(44.195)}, '4-181_199_212_999_4_4_0_0_0_0': {'VS': 0.0, 'HS': 0.0, 'MMD': 0.0}}","{'1-181_': {'VS': 0.985, 'HS': np.float64(1.443), 'MMD': np.float64(27.079)}, '2-181_199_4': {'VS': 0.495, 'HS': np.float64(1.776), 'MMD': np.float64(31.723)}, '3-181_199_212_4_4_0': {'VS': 0.335, 'HS': np.float64(3.271), 'MMD': np.float64(33.366)}, '4-181_199_212_999_4_4_0_0_0_0': {'VS': 0.312, 'HS': np.float64(2.748), 'MMD': np.float64(35.668)}}",385,0.074,74.239,0.211,1,1,1,1,0,0,0,0,0,0,0,0,0,0,0,0,0,0,0,0,1
4-181_199_213_999_4_4_0_0_0_0,4,356,2.736,35.941,"{'1-181_': {'VS': 0.6, 'HS': np.float64(2.021), 'MMD': np.float64(31.748)}, '2-181_199_4': {'VS': 0.321, 'HS': np.float64(2.997), 'MMD': np.float64(40.869)}, '3-181_199_213_4_4_0': {'VS': 0.252, 'HS': np.float64(7.541), 'MMD': np.float64(44.416)}, '4-181_199_213_999_4_4_0_0_0_0': {'VS': 0.0, 'HS': 0.0, 'MMD': 0.0}}","{'1-181_': {'VS': 0.985, 'HS': np.float64(1.443), 'MMD': np.float64(27.079)}, '2-181_199_4': {'VS': 0.495, 'HS': np.float64(1.776), 'MMD': np.float64(31.723)}, '3-181_199_213_4_4_0': {'VS': 0.313, 'HS': np.float64(3.184), 'MMD': np.float64(33.579)}, '4-181_199_213_999_4_4_0_0_0_0': {'VS': 0.288, 'HS': np.float64(2.736), 'MMD': np.float64(35.941)}}",356,0.061,74.296,0.207,0,0,0,0,0,0,0,0,0,0,0,0,0,0,0,0,0,0,0,0,0
3-181_199_999_4_0_0,3,591,1.667,34.352,"{'1-181_': {'VS': 0.6, 'HS': np.float64(2.021), 'MMD': np.float64(31.748)}, '2-181_199_4': {'VS': 0.321, 'HS': np.float64(2.997), 'MMD': np.float64(40.869)}, '3-181_199_999_4_0_0': {'VS': 0.0, 'HS': 0.0, 'MMD': 0.0}}","{'1-181_': {'VS': 0.985, 'HS': np.float64(1.443), 'MMD': np.float64(27.079)}, '2-181_199_4': {'VS': 0.495, 'HS': np.float64(1.776), 'MMD': np.float64(31.723)}, '3-181_199_999_4_0_0': {'VS': 0.479, 'HS': np.float64(1.667), 'MMD': np.float64(34.352)}}",591,0.174,52.724,0.279,0,0,0,0,0,0,0,0,0,0,0,0,0,0,0,0,0,0,0,0,0
3-181_211_999_4_0_0,3,348,1.784,33.477,"{'1-181_': {'VS': 0.6, 'HS': np.float64(2.021), 'MMD': np.float64(31.748)}, '2-181_211_4': {'VS': 0.263, 'HS': np.float64(2.918), 'MMD': np.float64(38.961)}, '3-181_211_999_4_0_0': {'VS': 0.0, 'HS': 0.0, 'MMD': 0.0}}","{'1-181_': {'VS': 0.985, 'HS': np.float64(1.443), 'MMD': np.float64(27.079)}, '2-181_211_4': {'VS': 0.293, 'HS': np.float64(1.87), 'MMD': np.float64(30.731)}, '3-181_211_999_4_0_0': {'VS': 0.282, 'HS': np.float64(1.784), 'MMD': np.float64(33.477)}}",348,0.03,44.766,0.207,0,0,0,0,0,0,0,0,0,0,0,0,0,0,0,0,0,0,0,0,0
4-181_221_212_999_4_4_0_0_0_0,4,322,3.106,34.946,"{'1-181_': {'VS': 0.6, 'HS': np.float64(2.021), 'MMD': np.float64(31.748)}, '2-181_221_4': {'VS': 0.27, 'HS': np.float64(3.491), 'MMD': np.float64(39.444)}, '3-181_221_212_4_4_0': {'VS': 0.222, 'HS': np.float64(10.055), 'MMD': np.float64(43.041)}, '4-181_221_212_999_4_4_0_0_0_0': {'VS': 0.0, 'HS': 0.0, 'MMD': 0.0}}","{'1-181_': {'VS': 0.985, 'HS': np.float64(1.443), 'MMD': np.float64(27.079)}, '2-181_221_4': {'VS': 0.385, 'HS': np.float64(2.105), 'MMD': np.float64(30.652)}, '3-181_221_212_4_4_0': {'VS': 0.283, 'HS': np.float64(3.602), 'MMD': np.float64(32.566)}, '4-181_221_212_999_4_4_0_0_0_0': {'VS': 0.261, 'HS': np.float64(3.106), 'MMD': np.float64(34.946)}}",322,0.061,69.608,0.187,0,0,0,0,0,0,0,0,0,0,0,0,0,0,0,0,0,0,0,0,0
4-181_221_213_999_4_4_0_0_0_0,4,297,2.987,35.189,"{'1-181_': {'VS': 0.6, 'HS': np.float64(2.021), 'MMD': np.float64(31.748)}, '2-181_221_4': {'VS': 0.27, 'HS': np.float64(3.491), 'MMD': np.float64(39.444)}, '3-181_221_213_4_4_0': {'VS': 0.213, 'HS': np.float64(9.399), 'MMD': np.float64(43.39)}, '4-181_221_213_999_4_4_0_0_0_0': {'VS': 0.0, 'HS': 0.0, 'MMD': 0.0}}","{'1-181_': {'VS': 0.985, 'HS': np.float64(1.443), 'MMD': np.float64(27.079)}, '2-181_221_4': {'VS': 0.385, 'HS': np.float64(2.105), 'MMD': np.float64(30.652)}, '3-181_221_213_4_4_0': {'VS': 0.255, 'HS': np.float64(3.556), 'MMD': np.float64(32.876)}, '4-181_221_213_999_4_4_0_0_0_0': {'VS': 0.241, 'HS': np.float64(2.987), 'MMD': np.float64(35.189)}}",297,0.042,69.881,0.181,0,0,0,0,0,0,0,0,0,0,0,0,0,0,0,0,0,0,0,0,0
3-181_221_999_4_0_0,3,457,1.982,33.526,"{'1-181_': {'VS': 0.6, 'HS': np.float64(2.021), 'MMD': np.float64(31.748)}, '2-181_221_4': {'VS': 0.27, 'HS': np.float64(3.491), 'MMD': np.float64(39.444)}, '3-181_221_999_4_0_0': {'VS': 0.0, 'HS': 0.0, 'MMD': 0.0}}","{'1-181_': {'VS': 0.985, 'HS': np.float64(1.443), 'MMD': np.float64(27.079)}, '2-181_221_4': {'VS': 0.385, 'HS': np.float64(2.105), 'MMD': np.float64(30.652)}, '3-181_221_999_4_0_0': {'VS': 0.37, 'HS': np.float64(1.982), 'MMD': np.float64(33.526)}}",457,0.115,49.549,0.25,0,0,0,0,0,0,0,0,0,0,0,0,0,0,0,0,0,0,0,0,0
3-181_169_999_4_0_0,3,487,1.419,32.775,"{'1-181_': {'VS': 0.6, 'HS': np.float64(2.021), 'MMD': np.float64(31.748)}, '2-181_169_4': {'VS': 0.243, 'HS': np.float64(2.277), 'MMD': np.float64(40.117)}, '3-181_169_999_4_0_0': {'VS': 0.0, 'HS': 0.0, 'MMD': 0.0}}","{'1-181_': {'VS': 0.985, 'HS': np.float64(1.443), 'MMD': np.float64(27.079)}, '2-181_169_4': {'VS': 0.408, 'HS': np.float64(1.474), 'MMD': np.float64(29.963)}, '3-181_169_999_4_0_0': {'VS': 0.395, 'HS': np.float64(1.419), 'MMD': np.float64(32.775)}}",487,0.165,62.452,0.275,0,0,0,0,0,0,0,0,0,0,0,0,0,0,0,0,0,0,0,0,0
3-181_175_999_4_0_0,3,253,1.19,33.473,"{'1-181_': {'VS': 0.6, 'HS': np.float64(2.021), 'MMD': np.float64(31.748)}, '2-181_175_4': {'VS': 0.172, 'HS': np.float64(1.499), 'MMD': np.float64(40.46)}, '3-181_175_999_4_0_0': {'VS': 0.0, 'HS': 0.0, 'MMD': 0.0}}","{'1-181_': {'VS': 0.985, 'HS': np.float64(1.443), 'MMD': np.float64(27.079)}, '2-181_175_4': {'VS': 0.212, 'HS': np.float64(1.206), 'MMD': np.float64(30.797)}, '3-181_175_999_4_0_0': {'VS': 0.205, 'HS': np.float64(1.19), 'MMD': np.float64(33.473)}}",253,0.04,57.587,0.213,0,0,0,0,0,0,0,0,0,0,0,0,0,0,0,0,0,0,0,0,0
2-181_999_0,2,1215,1.399,30.659,"{'1-181_': {'VS': 0.6, 'HS': np.float64(2.021), 'MMD': np.float64(31.748)}, '2-181_999_0': {'VS': 0.0, 'HS': 0.0, 'MMD': 0.0}}","{'1-181_': {'VS': 0.985, 'HS': np.float64(1.443), 'MMD': np.float64(27.079)}, '2-181_999_0': {'VS': 0.985, 'HS': np.float64(1.399), 'MMD': np.float64(30.659)}}",1215,0.385,21.8,0.385,0,0,0,0,1,1,1,1,1,1,0,0,0,0,0,0,1,0,0,0,1
3-181_163_999_4_0_0,3,275,1.567,33.725,"{'1-181_': {'VS': 0.6, 'HS': np.float64(2.021), 'MMD': np.float64(31.748)}, '2-181_163_4': {'VS': 0.149, 'HS': np.float64(2.734), 'MMD': np.float64(42.439)}, '3-181_163_999_4_0_0': {'VS': 0.0, 'HS': 0.0, 'MMD': 0.0}}","{'1-181_': {'VS': 0.985, 'HS': np.float64(1.443), 'MMD': np.float64(27.079)}, '2-181_163_4': {'VS': 0.231, 'HS': np.float64(1.674), 'MMD': np.float64(31.008)}, '3-181_163_999_4_0_0': {'VS': 0.223, 'HS': np.float64(1.567), 'MMD': np.float64(33.725)}}",275,0.082,76.234,0.234,0,0,0,0,0,0,0,0,0,0,0,0,0,0,0,0,0,0,0,0,0
3-181_229_999_4_0_0,3,314,1.217,31.904,"{'1-181_': {'VS': 0.6, 'HS': np.float64(2.021), 'MMD': np.float64(31.748)}, '2-181_229_4': {'VS': 0.095, 'HS': np.float64(1.298), 'MMD': np.float64(39.999)}, '3-181_229_999_4_0_0': {'VS': 0.0, 'HS': 0.0, 'MMD': 0.0}}","{'1-181_': {'VS': 0.985, 'HS': np.float64(1.443), 'MMD': np.float64(27.079)}, '2-181_229_4': {'VS': 0.262, 'HS': np.float64(1.22), 'MMD': np.float64(29.029)}, '3-181_229_999_4_0_0': {'VS': 0.254, 'HS': np.float64(1.217), 'MMD': np.float64(31.904)}}",314,0.167,71.07,0.276,1,0,0,0,0,0,0,0,0,0,0,0,0,0,0,0,0,0,0,0,1
4-181_157_212_999_4_4_0_0_0_0,4,278,2.532,35.406,"{'1-181_': {'VS': 0.6, 'HS': np.float64(2.021), 'MMD': np.float64(31.748)}, '2-181_157_4': {'VS': 0.266, 'HS': np.float64(2.469), 'MMD': np.float64(39.938)}, '3-181_157_212_4_4_0': {'VS': 0.214, 'HS': np.float64(6.578), 'MMD': np.float64(43.589)}, '4-181_157_212_999_4_4_0_0_0_0': {'VS': 0.0, 'HS': 0.0, 'MMD': 0.0}}","{'1-181_': {'VS': 0.985, 'HS': np.float64(1.443), 'MMD': np.float64(27.079)}, '2-181_157_4': {'VS': 0.407, 'HS': np.float64(1.552), 'MMD': np.float64(30.901)}, '3-181_157_212_4_4_0': {'VS': 0.25, 'HS': np.float64(2.799), 'MMD': np.float64(32.99)}, '4-181_157_212_999_4_4_0_0_0_0': {'VS': 0.225, 'HS': np.float64(2.532), 'MMD': np.float64(35.406)}}",278,0.036,71.935,0.187,0,0,0,0,0,0,0,0,0,0,0,0,0,0,0,0,0,0,0,0,0
4-181_157_213_999_4_4_0_0_0_0,4,269,2.439,35.515,"{'1-181_': {'VS': 0.6, 'HS': np.float64(2.021), 'MMD': np.float64(31.748)}, '2-181_157_4': {'VS': 0.266, 'HS': np.float64(2.469), 'MMD': np.float64(39.938)}, '3-181_157_213_4_4_0': {'VS': 0.203, 'HS': np.float64(6.165), 'MMD': np.float64(43.641)}, '4-181_157_213_999_4_4_0_0_0_0': {'VS': 0.0, 'HS': 0.0, 'MMD': 0.0}}","{'1-181_': {'VS': 0.985, 'HS': np.float64(1.443), 'MMD': np.float64(27.079)}, '2-181_157_4': {'VS': 0.407, 'HS': np.float64(1.552), 'MMD': np.float64(30.901)}, '3-181_157_213_4_4_0': {'VS': 0.241, 'HS': np.float64(2.727), 'MMD': np.float64(33.118)}, '4-181_157_213_999_4_4_0_0_0_0': {'VS': 0.218, 'HS': np.float64(2.439), 'MMD': np.float64(35.515)}}",269,0.038,71.4,0.188,0,0,0,0,0,0,0,0,0,0,0,0,0,0,0,0,0,0,0,0,0
3-181_157_999_4_0_0,3,477,1.493,33.554,"{'1-181_': {'VS': 0.6, 'HS': np.float64(2.021), 'MMD': np.float64(31.748)}, '2-181_157_4': {'VS': 0.266, 'HS': np.float64(2.469), 'MMD': np.float64(39.938)}, '3-181_157_999_4_0_0': {'VS': 0.0, 'HS': 0.0, 'MMD': 0.0}}","{'1-181_': {'VS': 0.985, 'HS': np.float64(1.443), 'MMD': np.float64(27.079)}, '2-181_157_4': {'VS': 0.407, 'HS': np.float64(1.552), 'MMD': np.float64(30.901)}, '3-181_157_999_4_0_0': {'VS': 0.387, 'HS': np.float64(1.493), 'MMD': np.float64(33.554)}}",477,0.141,51.733,0.263,0,0,0,0,0,0,0,0,0,0,0,0,0,0,0,0,0,0,0,0,0
3-181_178_999_4_0_0,3,406,1.204,32.136,"{'1-181_': {'VS': 0.6, 'HS': np.float64(2.021), 'MMD': np.float64(31.748)}, '2-181_178_4': {'VS': 0.169, 'HS': np.float64(1.485), 'MMD': np.float64(40.867)}, '3-181_178_999_4_0_0': {'VS': 0.0, 'HS': 0.0, 'MMD': 0.0}}","{'1-181_': {'VS': 0.985, 'HS': np.float64(1.443), 'MMD': np.float64(27.079)}, '2-181_178_4': {'VS': 0.341, 'HS': np.float64(1.226), 'MMD': np.float64(29.771)}, '3-181_178_999_4_0_0': {'VS': 0.329, 'HS': np.float64(1.204), 'MMD': np.float64(32.136)}}",406,0.172,72.46,0.279,0,0,0,0,0,0,0,0,0,0,0,0,0,0,0,0,0,0,0,0,0
3-181_215_999_4_0_0,3,372,2.288,31.424,"{'1-181_': {'VS': 0.6, 'HS': np.float64(2.021), 'MMD': np.float64(31.748)}, '2-181_215_4': {'VS': 0.229, 'HS': np.float64(4.29), 'MMD': np.float64(35.2)}, '3-181_215_999_4_0_0': {'VS': 0.0, 'HS': 0.0, 'MMD': 0.0}}","{'1-181_': {'VS': 0.985, 'HS': np.float64(1.443), 'MMD': np.float64(27.079)}, '2-181_215_4': {'VS': 0.314, 'HS': np.float64(2.447), 'MMD': np.float64(27.904)}, '3-181_215_999_4_0_0': {'VS': 0.301, 'HS': np.float64(2.288), 'MMD': np.float64(31.424)}}",372,0.085,37.516,0.235,0,0,0,0,0,0,0,0,0,0,0,0,0,0,0,0,0,0,0,0,0
3-181_16_999_4_0_0,3,271,1.089,33.557,"{'1-181_': {'VS': 0.6, 'HS': np.float64(2.021), 'MMD': np.float64(31.748)}, '2-181_16_4': {'VS': 0.042, 'HS': np.float64(1.354), 'MMD': np.float64(35.101)}, '3-181_16_999_4_0_0': {'VS': 0.0, 'HS': 0.0, 'MMD': 0.0}}","{'1-181_': {'VS': 0.985, 'HS': np.float64(1.443), 'MMD': np.float64(27.079)}, '2-181_16_4': {'VS': 0.25, 'HS': np.float64(1.088), 'MMD': np.float64(31.086)}, '3-181_16_999_4_0_0': {'VS': 0.22, 'HS': np.float64(1.089), 'MMD': np.float64(33.557)}}",271,0.208,18.96,0.296,0,0,0,0,0,0,0,0,0,0,0,0,0,0,0,0,0,0,0,0,0
3-181_22_999_4_0_0,3,257,1.058,34.163,"{'1-181_': {'VS': 0.6, 'HS': np.float64(2.021), 'MMD': np.float64(31.748)}, '2-181_22_4': {'VS': 0.037, 'HS': np.float64(1.409), 'MMD': np.float64(36.347)}, '3-181_22_999_4_0_0': {'VS': 0.0, 'HS': 0.0, 'MMD': 0.0}}","{'1-181_': {'VS': 0.985, 'HS': np.float64(1.443), 'MMD': np.float64(27.079)}, '2-181_22_4': {'VS': 0.234, 'HS': np.float64(1.073), 'MMD': np.float64(31.325)}, '3-181_22_999_4_0_0': {'VS': 0.208, 'HS': np.float64(1.058), 'MMD': np.float64(34.163)}}",257,0.197,23.51,0.291,0,0,0,0,0,0,0,0,0,0,0,0,0,0,0,0,0,0,0,0,0
3-181_97_999_4_0_0,3,248,1.052,34.194,"{'1-181_': {'VS': 0.6, 'HS': np.float64(2.021), 'MMD': np.float64(31.748)}, '2-181_97_4': {'VS': 0.036, 'HS': np.float64(1.388), 'MMD': np.float64(35.524)}, '3-181_97_999_4_0_0': {'VS': 0.0, 'HS': 0.0, 'MMD': 0.0}}","{'1-181_': {'VS': 0.985, 'HS': np.float64(1.443), 'MMD': np.float64(27.079)}, '2-181_97_4': {'VS': 0.225, 'HS': np.float64(1.068), 'MMD': np.float64(31.342)}, '3-181_97_999_4_0_0': {'VS': 0.201, 'HS': np.float64(1.052), 'MMD': np.float64(34.194)}}",248,0.189,19.644,0.287,0,0,0,0,0,0,0,0,0,0,0,0,0,0,0,0,0,0,0,0,0
3-181_136_999_4_0_0,3,382,1.327,32.523,"{'1-181_': {'VS': 0.6, 'HS': np.float64(2.021), 'MMD': np.float64(31.748)}, '2-181_136_4': {'VS': 0.059, 'HS': np.float64(1.886), 'MMD': np.float64(34.89)}, '3-181_136_999_4_0_0': {'VS': 0.0, 'HS': 0.0, 'MMD': 0.0}}","{'1-181_': {'VS': 0.985, 'HS': np.float64(1.443), 'MMD': np.float64(27.079)}, '2-181_136_4': {'VS': 0.334, 'HS': np.float64(1.34), 'MMD': np.float64(29.869)}, '3-181_136_999_4_0_0': {'VS': 0.31, 'HS': np.float64(1.327), 'MMD': np.float64(32.523)}}",382,0.275,23.505,0.33,0,0,0,0,0,0,0,0,0,0,0,0,0,0,0,0,0,0,0,0,0
3-193_214_999_3_0_0,3,256,1.02,30.775,"{'1-193_': {'VS': 0.642, 'HS': np.float64(2.229), 'MMD': np.float64(16.616)}, '2-193_214_3': {'VS': 0.107, 'HS': np.float64(1.059), 'MMD': np.float64(34.273)}, '3-193_214_999_3_0_0': {'VS': 0.0, 'HS': 0.0, 'MMD': 0.0}}","{'1-193_': {'VS': 0.906, 'HS': np.float64(1.564), 'MMD': np.float64(18.074)}, '2-193_214_3': {'VS': 0.207, 'HS': np.float64(1.023), 'MMD': np.float64(28.025)}, '3-193_214_999_3_0_0': {'VS': 0.207, 'HS': np.float64(1.02), 'MMD': np.float64(30.775)}}",256,0.1,20.582,0.182,0,0,0,0,0,0,0,0,0,0,0,0,0,0,0,0,0,0,0,0,0
3-193_214_999_4_0_0,3,312,2.391,32.416,"{'1-193_': {'VS': 0.642, 'HS': np.float64(2.229), 'MMD': np.float64(16.616)}, '2-193_214_4': {'VS': 0.163, 'HS': np.float64(4.0), 'MMD': np.float64(32.152)}, '3-193_214_999_4_0_0': {'VS': 0.0, 'HS': 0.0, 'MMD': 0.0}}","{'1-193_': {'VS': 0.906, 'HS': np.float64(1.564), 'MMD': np.float64(18.074)}, '2-193_214_4': {'VS': 0.26, 'HS': np.float64(2.551), 'MMD': np.float64(28.857)}, '3-193_214_999_4_0_0': {'VS': 0.253, 'HS': np.float64(2.391), 'MMD': np.float64(32.416)}}",312,0.097,6.491,0.18,0,0,0,0,0,0,0,0,0,0,0,0,0,0,0,0,0,0,0,0,0
3-193_202_999_0_0_0,3,288,1.84,22.091,"{'1-193_': {'VS': 0.642, 'HS': np.float64(2.229), 'MMD': np.float64(16.616)}, '2-193_202_0': {'VS': 0.277, 'HS': np.float64(3.559), 'MMD': np.float64(19.231)}, '3-193_202_999_0_0_0': {'VS': 0.0, 'HS': 0.0, 'MMD': 0.0}}","{'1-193_': {'VS': 0.906, 'HS': np.float64(1.564), 'MMD': np.float64(18.074)}, '2-193_202_0': {'VS': 0.262, 'HS': np.float64(1.932), 'MMD': np.float64(17.276)}, '3-193_202_999_0_0_0': {'VS': 0.233, 'HS': np.float64(1.84), 'MMD': np.float64(22.091)}}",288,-0.015,2.974,0.124,0,0,0,0,0,0,0,0,0,0,0,0,0,0,0,0,0,0,0,0,0
4-193_202_212_999_4_4_0_0_0_0,4,272,2.651,33.824,"{'1-193_': {'VS': 0.642, 'HS': np.float64(2.229), 'MMD': np.float64(16.616)}, '2-193_202_4': {'VS': 0.271, 'HS': np.float64(2.794), 'MMD': np.float64(32.416)}, '3-193_202_212_4_4_0': {'VS': 0.196, 'HS': np.float64(7.704), 'MMD': np.float64(38.907)}, '4-193_202_212_999_4_4_0_0_0_0': {'VS': 0.0, 'HS': 0.0, 'MMD': 0.0}}","{'1-193_': {'VS': 0.906, 'HS': np.float64(1.564), 'MMD': np.float64(18.074)}, '2-193_202_4': {'VS': 0.39, 'HS': np.float64(1.761), 'MMD': np.float64(27.415)}, '3-193_202_212_4_4_0': {'VS': 0.241, 'HS': np.float64(3.101), 'MMD': np.float64(31.061)}, '4-193_202_212_999_4_4_0_0_0_0': {'VS': 0.22, 'HS': np.float64(2.651), 'MMD': np.float64(33.824)}}",272,0.045,29.565,0.143,0,0,0,0,0,0,0,0,0,0,0,0,0,0,0,0,0,0,0,0,0
4-193_202_213_999_4_4_0_0_0_0,4,257,2.654,33.307,"{'1-193_': {'VS': 0.642, 'HS': np.float64(2.229), 'MMD': np.float64(16.616)}, '2-193_202_4': {'VS': 0.271, 'HS': np.float64(2.794), 'MMD': np.float64(32.416)}, '3-193_202_213_4_4_0': {'VS': 0.184, 'HS': np.float64(7.171), 'MMD': np.float64(39.067)}, '4-193_202_213_999_4_4_0_0_0_0': {'VS': 0.0, 'HS': 0.0, 'MMD': 0.0}}","{'1-193_': {'VS': 0.906, 'HS': np.float64(1.564), 'MMD': np.float64(18.074)}, '2-193_202_4': {'VS': 0.39, 'HS': np.float64(1.761), 'MMD': np.float64(27.415)}, '3-193_202_213_4_4_0': {'VS': 0.229, 'HS': np.float64(3.064), 'MMD': np.float64(30.596)}, '4-193_202_213_999_4_4_0_0_0_0': {'VS': 0.208, 'HS': np.float64(2.654), 'MMD': np.float64(33.307)}}",257,0.045,32.965,0.143,0,0,0,0,0,0,0,0,0,0,0,0,0,0,0,0,0,0,0,0,0
3-193_202_999_4_0_0,3,467,1.638,31.091,"{'1-193_': {'VS': 0.642, 'HS': np.float64(2.229), 'MMD': np.float64(16.616)}, '2-193_202_4': {'VS': 0.271, 'HS': np.float64(2.794), 'MMD': np.float64(32.416)}, '3-193_202_999_4_0_0': {'VS': 0.0, 'HS': 0.0, 'MMD': 0.0}}","{'1-193_': {'VS': 0.906, 'HS': np.float64(1.564), 'MMD': np.float64(18.074)}, '2-193_202_4': {'VS': 0.39, 'HS': np.float64(1.761), 'MMD': np.float64(27.415)}, '3-193_202_999_4_0_0': {'VS': 0.378, 'HS': np.float64(1.638), 'MMD': np.float64(31.091)}}",467,0.119,13.568,0.192,0,0,0,0,0,0,0,0,0,0,0,0,0,0,0,0,0,0,0,0,0
3-193_225_999_0_0_0,3,280,2.371,21.277,"{'1-193_': {'VS': 0.642, 'HS': np.float64(2.229), 'MMD': np.float64(16.616)}, '2-193_225_0': {'VS': 0.117, 'HS': np.float64(2.758), 'MMD': np.float64(12.634)}, '3-193_225_999_0_0_0': {'VS': 0.0, 'HS': 0.0, 'MMD': 0.0}}","{'1-193_': {'VS': 0.906, 'HS': np.float64(1.564), 'MMD': np.float64(18.074)}, '2-193_225_0': {'VS': 0.25, 'HS': np.float64(2.594), 'MMD': np.float64(14.64)}, '3-193_225_999_0_0_0': {'VS': 0.227, 'HS': np.float64(2.371), 'MMD': np.float64(21.277)}}",280,0.133,3.075,0.199,0,0,0,0,0,0,0,0,0,0,0,0,0,0,0,0,0,0,0,0,0
4-193_225_212_999_4_4_0_0_0_0,4,305,3.764,33.22,"{'1-193_': {'VS': 0.642, 'HS': np.float64(2.229), 'MMD': np.float64(16.616)}, '2-193_225_4': {'VS': 0.096, 'HS': np.float64(2.67), 'MMD': np.float64(23.791)}, '3-193_225_212_4_4_0': {'VS': 0.061, 'HS': np.float64(7.5), 'MMD': np.float64(31.685)}, '4-193_225_212_999_4_4_0_0_0_0': {'VS': 0.0, 'HS': 0.0, 'MMD': 0.0}}","{'1-193_': {'VS': 0.906, 'HS': np.float64(1.564), 'MMD': np.float64(18.074)}, '2-193_225_4': {'VS': 0.409, 'HS': np.float64(2.386), 'MMD': np.float64(26.254)}, '3-193_225_212_4_4_0': {'VS': 0.273, 'HS': np.float64(4.335), 'MMD': np.float64(30.288)}, '4-193_225_212_999_4_4_0_0_0_0': {'VS': 0.247, 'HS': np.float64(3.764), 'MMD': np.float64(33.22)}}",305,0.212,3.381,0.263,0,0,0,0,0,0,0,0,0,0,0,0,0,0,0,0,0,0,0,0,0
4-193_225_213_999_4_4_0_0_0_0,4,301,3.571,32.955,"{'1-193_': {'VS': 0.642, 'HS': np.float64(2.229), 'MMD': np.float64(16.616)}, '2-193_225_4': {'VS': 0.096, 'HS': np.float64(2.67), 'MMD': np.float64(23.791)}, '3-193_225_213_4_4_0': {'VS': 0.056, 'HS': np.float64(7.197), 'MMD': np.float64(31.883)}, '4-193_225_213_999_4_4_0_0_0_0': {'VS': 0.0, 'HS': 0.0, 'MMD': 0.0}}","{'1-193_': {'VS': 0.906, 'HS': np.float64(1.564), 'MMD': np.float64(18.074)}, '2-193_225_4': {'VS': 0.409, 'HS': np.float64(2.386), 'MMD': np.float64(26.254)}, '3-193_225_213_4_4_0': {'VS': 0.267, 'HS': np.float64(4.146), 'MMD': np.float64(30.103)}, '4-193_225_213_999_4_4_0_0_0_0': {'VS': 0.244, 'HS': np.float64(3.571), 'MMD': np.float64(32.955)}}",301,0.211,3.787,0.263,0,0,0,0,0,0,0,0,0,0,0,0,0,0,0,0,0,0,0,0,0
3-193_225_999_4_0_0,3,484,2.238,30.237,"{'1-193_': {'VS': 0.642, 'HS': np.float64(2.229), 'MMD': np.float64(16.616)}, '2-193_225_4': {'VS': 0.096, 'HS': np.float64(2.67), 'MMD': np.float64(23.791)}, '3-193_225_999_4_0_0': {'VS': 0.0, 'HS': 0.0, 'MMD': 0.0}}","{'1-193_': {'VS': 0.906, 'HS': np.float64(1.564), 'MMD': np.float64(18.074)}, '2-193_225_4': {'VS': 0.409, 'HS': np.float64(2.386), 'MMD': np.float64(26.254)}, '3-193_225_999_4_0_0': {'VS': 0.392, 'HS': np.float64(2.238), 'MMD': np.float64(30.237)}}",484,0.313,4.096,0.288,0,0,0,0,0,0,0,0,0,0,0,0,0,0,0,0,0,0,0,0,0
3-193_212_999_0_0_0,3,420,3.064,21.67,"{'1-193_': {'VS': 0.642, 'HS': np.float64(2.229), 'MMD': np.float64(16.616)}, '2-193_212_0': {'VS': 0.375, 'HS': np.float64(6.936), 'MMD': np.float64(16.436)}, '3-193_212_999_0_0_0': {'VS': 0.0, 'HS': 0.0, 'MMD': 0.0}}","{'1-193_': {'VS': 0.906, 'HS': np.float64(1.564), 'MMD': np.float64(18.074)}, '2-193_212_0': {'VS': 0.367, 'HS': np.float64(3.488), 'MMD': np.float64(16.256)}, '3-193_212_999_0_0_0': {'VS': 0.34, 'HS': np.float64(3.064), 'MMD': np.float64(21.67)}}",420,-0.008,1.079,0.128,0,0,0,0,0,0,0,0,0,0,0,0,0,0,0,0,0,0,0,0,0
3-193_212_999_3_0_0,3,331,1.033,28.382,"{'1-193_': {'VS': 0.642, 'HS': np.float64(2.229), 'MMD': np.float64(16.616)}, '2-193_212_3': {'VS': 0.17, 'HS': np.float64(1.087), 'MMD': np.float64(25.573)}, '3-193_212_999_3_0_0': {'VS': 0.0, 'HS': 0.0, 'MMD': 0.0}}","{'1-193_': {'VS': 0.906, 'HS': np.float64(1.564), 'MMD': np.float64(18.074)}, '2-193_212_3': {'VS': 0.276, 'HS': np.float64(1.032), 'MMD': np.float64(23.812)}, '3-193_212_999_3_0_0': {'VS': 0.268, 'HS': np.float64(1.033), 'MMD': np.float64(28.382)}}",331,0.106,2.613,0.185,0,0,0,0,0,0,0,0,0,0,0,0,0,0,0,0,0,0,0,0,0
4-193_212_202_999_4_4_0_0_0_0,4,271,2.731,33.007,"{'1-193_': {'VS': 0.642, 'HS': np.float64(2.229), 'MMD': np.float64(16.616)}, '2-193_212_4': {'VS': 0.383, 'HS': np.float64(5.582), 'MMD': np.float64(28.732)}, '3-193_212_202_4_4_0': {'VS': 0.2, 'HS': np.float64(7.631), 'MMD': np.float64(38.56)}, '4-193_212_202_999_4_4_0_0_0_0': {'VS': 0.0, 'HS': 0.0, 'MMD': 0.0}}","{'1-193_': {'VS': 0.906, 'HS': np.float64(1.564), 'MMD': np.float64(18.074)}, '2-193_212_4': {'VS': 0.605, 'HS': np.float64(3.222), 'MMD': np.float64(25.667)}, '3-193_212_202_4_4_0': {'VS': 0.237, 'HS': np.float64(3.044), 'MMD': np.float64(30.249)}, '4-193_212_202_999_4_4_0_0_0_0': {'VS': 0.22, 'HS': np.float64(2.731), 'MMD': np.float64(33.007)}}",271,0.037,26.864,0.174,0,0,0,0,0,0,0,0,0,0,0,0,0,0,0,0,0,0,0,0,0
4-193_212_225_999_4_4_0_0_0_0,4,330,3.748,33.403,"{'1-193_': {'VS': 0.642, 'HS': np.float64(2.229), 'MMD': np.float64(16.616)}, '2-193_212_4': {'VS': 0.383, 'HS': np.float64(5.582), 'MMD': np.float64(28.732)}, '3-193_212_225_4_4_0': {'VS': 0.058, 'HS': np.float64(7.46), 'MMD': np.float64(32.37)}, '4-193_212_225_999_4_4_0_0_0_0': {'VS': 0.0, 'HS': 0.0, 'MMD': 0.0}}","{'1-193_': {'VS': 0.906, 'HS': np.float64(1.564), 'MMD': np.float64(18.074)}, '2-193_212_4': {'VS': 0.605, 'HS': np.float64(3.222), 'MMD': np.float64(25.667)}, '3-193_212_225_4_4_0': {'VS': 0.284, 'HS': np.float64(4.337), 'MMD': np.float64(30.391)}, '4-193_212_225_999_4_4_0_0_0_0': {'VS': 0.267, 'HS': np.float64(3.748), 'MMD': np.float64(33.403)}}",330,0.226,5.145,0.237,0,0,0,0,0,0,0,0,0,0,0,0,0,0,0,0,0,0,0,0,0
4-193_212_224_999_4_4_0_0_0_0,4,296,3.784,33.608,"{'1-193_': {'VS': 0.642, 'HS': np.float64(2.229), 'MMD': np.float64(16.616)}, '2-193_212_4': {'VS': 0.383, 'HS': np.float64(5.582), 'MMD': np.float64(28.732)}, '3-193_212_224_4_4_0': {'VS': 0.054, 'HS': np.float64(8.203), 'MMD': np.float64(34.704)}, '4-193_212_224_999_4_4_0_0_0_0': {'VS': 0.0, 'HS': 0.0, 'MMD': 0.0}}","{'1-193_': {'VS': 0.906, 'HS': np.float64(1.564), 'MMD': np.float64(18.074)}, '2-193_212_4': {'VS': 0.605, 'HS': np.float64(3.222), 'MMD': np.float64(25.667)}, '3-193_212_224_4_4_0': {'VS': 0.254, 'HS': np.float64(4.395), 'MMD': np.float64(30.675)}, '4-193_212_224_999_4_4_0_0_0_0': {'VS': 0.24, 'HS': np.float64(3.784), 'MMD': np.float64(33.608)}}",296,0.2,9.251,0.229,0,0,0,0,0,0,0,0,0,0,0,0,0,0,0,0,0,0,0,0,0
4-193_212_172_999_4_4_0_0_0_0,4,286,2.619,33.42,"{'1-193_': {'VS': 0.642, 'HS': np.float64(2.229), 'MMD': np.float64(16.616)}, '2-193_212_4': {'VS': 0.383, 'HS': np.float64(5.582), 'MMD': np.float64(28.732)}, '3-193_212_172_4_4_0': {'VS': 0.167, 'HS': np.float64(5.805), 'MMD': np.float64(38.455)}, '4-193_212_172_999_4_4_0_0_0_0': {'VS': 0.0, 'HS': 0.0, 'MMD': 0.0}}","{'1-193_': {'VS': 0.906, 'HS': np.float64(1.564), 'MMD': np.float64(18.074)}, '2-193_212_4': {'VS': 0.605, 'HS': np.float64(3.222), 'MMD': np.float64(25.667)}, '3-193_212_172_4_4_0': {'VS': 0.252, 'HS': np.float64(2.952), 'MMD': np.float64(30.521)}, '4-193_212_172_999_4_4_0_0_0_0': {'VS': 0.232, 'HS': np.float64(2.619), 'MMD': np.float64(33.42)}}",286,0.085,24.823,0.19,0,0,0,0,0,0,0,0,0,0,0,0,0,0,0,0,0,0,0,0,0
3-193_212_999_4_0_0,3,734,3.001,29.892,"{'1-193_': {'VS': 0.642, 'HS': np.float64(2.229), 'MMD': np.float64(16.616)}, '2-193_212_4': {'VS': 0.383, 'HS': np.float64(5.582), 'MMD': np.float64(28.732)}, '3-193_212_999_4_0_0': {'VS': 0.0, 'HS': 0.0, 'MMD': 0.0}}","{'1-193_': {'VS': 0.906, 'HS': np.float64(1.564), 'MMD': np.float64(18.074)}, '2-193_212_4': {'VS': 0.605, 'HS': np.float64(3.222), 'MMD': np.float64(25.667)}, '3-193_212_999_4_0_0': {'VS': 0.595, 'HS': np.float64(3.001), 'MMD': np.float64(29.892)}}",734,0.222,5.76,0.243,0,0,0,0,1,0,0,0,0,0,0,0,0,0,0,0,0,0,0,0,1
3-193_220_999_3_0_0,3,259,1.027,29.056,"{'1-193_': {'VS': 0.642, 'HS': np.float64(2.229), 'MMD': np.float64(16.616)}, '2-193_220_3': {'VS': 0.12, 'HS': np.float64(1.085), 'MMD': np.float64(27.148)}, '3-193_220_999_3_0_0': {'VS': 0.0, 'HS': 0.0, 'MMD': 0.0}}","{'1-193_': {'VS': 0.906, 'HS': np.float64(1.564), 'MMD': np.float64(18.074)}, '2-193_220_3': {'VS': 0.213, 'HS': np.float64(1.038), 'MMD': np.float64(24.8)}, '3-193_220_999_3_0_0': {'VS': 0.21, 'HS': np.float64(1.027), 'MMD': np.float64(29.056)}}",259,0.093,3.819,0.178,0,0,0,0,0,0,0,0,0,0,0,0,0,0,0,0,0,0,0,0,0
3-193_220_999_4_0_0,3,392,1.834,30.592,"{'1-193_': {'VS': 0.642, 'HS': np.float64(2.229), 'MMD': np.float64(16.616)}, '2-193_220_4': {'VS': 0.217, 'HS': np.float64(3.138), 'MMD': np.float64(33.297)}, '3-193_220_999_4_0_0': {'VS': 0.0, 'HS': 0.0, 'MMD': 0.0}}","{'1-193_': {'VS': 0.906, 'HS': np.float64(1.564), 'MMD': np.float64(18.074)}, '2-193_220_4': {'VS': 0.33, 'HS': np.float64(1.946), 'MMD': np.float64(26.831)}, '3-193_220_999_4_0_0': {'VS': 0.318, 'HS': np.float64(1.834), 'MMD': np.float64(30.592)}}",392,0.113,21.967,0.189,0,0,0,0,0,0,0,0,0,0,0,0,0,0,0,0,0,0,0,0,0
3-193_208_999_0_0_0,3,298,1.732,22.006,"{'1-193_': {'VS': 0.642, 'HS': np.float64(2.229), 'MMD': np.float64(16.616)}, '2-193_208_0': {'VS': 0.264, 'HS': np.float64(3.357), 'MMD': np.float64(18.931)}, '3-193_208_999_0_0_0': {'VS': 0.0, 'HS': 0.0, 'MMD': 0.0}}","{'1-193_': {'VS': 0.906, 'HS': np.float64(1.564), 'MMD': np.float64(18.074)}, '2-193_208_0': {'VS': 0.276, 'HS': np.float64(1.801), 'MMD': np.float64(17.104)}, '3-193_208_999_0_0_0': {'VS': 0.241, 'HS': np.float64(1.732), 'MMD': np.float64(22.006)}}",298,0.012,2.732,0.138,0,0,0,0,0,0,0,0,0,0,0,0,0,0,0,0,0,0,0,0,0
3-193_208_999_4_0_0,3,360,1.55,31.069,"{'1-193_': {'VS': 0.642, 'HS': np.float64(2.229), 'MMD': np.float64(16.616)}, '2-193_208_4': {'VS': 0.213, 'HS': np.float64(2.371), 'MMD': np.float64(31.081)}, '3-193_208_999_4_0_0': {'VS': 0.0, 'HS': 0.0, 'MMD': 0.0}}","{'1-193_': {'VS': 0.906, 'HS': np.float64(1.564), 'MMD': np.float64(18.074)}, '2-193_208_4': {'VS': 0.304, 'HS': np.float64(1.648), 'MMD': np.float64(27.412)}, '3-193_208_999_4_0_0': {'VS': 0.292, 'HS': np.float64(1.55), 'MMD': np.float64(31.069)}}",360,0.091,7.794,0.177,0,0,0,0,0,0,0,0,0,0,0,0,0,0,0,0,0,0,0,0,0
3-193_196_999_4_0_0,3,346,1.448,31.406,"{'1-193_': {'VS': 0.642, 'HS': np.float64(2.229), 'MMD': np.float64(16.616)}, '2-193_196_4': {'VS': 0.194, 'HS': np.float64(2.015), 'MMD': np.float64(31.632)}, '3-193_196_999_4_0_0': {'VS': 0.0, 'HS': 0.0, 'MMD': 0.0}}","{'1-193_': {'VS': 0.906, 'HS': np.float64(1.564), 'MMD': np.float64(18.074)}, '2-193_196_4': {'VS': 0.295, 'HS': np.float64(1.522), 'MMD': np.float64(28.04)}, '3-193_196_999_4_0_0': {'VS': 0.28, 'HS': np.float64(1.448), 'MMD': np.float64(31.406)}}",346,0.101,7.514,0.182,0,0,0,0,0,0,0,0,0,0,0,0,0,0,0,0,0,0,0,0,0
3-193_224_999_0_0_0,3,310,2.452,21.737,"{'1-193_': {'VS': 0.642, 'HS': np.float64(2.229), 'MMD': np.float64(16.616)}, '2-193_224_0': {'VS': 0.115, 'HS': np.float64(3.336), 'MMD': np.float64(16.036)}, '3-193_224_999_0_0_0': {'VS': 0.0, 'HS': 0.0, 'MMD': 0.0}}","{'1-193_': {'VS': 0.906, 'HS': np.float64(1.564), 'MMD': np.float64(18.074)}, '2-193_224_0': {'VS': 0.278, 'HS': np.float64(2.703), 'MMD': np.float64(17.101)}, '3-193_224_999_0_0_0': {'VS': 0.251, 'HS': np.float64(2.452), 'MMD': np.float64(21.737)}}",310,0.163,1.63,0.214,0,0,0,0,0,0,0,0,0,0,0,0,0,0,0,0,0,0,0,0,0
3-193_224_999_3_0_0,3,280,1.025,29.902,"{'1-193_': {'VS': 0.642, 'HS': np.float64(2.229), 'MMD': np.float64(16.616)}, '2-193_224_3': {'VS': 0.038, 'HS': np.float64(1.056), 'MMD': np.float64(24.252)}, '3-193_224_999_3_0_0': {'VS': 0.0, 'HS': 0.0, 'MMD': 0.0}}","{'1-193_': {'VS': 0.906, 'HS': np.float64(1.564), 'MMD': np.float64(18.074)}, '2-193_224_3': {'VS': 0.231, 'HS': np.float64(1.028), 'MMD': np.float64(26.43)}, '3-193_224_999_3_0_0': {'VS': 0.227, 'HS': np.float64(1.025), 'MMD': np.float64(29.902)}}",280,0.193,3.435,0.229,0,0,0,0,0,0,0,0,0,0,0,0,0,0,0,0,0,0,0,0,0
4-193_224_212_999_4_4_0_0_0_0,4,340,3.688,33.32,"{'1-193_': {'VS': 0.642, 'HS': np.float64(2.229), 'MMD': np.float64(16.616)}, '2-193_224_4': {'VS': 0.099, 'HS': np.float64(2.76), 'MMD': np.float64(24.803)}, '3-193_224_212_4_4_0': {'VS': 0.061, 'HS': np.float64(7.421), 'MMD': np.float64(32.581)}, '4-193_224_212_999_4_4_0_0_0_0': {'VS': 0.0, 'HS': 0.0, 'MMD': 0.0}}","{'1-193_': {'VS': 0.906, 'HS': np.float64(1.564), 'MMD': np.float64(18.074)}, '2-193_224_4': {'VS': 0.437, 'HS': np.float64(2.391), 'MMD': np.float64(26.977)}, '3-193_224_212_4_4_0': {'VS': 0.29, 'HS': np.float64(4.313), 'MMD': np.float64(30.593)}, '4-193_224_212_999_4_4_0_0_0_0': {'VS': 0.276, 'HS': np.float64(3.688), 'MMD': np.float64(33.32)}}",340,0.229,3.601,0.277,0,0,0,0,0,0,0,0,0,0,0,0,0,0,0,0,0,0,0,0,0
4-193_224_213_999_4_4_0_0_0_0,4,328,3.5,33.442,"{'1-193_': {'VS': 0.642, 'HS': np.float64(2.229), 'MMD': np.float64(16.616)}, '2-193_224_4': {'VS': 0.099, 'HS': np.float64(2.76), 'MMD': np.float64(24.803)}, '3-193_224_213_4_4_0': {'VS': 0.057, 'HS': np.float64(6.896), 'MMD': np.float64(32.588)}, '4-193_224_213_999_4_4_0_0_0_0': {'VS': 0.0, 'HS': 0.0, 'MMD': 0.0}}","{'1-193_': {'VS': 0.906, 'HS': np.float64(1.564), 'MMD': np.float64(18.074)}, '2-193_224_4': {'VS': 0.437, 'HS': np.float64(2.391), 'MMD': np.float64(26.977)}, '3-193_224_213_4_4_0': {'VS': 0.284, 'HS': np.float64(4.054), 'MMD': np.float64(30.47)}, '4-193_224_213_999_4_4_0_0_0_0': {'VS': 0.266, 'HS': np.float64(3.5), 'MMD': np.float64(33.442)}}",328,0.227,3.779,0.276,0,0,0,0,0,0,0,0,0,0,0,0,0,0,0,0,0,0,0,0,0
3-193_224_999_4_0_0,3,521,2.251,31.001,"{'1-193_': {'VS': 0.642, 'HS': np.float64(2.229), 'MMD': np.float64(16.616)}, '2-193_224_4': {'VS': 0.099, 'HS': np.float64(2.76), 'MMD': np.float64(24.803)}, '3-193_224_999_4_0_0': {'VS': 0.0, 'HS': 0.0, 'MMD': 0.0}}","{'1-193_': {'VS': 0.906, 'HS': np.float64(1.564), 'MMD': np.float64(18.074)}, '2-193_224_4': {'VS': 0.437, 'HS': np.float64(2.391), 'MMD': np.float64(26.977)}, '3-193_224_999_4_0_0': {'VS': 0.422, 'HS': np.float64(2.251), 'MMD': np.float64(31.001)}}",521,0.338,3.426,0.301,0,0,0,0,0,0,0,0,1,0,0,0,0,0,0,0,0,0,0,0,1
3-193_213_999_0_0_0,3,394,2.977,21.601,"{'1-193_': {'VS': 0.642, 'HS': np.float64(2.229), 'MMD': np.float64(16.616)}, '2-193_213_0': {'VS': 0.347, 'HS': np.float64(6.691), 'MMD': np.float64(16.39)}, '3-193_213_999_0_0_0': {'VS': 0.0, 'HS': 0.0, 'MMD': 0.0}}","{'1-193_': {'VS': 0.906, 'HS': np.float64(1.564), 'MMD': np.float64(18.074)}, '2-193_213_0': {'VS': 0.349, 'HS': np.float64(3.355), 'MMD': np.float64(16.051)}, '3-193_213_999_0_0_0': {'VS': 0.319, 'HS': np.float64(2.977), 'MMD': np.float64(21.601)}}",394,0.002,1.12,0.133,0,0,0,0,0,0,0,0,0,0,0,0,0,0,0,0,0,0,0,0,0
3-193_213_999_3_0_0,3,317,1.057,27.206,"{'1-193_': {'VS': 0.642, 'HS': np.float64(2.229), 'MMD': np.float64(16.616)}, '2-193_213_3': {'VS': 0.16, 'HS': np.float64(1.098), 'MMD': np.float64(23.285)}, '3-193_213_999_3_0_0': {'VS': 0.0, 'HS': 0.0, 'MMD': 0.0}}","{'1-193_': {'VS': 0.906, 'HS': np.float64(1.564), 'MMD': np.float64(18.074)}, '2-193_213_3': {'VS': 0.259, 'HS': np.float64(1.063), 'MMD': np.float64(22.838)}, '3-193_213_999_3_0_0': {'VS': 0.257, 'HS': np.float64(1.057), 'MMD': np.float64(27.206)}}",317,0.099,1.163,0.181,0,0,0,0,0,0,0,0,0,0,0,0,0,0,0,0,0,0,0,0,0
4-193_213_225_999_4_4_0_0_0_0,4,327,3.535,33.118,"{'1-193_': {'VS': 0.642, 'HS': np.float64(2.229), 'MMD': np.float64(16.616)}, '2-193_213_4': {'VS': 0.357, 'HS': np.float64(5.334), 'MMD': np.float64(29.549)}, '3-193_213_225_4_4_0': {'VS': 0.054, 'HS': np.float64(7.402), 'MMD': np.float64(32.88)}, '4-193_213_225_999_4_4_0_0_0_0': {'VS': 0.0, 'HS': 0.0, 'MMD': 0.0}}","{'1-193_': {'VS': 0.906, 'HS': np.float64(1.564), 'MMD': np.float64(18.074)}, '2-193_213_4': {'VS': 0.559, 'HS': np.float64(3.138), 'MMD': np.float64(26.232)}, '3-193_213_225_4_4_0': {'VS': 0.278, 'HS': np.float64(4.067), 'MMD': np.float64(30.208)}, '4-193_213_225_999_4_4_0_0_0_0': {'VS': 0.265, 'HS': np.float64(3.535), 'MMD': np.float64(33.118)}}",327,0.224,6.756,0.23,0,0,0,0,0,0,0,0,0,0,0,0,0,0,0,0,0,0,0,0,0
4-193_213_224_999_4_4_0_0_0_0,4,269,3.725,33.387,"{'1-193_': {'VS': 0.642, 'HS': np.float64(2.229), 'MMD': np.float64(16.616)}, '2-193_213_4': {'VS': 0.357, 'HS': np.float64(5.334), 'MMD': np.float64(29.549)}, '3-193_213_224_4_4_0': {'VS': 0.054, 'HS': np.float64(7.575), 'MMD': np.float64(34.074)}, '4-193_213_224_999_4_4_0_0_0_0': {'VS': 0.0, 'HS': 0.0, 'MMD': 0.0}}","{'1-193_': {'VS': 0.906, 'HS': np.float64(1.564), 'MMD': np.float64(18.074)}, '2-193_213_4': {'VS': 0.559, 'HS': np.float64(3.138), 'MMD': np.float64(26.232)}, '3-193_213_224_4_4_0': {'VS': 0.238, 'HS': np.float64(4.156), 'MMD': np.float64(30.697)}, '4-193_213_224_999_4_4_0_0_0_0': {'VS': 0.218, 'HS': np.float64(3.725), 'MMD': np.float64(33.387)}}",269,0.184,8.177,0.217,0,0,0,0,0,0,0,0,0,0,0,0,0,0,0,0,0,0,0,0,0
4-193_213_172_999_4_4_0_0_0_0,4,277,2.549,33.33,"{'1-193_': {'VS': 0.642, 'HS': np.float64(2.229), 'MMD': np.float64(16.616)}, '2-193_213_4': {'VS': 0.357, 'HS': np.float64(5.334), 'MMD': np.float64(29.549)}, '3-193_213_172_4_4_0': {'VS': 0.159, 'HS': np.float64(5.427), 'MMD': np.float64(39.015)}, '4-193_213_172_999_4_4_0_0_0_0': {'VS': 0.0, 'HS': 0.0, 'MMD': 0.0}}","{'1-193_': {'VS': 0.906, 'HS': np.float64(1.564), 'MMD': np.float64(18.074)}, '2-193_213_4': {'VS': 0.559, 'HS': np.float64(3.138), 'MMD': np.float64(26.232)}, '3-193_213_172_4_4_0': {'VS': 0.237, 'HS': np.float64(2.897), 'MMD': np.float64(30.796)}, '4-193_213_172_999_4_4_0_0_0_0': {'VS': 0.224, 'HS': np.float64(2.549), 'MMD': np.float64(33.33)}}",277,0.078,26.893,0.181,0,0,0,0,0,0,0,0,0,0,0,0,0,0,0,0,0,0,0,0,0
3-193_213_999_4_0_0,3,674,2.926,30.284,"{'1-193_': {'VS': 0.642, 'HS': np.float64(2.229), 'MMD': np.float64(16.616)}, '2-193_213_4': {'VS': 0.357, 'HS': np.float64(5.334), 'MMD': np.float64(29.549)}, '3-193_213_999_4_0_0': {'VS': 0.0, 'HS': 0.0, 'MMD': 0.0}}","{'1-193_': {'VS': 0.906, 'HS': np.float64(1.564), 'MMD': np.float64(18.074)}, '2-193_213_4': {'VS': 0.559, 'HS': np.float64(3.138), 'MMD': np.float64(26.232)}, '3-193_213_999_4_0_0': {'VS': 0.546, 'HS': np.float64(2.926), 'MMD': np.float64(30.284)}}",674,0.202,6.564,0.233,0,0,0,0,0,0,0,0,0,0,0,0,0,0,0,0,0,0,0,0,0
3-193_172_999_0_0_0,3,304,1.829,21.227,"{'1-193_': {'VS': 0.642, 'HS': np.float64(2.229), 'MMD': np.float64(16.616)}, '2-193_172_0': {'VS': 0.249, 'HS': np.float64(2.597), 'MMD': np.float64(17.216)}, '3-193_172_999_0_0_0': {'VS': 0.0, 'HS': 0.0, 'MMD': 0.0}}","{'1-193_': {'VS': 0.906, 'HS': np.float64(1.564), 'MMD': np.float64(18.074)}, '2-193_172_0': {'VS': 0.271, 'HS': np.float64(1.925), 'MMD': np.float64(17.147)}, '3-193_172_999_0_0_0': {'VS': 0.246, 'HS': np.float64(1.829), 'MMD': np.float64(21.227)}}",304,0.022,1.065,0.143,0,0,0,0,0,0,0,0,0,0,0,0,0,0,0,0,0,0,0,0,0
3-193_172_999_4_0_0,3,435,1.434,30.654,"{'1-193_': {'VS': 0.642, 'HS': np.float64(2.229), 'MMD': np.float64(16.616)}, '2-193_172_4': {'VS': 0.242, 'HS': np.float64(2.031), 'MMD': np.float64(31.487)}, '3-193_172_999_4_0_0': {'VS': 0.0, 'HS': 0.0, 'MMD': 0.0}}","{'1-193_': {'VS': 0.906, 'HS': np.float64(1.564), 'MMD': np.float64(18.074)}, '2-193_172_4': {'VS': 0.367, 'HS': np.float64(1.514), 'MMD': np.float64(27.309)}, '3-193_172_999_4_0_0': {'VS': 0.353, 'HS': np.float64(1.434), 'MMD': np.float64(30.654)}}",435,0.125,9.791,0.195,0,0,0,0,0,0,0,0,0,0,0,0,0,0,0,0,0,0,0,0,0
3-193_199_999_0_0_0,3,252,1.837,22.335,"{'1-193_': {'VS': 0.642, 'HS': np.float64(2.229), 'MMD': np.float64(16.616)}, '2-193_199_0': {'VS': 0.241, 'HS': np.float64(3.281), 'MMD': np.float64(20.473)}, '3-193_199_999_0_0_0': {'VS': 0.0, 'HS': 0.0, 'MMD': 0.0}}","{'1-193_': {'VS': 0.906, 'HS': np.float64(1.564), 'MMD': np.float64(18.074)}, '2-193_199_0': {'VS': 0.233, 'HS': np.float64(1.899), 'MMD': np.float64(17.829)}, '3-193_199_999_0_0_0': {'VS': 0.204, 'HS': np.float64(1.837), 'MMD': np.float64(22.335)}}",252,-0.008,4.558,0.128,0,0,0,0,0,0,0,0,0,0,0,0,0,0,0,0,0,0,0,0,0
3-193_199_999_4_0_0,3,323,1.607,32.064,"{'1-193_': {'VS': 0.642, 'HS': np.float64(2.229), 'MMD': np.float64(16.616)}, '2-193_199_4': {'VS': 0.19, 'HS': np.float64(2.644), 'MMD': np.float64(32.083)}, '3-193_199_999_4_0_0': {'VS': 0.0, 'HS': 0.0, 'MMD': 0.0}}","{'1-193_': {'VS': 0.906, 'HS': np.float64(1.564), 'MMD': np.float64(18.074)}, '2-193_199_4': {'VS': 0.276, 'HS': np.float64(1.709), 'MMD': np.float64(28.342)}, '3-193_199_999_4_0_0': {'VS': 0.262, 'HS': np.float64(1.607), 'MMD': np.float64(32.064)}}",323,0.086,8.06,0.175,0,0,0,0,0,0,0,0,0,0,0,0,0,0,0,0,0,0,0,0,0
3-193_211_999_4_0_0,3,256,1.672,29.921,"{'1-193_': {'VS': 0.642, 'HS': np.float64(2.229), 'MMD': np.float64(16.616)}, '2-193_211_4': {'VS': 0.188, 'HS': np.float64(2.646), 'MMD': np.float64(31.922)}, '3-193_211_999_4_0_0': {'VS': 0.0, 'HS': 0.0, 'MMD': 0.0}}","{'1-193_': {'VS': 0.906, 'HS': np.float64(1.564), 'MMD': np.float64(18.074)}, '2-193_211_4': {'VS': 0.214, 'HS': np.float64(1.758), 'MMD': np.float64(26.038)}, '3-193_211_999_4_0_0': {'VS': 0.207, 'HS': np.float64(1.672), 'MMD': np.float64(29.921)}}",256,0.026,18.374,0.145,0,0,0,0,0,0,0,0,0,0,0,0,0,0,0,0,0,0,0,0,0
3-193_221_999_4_0_0,3,360,1.997,31.512,"{'1-193_': {'VS': 0.642, 'HS': np.float64(2.229), 'MMD': np.float64(16.616)}, '2-193_221_4': {'VS': 0.227, 'HS': np.float64(3.382), 'MMD': np.float64(32.252)}, '3-193_221_999_4_0_0': {'VS': 0.0, 'HS': 0.0, 'MMD': 0.0}}","{'1-193_': {'VS': 0.906, 'HS': np.float64(1.564), 'MMD': np.float64(18.074)}, '2-193_221_4': {'VS': 0.301, 'HS': np.float64(2.142), 'MMD': np.float64(28.002)}, '3-193_221_999_4_0_0': {'VS': 0.292, 'HS': np.float64(1.997), 'MMD': np.float64(31.512)}}",360,0.074,10.094,0.169,0,0,0,0,0,0,0,0,0,0,0,0,0,0,0,0,0,0,0,0,0
3-193_169_999_4_0_0,3,305,1.42,30.183,"{'1-193_': {'VS': 0.642, 'HS': np.float64(2.229), 'MMD': np.float64(16.616)}, '2-193_169_4': {'VS': 0.168, 'HS': np.float64(1.997), 'MMD': np.float64(33.5)}, '3-193_169_999_4_0_0': {'VS': 0.0, 'HS': 0.0, 'MMD': 0.0}}","{'1-193_': {'VS': 0.906, 'HS': np.float64(1.564), 'MMD': np.float64(18.074)}, '2-193_169_4': {'VS': 0.257, 'HS': np.float64(1.476), 'MMD': np.float64(26.846)}, '3-193_169_999_4_0_0': {'VS': 0.247, 'HS': np.float64(1.42), 'MMD': np.float64(30.183)}}",305,0.089,23.201,0.176,0,0,0,0,0,0,0,0,0,0,0,0,0,0,0,0,0,0,0,0,0
2-193_999_0,2,1108,1.502,23.991,"{'1-193_': {'VS': 0.642, 'HS': np.float64(2.229), 'MMD': np.float64(16.616)}, '2-193_999_0': {'VS': 0.0, 'HS': 0.0, 'MMD': 0.0}}","{'1-193_': {'VS': 0.906, 'HS': np.float64(1.564), 'MMD': np.float64(18.074)}, '2-193_999_0': {'VS': 0.898, 'HS': np.float64(1.502), 'MMD': np.float64(23.991)}}",1108,0.264,2.126,0.264,0,0,0,0,1,1,1,0,0,0,0,0,0,0,0,0,0,0,0,0,1
3-193_157_999_4_0_0,3,329,1.422,30.266,"{'1-193_': {'VS': 0.642, 'HS': np.float64(2.229), 'MMD': np.float64(16.616)}, '2-193_157_4': {'VS': 0.17, 'HS': np.float64(2.369), 'MMD': np.float64(32.838)}, '3-193_157_999_4_0_0': {'VS': 0.0, 'HS': 0.0, 'MMD': 0.0}}","{'1-193_': {'VS': 0.906, 'HS': np.float64(1.564), 'MMD': np.float64(18.074)}, '2-193_157_4': {'VS': 0.279, 'HS': np.float64(1.503), 'MMD': np.float64(26.892)}, '3-193_157_999_4_0_0': {'VS': 0.267, 'HS': np.float64(1.422), 'MMD': np.float64(30.266)}}",329,0.109,18.74,0.186,0,0,0,0,0,0,0,0,0,0,0,0,0,0,0,0,0,0,0,0,0
3-193_178_999_4_0_0,3,248,1.169,29.71,"{'1-193_': {'VS': 0.642, 'HS': np.float64(2.229), 'MMD': np.float64(16.616)}, '2-193_178_4': {'VS': 0.111, 'HS': np.float64(1.408), 'MMD': np.float64(33.983)}, '3-193_178_999_4_0_0': {'VS': 0.0, 'HS': 0.0, 'MMD': 0.0}}","{'1-193_': {'VS': 0.906, 'HS': np.float64(1.564), 'MMD': np.float64(18.074)}, '2-193_178_4': {'VS': 0.206, 'HS': np.float64(1.189), 'MMD': np.float64(27.096)}, '3-193_178_999_4_0_0': {'VS': 0.201, 'HS': np.float64(1.169), 'MMD': np.float64(29.71)}}",248,0.095,24.778,0.179,0,0,0,0,0,0,0,0,0,0,0,0,0,0,0,0,0,0,0,0,0
3-193_215_999_4_0_0,3,300,2.463,30.709,"{'1-193_': {'VS': 0.642, 'HS': np.float64(2.229), 'MMD': np.float64(16.616)}, '2-193_215_4': {'VS': 0.176, 'HS': np.float64(3.866), 'MMD': np.float64(30.217)}, '3-193_215_999_4_0_0': {'VS': 0.0, 'HS': 0.0, 'MMD': 0.0}}","{'1-193_': {'VS': 0.906, 'HS': np.float64(1.564), 'MMD': np.float64(18.074)}, '2-193_215_4': {'VS': 0.252, 'HS': np.float64(2.666), 'MMD': np.float64(27.153)}, '3-193_215_999_4_0_0': {'VS': 0.243, 'HS': np.float64(2.463), 'MMD': np.float64(30.709)}}",300,0.076,5.757,0.17,0,0,0,0,0,0,0,0,0,0,0,0,0,0,0,0,0,0,0,0,0
3-184_193_999_3_0_0,3,267,1.007,33.425,"{'1-184_': {'VS': 0.567, 'HS': np.float64(1.408), 'MMD': np.float64(38.19)}, '2-184_193_3': {'VS': 0.095, 'HS': np.float64(1.018), 'MMD': np.float64(42.766)}, '3-184_193_999_3_0_0': {'VS': 0.0, 'HS': 0.0, 'MMD': 0.0}}","{'1-184_': {'VS': 0.989, 'HS': np.float64(1.183), 'MMD': np.float64(29.321)}, '2-184_193_3': {'VS': 0.216, 'HS': np.float64(1.007), 'MMD': np.float64(31.23)}, '3-184_193_999_3_0_0': {'VS': 0.216, 'HS': np.float64(1.007), 'MMD': np.float64(33.425)}}",267,0.121,105.869,0.272,0,0,0,0,0,0,0,0,0,0,0,0,0,0,0,0,0,0,0,0,0
4-184_193_212_999_4_4_0_0_0_0,4,294,2.85,36.432,"{'1-184_': {'VS': 0.567, 'HS': np.float64(1.408), 'MMD': np.float64(38.19)}, '2-184_193_4': {'VS': 0.271, 'HS': np.float64(2.871), 'MMD': np.float64(43.716)}, '3-184_193_212_4_4_0': {'VS': 0.223, 'HS': np.float64(8.074), 'MMD': np.float64(46.141)}, '4-184_193_212_999_4_4_0_0_0_0': {'VS': 0.0, 'HS': 0.0, 'MMD': 0.0}}","{'1-184_': {'VS': 0.989, 'HS': np.float64(1.183), 'MMD': np.float64(29.321)}, '2-184_193_4': {'VS': 0.408, 'HS': np.float64(1.72), 'MMD': np.float64(32.832)}, '3-184_193_212_4_4_0': {'VS': 0.267, 'HS': np.float64(3.182), 'MMD': np.float64(34.391)}, '4-184_193_212_999_4_4_0_0_0_0': {'VS': 0.238, 'HS': np.float64(2.85), 'MMD': np.float64(36.432)}}",294,0.044,111.728,0.201,0,0,0,0,0,0,0,0,0,0,0,0,0,0,0,0,0,0,0,0,0
4-184_193_213_999_4_4_0_0_0_0,4,286,2.703,36.378,"{'1-184_': {'VS': 0.567, 'HS': np.float64(1.408), 'MMD': np.float64(38.19)}, '2-184_193_4': {'VS': 0.271, 'HS': np.float64(2.871), 'MMD': np.float64(43.716)}, '3-184_193_213_4_4_0': {'VS': 0.213, 'HS': np.float64(7.548), 'MMD': np.float64(46.183)}, '4-184_193_213_999_4_4_0_0_0_0': {'VS': 0.0, 'HS': 0.0, 'MMD': 0.0}}","{'1-184_': {'VS': 0.989, 'HS': np.float64(1.183), 'MMD': np.float64(29.321)}, '2-184_193_4': {'VS': 0.408, 'HS': np.float64(1.72), 'MMD': np.float64(32.832)}, '3-184_193_213_4_4_0': {'VS': 0.258, 'HS': np.float64(3.066), 'MMD': np.float64(34.349)}, '4-184_193_213_999_4_4_0_0_0_0': {'VS': 0.232, 'HS': np.float64(2.703), 'MMD': np.float64(36.378)}}",286,0.045,112.388,0.201,0,0,0,0,0,0,0,0,0,0,0,0,0,0,0,0,0,0,0,0,0
3-184_193_999_4_0_0,3,482,1.649,35.107,"{'1-184_': {'VS': 0.567, 'HS': np.float64(1.408), 'MMD': np.float64(38.19)}, '2-184_193_4': {'VS': 0.271, 'HS': np.float64(2.871), 'MMD': np.float64(43.716)}, '3-184_193_999_4_0_0': {'VS': 0.0, 'HS': 0.0, 'MMD': 0.0}}","{'1-184_': {'VS': 0.989, 'HS': np.float64(1.183), 'MMD': np.float64(29.321)}, '2-184_193_4': {'VS': 0.408, 'HS': np.float64(1.72), 'MMD': np.float64(32.832)}, '3-184_193_999_4_0_0': {'VS': 0.391, 'HS': np.float64(1.649), 'MMD': np.float64(35.107)}}",482,0.137,98.56,0.279,0,0,0,0,0,0,0,0,0,0,0,0,0,0,0,0,0,0,0,0,0
4-184_193_212_999_6_4_4_0_0_0,4,276,3.605,35.786,"{'1-184_': {'VS': 0.567, 'HS': np.float64(1.408), 'MMD': np.float64(38.19)}, '2-184_193_6': {'VS': 0.112, 'HS': np.float64(1.019), 'MMD': np.float64(44.092)}, '3-184_193_212_6_4_4': {'VS': 0.104, 'HS': np.float64(8.325), 'MMD': np.float64(46.707)}, '4-184_193_212_999_6_4_4_0_0_0': {'VS': 0.0, 'HS': 0.0, 'MMD': 0.0}}","{'1-184_': {'VS': 0.989, 'HS': np.float64(1.183), 'MMD': np.float64(29.321)}, '2-184_193_6': {'VS': 0.244, 'HS': np.float64(1.013), 'MMD': np.float64(32.259)}, '3-184_193_212_6_4_4': {'VS': 0.226, 'HS': np.float64(3.932), 'MMD': np.float64(33.581)}, '4-184_193_212_999_6_4_4_0_0_0': {'VS': 0.224, 'HS': np.float64(3.605), 'MMD': np.float64(35.786)}}",276,0.122,130.324,0.225,0,0,0,0,0,0,0,0,0,0,0,0,1,0,0,0,0,0,0,0,1
4-184_193_213_999_6_4_4_0_0_0,4,262,3.466,36.011,"{'1-184_': {'VS': 0.567, 'HS': np.float64(1.408), 'MMD': np.float64(38.19)}, '2-184_193_6': {'VS': 0.112, 'HS': np.float64(1.019), 'MMD': np.float64(44.092)}, '3-184_193_213_6_4_4': {'VS': 0.1, 'HS': np.float64(7.84), 'MMD': np.float64(46.972)}, '4-184_193_213_999_6_4_4_0_0_0': {'VS': 0.0, 'HS': 0.0, 'MMD': 0.0}}","{'1-184_': {'VS': 0.989, 'HS': np.float64(1.183), 'MMD': np.float64(29.321)}, '2-184_193_6': {'VS': 0.244, 'HS': np.float64(1.013), 'MMD': np.float64(32.259)}, '3-184_193_213_6_4_4': {'VS': 0.216, 'HS': np.float64(3.749), 'MMD': np.float64(33.861)}, '4-184_193_213_999_6_4_4_0_0_0': {'VS': 0.212, 'HS': np.float64(3.466), 'MMD': np.float64(36.011)}}",262,0.116,130.192,0.223,0,0,0,0,0,0,0,0,0,0,0,0,1,0,0,0,0,0,0,0,1
3-184_193_999_6_0_0,3,301,1.01,34.503,"{'1-184_': {'VS': 0.567, 'HS': np.float64(1.408), 'MMD': np.float64(38.19)}, '2-184_193_6': {'VS': 0.112, 'HS': np.float64(1.019), 'MMD': np.float64(44.092)}, '3-184_193_999_6_0_0': {'VS': 0.0, 'HS': 0.0, 'MMD': 0.0}}","{'1-184_': {'VS': 0.989, 'HS': np.float64(1.183), 'MMD': np.float64(29.321)}, '2-184_193_6': {'VS': 0.244, 'HS': np.float64(1.013), 'MMD': np.float64(32.259)}, '3-184_193_999_6_0_0': {'VS': 0.244, 'HS': np.float64(1.01), 'MMD': np.float64(34.503)}}",301,0.132,109.34,0.277,0,0,0,0,0,0,0,0,0,0,0,0,0,0,0,0,0,0,0,0,0
3-184_214_999_3_0_0,3,466,1.015,34.374,"{'1-184_': {'VS': 0.567, 'HS': np.float64(1.408), 'MMD': np.float64(38.19)}, '2-184_214_3': {'VS': 0.211, 'HS': np.float64(1.034), 'MMD': np.float64(43.164)}, '3-184_214_999_3_0_0': {'VS': 0.0, 'HS': 0.0, 'MMD': 0.0}}","{'1-184_': {'VS': 0.989, 'HS': np.float64(1.183), 'MMD': np.float64(29.321)}, '2-184_214_3': {'VS': 0.379, 'HS': np.float64(1.019), 'MMD': np.float64(31.864)}, '3-184_214_999_3_0_0': {'VS': 0.378, 'HS': np.float64(1.015), 'MMD': np.float64(34.374)}}",466,0.168,103.175,0.295,0,0,0,0,0,0,0,0,0,0,0,0,0,0,0,0,0,0,0,0,0
4-184_214_212_999_4_4_0_0_0_0,4,311,4.547,36.537,"{'1-184_': {'VS': 0.567, 'HS': np.float64(1.408), 'MMD': np.float64(38.19)}, '2-184_214_4': {'VS': 0.244, 'HS': np.float64(4.977), 'MMD': np.float64(43.659)}, '3-184_214_212_4_4_0': {'VS': 0.209, 'HS': np.float64(13.64), 'MMD': np.float64(45.998)}, '4-184_214_212_999_4_4_0_0_0_0': {'VS': 0.0, 'HS': 0.0, 'MMD': 0.0}}","{'1-184_': {'VS': 0.989, 'HS': np.float64(1.183), 'MMD': np.float64(29.321)}, '2-184_214_4': {'VS': 0.365, 'HS': np.float64(2.731), 'MMD': np.float64(32.536)}, '3-184_214_212_4_4_0': {'VS': 0.263, 'HS': np.float64(5.327), 'MMD': np.float64(34.349)}, '4-184_214_212_999_4_4_0_0_0_0': {'VS': 0.252, 'HS': np.float64(4.547), 'MMD': np.float64(36.537)}}",311,0.054,112.693,0.199,0,0,0,0,0,0,0,0,0,0,0,0,0,0,0,0,0,0,0,0,0
4-184_214_213_999_4_4_0_0_0_0,4,287,4.387,36.233,"{'1-184_': {'VS': 0.567, 'HS': np.float64(1.408), 'MMD': np.float64(38.19)}, '2-184_214_4': {'VS': 0.244, 'HS': np.float64(4.977), 'MMD': np.float64(43.659)}, '3-184_214_213_4_4_0': {'VS': 0.195, 'HS': np.float64(13.15), 'MMD': np.float64(45.785)}, '4-184_214_213_999_4_4_0_0_0_0': {'VS': 0.0, 'HS': 0.0, 'MMD': 0.0}}","{'1-184_': {'VS': 0.989, 'HS': np.float64(1.183), 'MMD': np.float64(29.321)}, '2-184_214_4': {'VS': 0.365, 'HS': np.float64(2.731), 'MMD': np.float64(32.536)}, '3-184_214_213_4_4_0': {'VS': 0.247, 'HS': np.float64(5.105), 'MMD': np.float64(33.964)}, '4-184_214_213_999_4_4_0_0_0_0': {'VS': 0.233, 'HS': np.float64(4.387), 'MMD': np.float64(36.233)}}",287,0.052,114.039,0.198,0,0,0,0,0,0,0,0,0,0,0,0,0,0,0,0,0,0,0,0,0
3-184_214_999_4_0_0,3,440,2.559,35.206,"{'1-184_': {'VS': 0.567, 'HS': np.float64(1.408), 'MMD': np.float64(38.19)}, '2-184_214_4': {'VS': 0.244, 'HS': np.float64(4.977), 'MMD': np.float64(43.659)}, '3-184_214_999_4_0_0': {'VS': 0.0, 'HS': 0.0, 'MMD': 0.0}}","{'1-184_': {'VS': 0.989, 'HS': np.float64(1.183), 'MMD': np.float64(29.321)}, '2-184_214_4': {'VS': 0.365, 'HS': np.float64(2.731), 'MMD': np.float64(32.536)}, '3-184_214_999_4_0_0': {'VS': 0.357, 'HS': np.float64(2.559), 'MMD': np.float64(35.206)}}",440,0.121,101.19,0.272,0,0,0,0,0,0,0,0,0,0,0,0,0,0,0,0,0,0,0,0,0
5-184_214_226_212_999_6_6_6_4_4_4_0_0_0_0,5,266,3.639,35.643,"{'1-184_': {'VS': 0.567, 'HS': np.float64(1.408), 'MMD': np.float64(38.19)}, '2-184_214_6': {'VS': 0.182, 'HS': np.float64(1.091), 'MMD': np.float64(40.71)}, '3-184_214_226_6_6_6': {'VS': 0.118, 'HS': np.float64(1.032), 'MMD': np.float64(45.004)}, '4-184_214_226_212_6_6_6_4_4_4': {'VS': 0.114, 'HS': np.float64(8.193), 'MMD': np.float64(46.584)}, '5-184_214_226_212_999_6_6_6_4_4_4_0_0_0_0': {'VS': 0.0, 'HS': 0.0, 'MMD': 0.0}}","{'1-184_': {'VS': 0.989, 'HS': np.float64(1.183), 'MMD': np.float64(29.321)}, '2-184_214_6': {'VS': 0.348, 'HS': np.float64(1.014), 'MMD': np.float64(29.95)}, '3-184_214_226_6_6_6': {'VS': 0.244, 'HS': np.float64(1.0), 'MMD': np.float64(31.791)}, '4-184_214_226_212_6_6_6_4_4_4': {'VS': 0.217, 'HS': np.float64(4.0), 'MMD': np.float64(33.578)}, '5-184_214_226_212_999_6_6_6_4_4_4_0_0_0_0': {'VS': 0.216, 'HS': np.float64(3.639), 'MMD': np.float64(35.643)}}",266,0.103,134.544,0.204,0,0,0,0,0,0,0,0,0,0,0,0,1,0,0,0,0,0,0,0,1
5-184_214_226_213_999_6_6_6_4_4_4_0_0_0_0,5,260,3.435,35.765,"{'1-184_': {'VS': 0.567, 'HS': np.float64(1.408), 'MMD': np.float64(38.19)}, '2-184_214_6': {'VS': 0.182, 'HS': np.float64(1.091), 'MMD': np.float64(40.71)}, '3-184_214_226_6_6_6': {'VS': 0.118, 'HS': np.float64(1.032), 'MMD': np.float64(45.004)}, '4-184_214_226_213_6_6_6_4_4_4': {'VS': 0.11, 'HS': np.float64(7.773), 'MMD': np.float64(46.854)}, '5-184_214_226_213_999_6_6_6_4_4_4_0_0_0_0': {'VS': 0.0, 'HS': 0.0, 'MMD': 0.0}}","{'1-184_': {'VS': 0.989, 'HS': np.float64(1.183), 'MMD': np.float64(29.321)}, '2-184_214_6': {'VS': 0.348, 'HS': np.float64(1.014), 'MMD': np.float64(29.95)}, '3-184_214_226_6_6_6': {'VS': 0.244, 'HS': np.float64(1.0), 'MMD': np.float64(31.791)}, '4-184_214_226_213_6_6_6_4_4_4': {'VS': 0.212, 'HS': np.float64(3.729), 'MMD': np.float64(33.695)}, '5-184_214_226_213_999_6_6_6_4_4_4_0_0_0_0': {'VS': 0.211, 'HS': np.float64(3.435), 'MMD': np.float64(35.765)}}",260,0.102,135.545,0.204,0,0,0,0,0,0,0,0,0,0,0,0,1,0,0,0,0,0,0,0,1
4-184_214_226_999_6_6_6_0_0_0,4,301,1.0,33.907,"{'1-184_': {'VS': 0.567, 'HS': np.float64(1.408), 'MMD': np.float64(38.19)}, '2-184_214_6': {'VS': 0.182, 'HS': np.float64(1.091), 'MMD': np.float64(40.71)}, '3-184_214_226_6_6_6': {'VS': 0.118, 'HS': np.float64(1.032), 'MMD': np.float64(45.004)}, '4-184_214_226_999_6_6_6_0_0_0': {'VS': 0.0, 'HS': 0.0, 'MMD': 0.0}}","{'1-184_': {'VS': 0.989, 'HS': np.float64(1.183), 'MMD': np.float64(29.321)}, '2-184_214_6': {'VS': 0.348, 'HS': np.float64(1.014), 'MMD': np.float64(29.95)}, '3-184_214_226_6_6_6': {'VS': 0.244, 'HS': np.float64(1.0), 'MMD': np.float64(31.791)}, '4-184_214_226_999_6_6_6_0_0_0': {'VS': 0.244, 'HS': np.float64(1.0), 'MMD': np.float64(33.907)}}",301,0.126,123.007,0.238,0,0,0,0,0,0,0,0,0,0,0,0,0,0,0,0,0,0,0,0,0
4-184_214_202_999_6_4_4_0_0_0,4,279,1.753,35.108,"{'1-184_': {'VS': 0.567, 'HS': np.float64(1.408), 'MMD': np.float64(38.19)}, '2-184_214_6': {'VS': 0.182, 'HS': np.float64(1.091), 'MMD': np.float64(40.71)}, '3-184_214_202_6_4_4': {'VS': 0.134, 'HS': np.float64(3.44), 'MMD': np.float64(46.194)}, '4-184_214_202_999_6_4_4_0_0_0': {'VS': 0.0, 'HS': 0.0, 'MMD': 0.0}}","{'1-184_': {'VS': 0.989, 'HS': np.float64(1.183), 'MMD': np.float64(29.321)}, '2-184_214_6': {'VS': 0.348, 'HS': np.float64(1.014), 'MMD': np.float64(29.95)}, '3-184_214_202_6_4_4': {'VS': 0.231, 'HS': np.float64(1.909), 'MMD': np.float64(32.744)}, '4-184_214_202_999_6_4_4_0_0_0': {'VS': 0.226, 'HS': np.float64(1.753), 'MMD': np.float64(35.108)}}",279,0.097,125.113,0.228,0,0,0,0,0,0,0,0,0,0,0,0,1,0,0,0,0,0,0,0,1
4-184_214_212_999_6_4_4_0_0_0,4,361,3.596,35.044,"{'1-184_': {'VS': 0.567, 'HS': np.float64(1.408), 'MMD': np.float64(38.19)}, '2-184_214_6': {'VS': 0.182, 'HS': np.float64(1.091), 'MMD': np.float64(40.71)}, '3-184_214_212_6_4_4': {'VS': 0.162, 'HS': np.float64(8.037), 'MMD': np.float64(45.669)}, '4-184_214_212_999_6_4_4_0_0_0': {'VS': 0.0, 'HS': 0.0, 'MMD': 0.0}}","{'1-184_': {'VS': 0.989, 'HS': np.float64(1.183), 'MMD': np.float64(29.321)}, '2-184_214_6': {'VS': 0.348, 'HS': np.float64(1.014), 'MMD': np.float64(29.95)}, '3-184_214_212_6_4_4': {'VS': 0.296, 'HS': np.float64(3.94), 'MMD': np.float64(32.725)}, '4-184_214_212_999_6_4_4_0_0_0': {'VS': 0.293, 'HS': np.float64(3.596), 'MMD': np.float64(35.044)}}",361,0.134,120.661,0.241,0,0,0,0,0,0,0,0,0,0,0,0,0,0,0,0,0,0,0,0,0
4-184_214_224_999_6_4_4_0_0_0,4,269,2.632,35.714,"{'1-184_': {'VS': 0.567, 'HS': np.float64(1.408), 'MMD': np.float64(38.19)}, '2-184_214_6': {'VS': 0.182, 'HS': np.float64(1.091), 'MMD': np.float64(40.71)}, '3-184_214_224_6_4_4': {'VS': 0.037, 'HS': np.float64(3.955), 'MMD': np.float64(39.242)}, '4-184_214_224_999_6_4_4_0_0_0': {'VS': 0.0, 'HS': 0.0, 'MMD': 0.0}}","{'1-184_': {'VS': 0.989, 'HS': np.float64(1.183), 'MMD': np.float64(29.321)}, '2-184_214_6': {'VS': 0.348, 'HS': np.float64(1.014), 'MMD': np.float64(29.95)}, '3-184_214_224_6_4_4': {'VS': 0.223, 'HS': np.float64(2.8), 'MMD': np.float64(33.436)}, '4-184_214_224_999_6_4_4_0_0_0': {'VS': 0.218, 'HS': np.float64(2.632), 'MMD': np.float64(35.714)}}",269,0.186,76.049,0.258,0,0,0,0,0,0,0,0,0,0,0,0,0,0,0,0,0,0,0,0,0
4-184_214_213_999_6_4_4_0_0_0,4,351,3.382,35.159,"{'1-184_': {'VS': 0.567, 'HS': np.float64(1.408), 'MMD': np.float64(38.19)}, '2-184_214_6': {'VS': 0.182, 'HS': np.float64(1.091), 'MMD': np.float64(40.71)}, '3-184_214_213_6_4_4': {'VS': 0.156, 'HS': np.float64(7.516), 'MMD': np.float64(46.154)}, '4-184_214_213_999_6_4_4_0_0_0': {'VS': 0.0, 'HS': 0.0, 'MMD': 0.0}}","{'1-184_': {'VS': 0.989, 'HS': np.float64(1.183), 'MMD': np.float64(29.321)}, '2-184_214_6': {'VS': 0.348, 'HS': np.float64(1.014), 'MMD': np.float64(29.95)}, '3-184_214_213_6_4_4': {'VS': 0.287, 'HS': np.float64(3.661), 'MMD': np.float64(32.865)}, '4-184_214_213_999_6_4_4_0_0_0': {'VS': 0.284, 'HS': np.float64(3.382), 'MMD': np.float64(35.159)}}",351,0.131,123.678,0.24,0,0,0,0,0,0,0,0,0,0,0,0,0,0,0,0,0,0,0,0,0
3-184_214_999_6_0_0,3,428,1.009,32.665,"{'1-184_': {'VS': 0.567, 'HS': np.float64(1.408), 'MMD': np.float64(38.19)}, '2-184_214_6': {'VS': 0.182, 'HS': np.float64(1.091), 'MMD': np.float64(40.71)}, '3-184_214_999_6_0_0': {'VS': 0.0, 'HS': 0.0, 'MMD': 0.0}}","{'1-184_': {'VS': 0.989, 'HS': np.float64(1.183), 'MMD': np.float64(29.321)}, '2-184_214_6': {'VS': 0.348, 'HS': np.float64(1.014), 'MMD': np.float64(29.95)}, '3-184_214_999_6_0_0': {'VS': 0.347, 'HS': np.float64(1.009), 'MMD': np.float64(32.665)}}",428,0.166,97.218,0.294,0,0,0,0,0,0,0,0,0,0,0,0,0,0,0,0,0,0,0,0,0
4-184_226_193_999_6_4_4_0_0_0,4,315,1.705,36.508,"{'1-184_': {'VS': 0.567, 'HS': np.float64(1.408), 'MMD': np.float64(38.19)}, '2-184_226_6': {'VS': 0.29, 'HS': np.float64(1.02), 'MMD': np.float64(45.982)}, '3-184_226_193_6_4_4': {'VS': 0.165, 'HS': np.float64(3.077), 'MMD': np.float64(47.378)}, '4-184_226_193_999_6_4_4_0_0_0': {'VS': 0.0, 'HS': 0.0, 'MMD': 0.0}}","{'1-184_': {'VS': 0.989, 'HS': np.float64(1.183), 'MMD': np.float64(29.321)}, '2-184_226_6': {'VS': 0.545, 'HS': np.float64(1.004), 'MMD': np.float64(32.952)}, '3-184_226_193_6_4_4': {'VS': 0.267, 'HS': np.float64(1.775), 'MMD': np.float64(34.547)}, '4-184_226_193_999_6_4_4_0_0_0': {'VS': 0.255, 'HS': np.float64(1.705), 'MMD': np.float64(36.508)}}",315,0.102,137.692,0.26,0,0,0,0,0,0,0,0,0,0,0,0,1,0,0,0,0,0,0,0,1
4-184_226_214_999_6_3_3_0_0_0,4,249,1.004,36.0,"{'1-184_': {'VS': 0.567, 'HS': np.float64(1.408), 'MMD': np.float64(38.19)}, '2-184_226_6': {'VS': 0.29, 'HS': np.float64(1.02), 'MMD': np.float64(45.982)}, '3-184_226_214_6_3_3': {'VS': 0.126, 'HS': np.float64(1.003), 'MMD': np.float64(46.68)}, '4-184_226_214_999_6_3_3_0_0_0': {'VS': 0.0, 'HS': 0.0, 'MMD': 0.0}}","{'1-184_': {'VS': 0.989, 'HS': np.float64(1.183), 'MMD': np.float64(29.321)}, '2-184_226_6': {'VS': 0.545, 'HS': np.float64(1.004), 'MMD': np.float64(32.952)}, '3-184_226_214_6_3_3': {'VS': 0.202, 'HS': np.float64(1.004), 'MMD': np.float64(33.878)}, '4-184_226_214_999_6_3_3_0_0_0': {'VS': 0.202, 'HS': np.float64(1.004), 'MMD': np.float64(36.0)}}",249,0.076,137.444,0.251,0,0,0,0,0,0,0,0,0,0,0,0,1,0,0,0,0,0,0,0,1
5-184_226_202_212_999_6_4_4_4_4_0_0_0_0_0,5,313,2.824,36.936,"{'1-184_': {'VS': 0.567, 'HS': np.float64(1.408), 'MMD': np.float64(38.19)}, '2-184_226_6': {'VS': 0.29, 'HS': np.float64(1.02), 'MMD': np.float64(45.982)}, '3-184_226_202_6_4_4': {'VS': 0.236, 'HS': np.float64(3.561), 'MMD': np.float64(47.428)}, '4-184_226_202_212_6_4_4_4_4_0': {'VS': 0.217, 'HS': np.float64(9.949), 'MMD': np.float64(47.955)}, '5-184_226_202_212_999_6_4_4_4_4_0_0_0_0_0': {'VS': 0.0, 'HS': 0.0, 'MMD': 0.0}}","{'1-184_': {'VS': 0.989, 'HS': np.float64(1.183), 'MMD': np.float64(29.321)}, '2-184_226_6': {'VS': 0.545, 'HS': np.float64(1.004), 'MMD': np.float64(32.952)}, '3-184_226_202_6_4_4': {'VS': 0.38, 'HS': np.float64(1.942), 'MMD': np.float64(33.974)}, '4-184_226_202_212_6_4_4_4_4_0': {'VS': 0.274, 'HS': np.float64(3.388), 'MMD': np.float64(34.956)}, '5-184_226_202_212_999_6_4_4_4_4_0_0_0_0_0': {'VS': 0.254, 'HS': np.float64(2.824), 'MMD': np.float64(36.936)}}",313,0.057,149.606,0.22,0,0,0,0,0,0,0,0,0,0,0,0,1,1,1,0,0,0,0,0,1
5-184_226_202_213_999_6_4_4_4_4_0_0_0_0_0,5,288,2.819,36.979,"{'1-184_': {'VS': 0.567, 'HS': np.float64(1.408), 'MMD': np.float64(38.19)}, '2-184_226_6': {'VS': 0.29, 'HS': np.float64(1.02), 'MMD': np.float64(45.982)}, '3-184_226_202_6_4_4': {'VS': 0.236, 'HS': np.float64(3.561), 'MMD': np.float64(47.428)}, '4-184_226_202_213_6_4_4_4_4_0': {'VS': 0.207, 'HS': np.float64(9.415), 'MMD': np.float64(48.139)}, '5-184_226_202_213_999_6_4_4_4_4_0_0_0_0_0': {'VS': 0.0, 'HS': 0.0, 'MMD': 0.0}}","{'1-184_': {'VS': 0.989, 'HS': np.float64(1.183), 'MMD': np.float64(29.321)}, '2-184_226_6': {'VS': 0.545, 'HS': np.float64(1.004), 'MMD': np.float64(32.952)}, '3-184_226_202_6_4_4': {'VS': 0.38, 'HS': np.float64(1.942), 'MMD': np.float64(33.974)}, '4-184_226_202_213_6_4_4_4_4_0': {'VS': 0.259, 'HS': np.float64(3.329), 'MMD': np.float64(34.947)}, '5-184_226_202_213_999_6_4_4_4_4_0_0_0_0_0': {'VS': 0.233, 'HS': np.float64(2.819), 'MMD': np.float64(36.979)}}",288,0.052,150.87,0.218,1,1,1,0,0,0,0,0,0,0,0,0,1,1,1,1,0,0,0,0,1
4-184_226_202_999_6_4_4_0_0_0,4,465,1.774,36.001,"{'1-184_': {'VS': 0.567, 'HS': np.float64(1.408), 'MMD': np.float64(38.19)}, '2-184_226_6': {'VS': 0.29, 'HS': np.float64(1.02), 'MMD': np.float64(45.982)}, '3-184_226_202_6_4_4': {'VS': 0.236, 'HS': np.float64(3.561), 'MMD': np.float64(47.428)}, '4-184_226_202_999_6_4_4_0_0_0': {'VS': 0.0, 'HS': 0.0, 'MMD': 0.0}}","{'1-184_': {'VS': 0.989, 'HS': np.float64(1.183), 'MMD': np.float64(29.321)}, '2-184_226_6': {'VS': 0.545, 'HS': np.float64(1.004), 'MMD': np.float64(32.952)}, '3-184_226_202_6_4_4': {'VS': 0.38, 'HS': np.float64(1.942), 'MMD': np.float64(33.974)}, '4-184_226_202_999_6_4_4_0_0_0': {'VS': 0.377, 'HS': np.float64(1.774), 'MMD': np.float64(36.001)}}",465,0.144,143.15,0.274,0,0,0,0,0,0,0,0,0,0,0,0,1,1,0,0,0,0,0,0,1
5-184_226_225_212_999_6_4_4_4_4_0_0_0_0_0,5,354,4.203,36.927,"{'1-184_': {'VS': 0.567, 'HS': np.float64(1.408), 'MMD': np.float64(38.19)}, '2-184_226_6': {'VS': 0.29, 'HS': np.float64(1.02), 'MMD': np.float64(45.982)}, '3-184_226_225_6_4_4': {'VS': 0.048, 'HS': np.float64(3.761), 'MMD': np.float64(39.093)}, '4-184_226_225_212_6_4_4_4_4_0': {'VS': 0.043, 'HS': np.float64(10.614), 'MMD': np.float64(40.149)}, '5-184_226_225_212_999_6_4_4_4_4_0_0_0_0_0': {'VS': 0.0, 'HS': 0.0, 'MMD': 0.0}}","{'1-184_': {'VS': 0.989, 'HS': np.float64(1.183), 'MMD': np.float64(29.321)}, '2-184_226_6': {'VS': 0.545, 'HS': np.float64(1.004), 'MMD': np.float64(32.952)}, '3-184_226_225_6_4_4': {'VS': 0.37, 'HS': np.float64(2.77), 'MMD': np.float64(34.089)}, '4-184_226_225_212_6_4_4_4_4_0': {'VS': 0.304, 'HS': np.float64(5.181), 'MMD': np.float64(34.963)}, '5-184_226_225_212_999_6_4_4_4_4_0_0_0_0_0': {'VS': 0.287, 'HS': np.float64(4.203), 'MMD': np.float64(36.927)}}",354,0.261,75.094,0.315,0,0,0,0,0,0,0,0,0,0,0,0,0,0,0,0,0,0,0,0,0
5-184_226_225_213_999_6_4_4_4_4_0_0_0_0_0,5,342,4.006,36.848,"{'1-184_': {'VS': 0.567, 'HS': np.float64(1.408), 'MMD': np.float64(38.19)}, '2-184_226_6': {'VS': 0.29, 'HS': np.float64(1.02), 'MMD': np.float64(45.982)}, '3-184_226_225_6_4_4': {'VS': 0.048, 'HS': np.float64(3.761), 'MMD': np.float64(39.093)}, '4-184_226_225_213_6_4_4_4_4_0': {'VS': 0.038, 'HS': np.float64(10.077), 'MMD': np.float64(41.462)}, '5-184_226_225_213_999_6_4_4_4_4_0_0_0_0_0': {'VS': 0.0, 'HS': 0.0, 'MMD': 0.0}}","{'1-184_': {'VS': 0.989, 'HS': np.float64(1.183), 'MMD': np.float64(29.321)}, '2-184_226_6': {'VS': 0.545, 'HS': np.float64(1.004), 'MMD': np.float64(32.952)}, '3-184_226_225_6_4_4': {'VS': 0.37, 'HS': np.float64(2.77), 'MMD': np.float64(34.089)}, '4-184_226_225_213_6_4_4_4_4_0': {'VS': 0.294, 'HS': np.float64(4.906), 'MMD': np.float64(34.876)}, '5-184_226_225_213_999_6_4_4_4_4_0_0_0_0_0': {'VS': 0.277, 'HS': np.float64(4.006), 'MMD': np.float64(36.848)}}",342,0.256,79.214,0.314,0,0,0,0,0,0,0,0,0,0,0,0,0,0,0,0,0,0,0,0,0
4-184_226_225_999_6_4_4_0_0_0,4,447,2.521,36.069,"{'1-184_': {'VS': 0.567, 'HS': np.float64(1.408), 'MMD': np.float64(38.19)}, '2-184_226_6': {'VS': 0.29, 'HS': np.float64(1.02), 'MMD': np.float64(45.982)}, '3-184_226_225_6_4_4': {'VS': 0.048, 'HS': np.float64(3.761), 'MMD': np.float64(39.093)}, '4-184_226_225_999_6_4_4_0_0_0': {'VS': 0.0, 'HS': 0.0, 'MMD': 0.0}}","{'1-184_': {'VS': 0.989, 'HS': np.float64(1.183), 'MMD': np.float64(29.321)}, '2-184_226_6': {'VS': 0.545, 'HS': np.float64(1.004), 'MMD': np.float64(32.952)}, '3-184_226_225_6_4_4': {'VS': 0.37, 'HS': np.float64(2.77), 'MMD': np.float64(34.089)}, '4-184_226_225_999_6_4_4_0_0_0': {'VS': 0.362, 'HS': np.float64(2.521), 'MMD': np.float64(36.069)}}",447,0.322,91.16,0.333,0,0,0,0,0,0,0,0,0,0,0,0,0,0,0,0,0,0,0,0,0
4-184_226_212_999_6_3_3_0_0_0,4,304,1.007,35.615,"{'1-184_': {'VS': 0.567, 'HS': np.float64(1.408), 'MMD': np.float64(38.19)}, '2-184_226_6': {'VS': 0.29, 'HS': np.float64(1.02), 'MMD': np.float64(45.982)}, '3-184_226_212_6_3_3': {'VS': 0.12, 'HS': np.float64(1.0), 'MMD': np.float64(47.534)}, '4-184_226_212_999_6_3_3_0_0_0': {'VS': 0.0, 'HS': 0.0, 'MMD': 0.0}}","{'1-184_': {'VS': 0.989, 'HS': np.float64(1.183), 'MMD': np.float64(29.321)}, '2-184_226_6': {'VS': 0.545, 'HS': np.float64(1.004), 'MMD': np.float64(32.952)}, '3-184_226_212_6_3_3': {'VS': 0.246, 'HS': np.float64(1.007), 'MMD': np.float64(33.47)}, '4-184_226_212_999_6_3_3_0_0_0': {'VS': 0.246, 'HS': np.float64(1.007), 'MMD': np.float64(35.615)}}",304,0.126,148.745,0.268,0,0,0,0,0,0,0,0,0,0,0,0,1,1,1,0,0,0,0,0,1
5-184_226_212_202_999_6_4_4_4_4_0_0_0_0_0,5,315,3.114,36.644,"{'1-184_': {'VS': 0.567, 'HS': np.float64(1.408), 'MMD': np.float64(38.19)}, '2-184_226_6': {'VS': 0.29, 'HS': np.float64(1.02), 'MMD': np.float64(45.982)}, '3-184_226_212_6_4_4': {'VS': 0.281, 'HS': np.float64(8.254), 'MMD': np.float64(46.946)}, '4-184_226_212_202_6_4_4_4_4_0': {'VS': 0.218, 'HS': np.float64(9.719), 'MMD': np.float64(47.961)}, '5-184_226_212_202_999_6_4_4_4_4_0_0_0_0_0': {'VS': 0.0, 'HS': 0.0, 'MMD': 0.0}}","{'1-184_': {'VS': 0.989, 'HS': np.float64(1.183), 'MMD': np.float64(29.321)}, '2-184_226_6': {'VS': 0.545, 'HS': np.float64(1.004), 'MMD': np.float64(32.952)}, '3-184_226_212_6_4_4': {'VS': 0.496, 'HS': np.float64(3.998), 'MMD': np.float64(34.043)}, '4-184_226_212_202_6_4_4_4_4_0': {'VS': 0.272, 'HS': np.float64(3.616), 'MMD': np.float64(34.673)}, '5-184_226_212_202_999_6_4_4_4_4_0_0_0_0_0': {'VS': 0.255, 'HS': np.float64(3.114), 'MMD': np.float64(36.644)}}",315,0.054,147.875,0.237,0,0,0,0,0,0,0,0,0,0,0,0,1,1,0,0,0,0,0,0,1
5-184_226_212_225_999_6_4_4_4_4_0_0_0_0_0,5,360,4.353,36.794,"{'1-184_': {'VS': 0.567, 'HS': np.float64(1.408), 'MMD': np.float64(38.19)}, '2-184_226_6': {'VS': 0.29, 'HS': np.float64(1.02), 'MMD': np.float64(45.982)}, '3-184_226_212_6_4_4': {'VS': 0.281, 'HS': np.float64(8.254), 'MMD': np.float64(46.946)}, '4-184_226_212_225_6_4_4_4_4_0': {'VS': 0.042, 'HS': np.float64(10.0), 'MMD': np.float64(40.076)}, '5-184_226_212_225_999_6_4_4_4_4_0_0_0_0_0': {'VS': 0.0, 'HS': 0.0, 'MMD': 0.0}}","{'1-184_': {'VS': 0.989, 'HS': np.float64(1.183), 'MMD': np.float64(29.321)}, '2-184_226_6': {'VS': 0.545, 'HS': np.float64(1.004), 'MMD': np.float64(32.952)}, '3-184_226_212_6_4_4': {'VS': 0.496, 'HS': np.float64(3.998), 'MMD': np.float64(34.043)}, '4-184_226_212_225_6_4_4_4_4_0': {'VS': 0.307, 'HS': np.float64(5.224), 'MMD': np.float64(34.807)}, '5-184_226_212_225_999_6_4_4_4_4_0_0_0_0_0': {'VS': 0.292, 'HS': np.float64(4.353), 'MMD': np.float64(36.794)}}",360,0.265,110.672,0.289,0,0,0,0,0,0,0,0,0,0,0,0,0,0,0,0,0,0,0,0,0
5-184_226_212_220_999_6_4_4_4_4_0_0_0_0_0,5,256,3.227,37.02,"{'1-184_': {'VS': 0.567, 'HS': np.float64(1.408), 'MMD': np.float64(38.19)}, '2-184_226_6': {'VS': 0.29, 'HS': np.float64(1.02), 'MMD': np.float64(45.982)}, '3-184_226_212_6_4_4': {'VS': 0.281, 'HS': np.float64(8.254), 'MMD': np.float64(46.946)}, '4-184_226_212_220_6_4_4_4_4_0': {'VS': 0.157, 'HS': np.float64(10.1), 'MMD': np.float64(48.17)}, '5-184_226_212_220_999_6_4_4_4_4_0_0_0_0_0': {'VS': 0.0, 'HS': 0.0, 'MMD': 0.0}}","{'1-184_': {'VS': 0.989, 'HS': np.float64(1.183), 'MMD': np.float64(29.321)}, '2-184_226_6': {'VS': 0.545, 'HS': np.float64(1.004), 'MMD': np.float64(32.952)}, '3-184_226_212_6_4_4': {'VS': 0.496, 'HS': np.float64(3.998), 'MMD': np.float64(34.043)}, '4-184_226_212_220_6_4_4_4_4_0': {'VS': 0.218, 'HS': np.float64(3.755), 'MMD': np.float64(35.011)}, '5-184_226_212_220_999_6_4_4_4_4_0_0_0_0_0': {'VS': 0.207, 'HS': np.float64(3.227), 'MMD': np.float64(37.02)}}",256,0.061,147.022,0.238,0,0,0,0,0,0,0,0,0,0,0,0,1,1,0,0,0,0,0,0,1
5-184_226_212_208_999_6_4_4_4_4_0_0_0_0_0,5,299,2.853,36.839,"{'1-184_': {'VS': 0.567, 'HS': np.float64(1.408), 'MMD': np.float64(38.19)}, '2-184_226_6': {'VS': 0.29, 'HS': np.float64(1.02), 'MMD': np.float64(45.982)}, '3-184_226_212_6_4_4': {'VS': 0.281, 'HS': np.float64(8.254), 'MMD': np.float64(46.946)}, '4-184_226_212_208_6_4_4_4_4_0': {'VS': 0.183, 'HS': np.float64(9.185), 'MMD': np.float64(48.507)}, '5-184_226_212_208_999_6_4_4_4_4_0_0_0_0_0': {'VS': 0.0, 'HS': 0.0, 'MMD': 0.0}}","{'1-184_': {'VS': 0.989, 'HS': np.float64(1.183), 'MMD': np.float64(29.321)}, '2-184_226_6': {'VS': 0.545, 'HS': np.float64(1.004), 'MMD': np.float64(32.952)}, '3-184_226_212_6_4_4': {'VS': 0.496, 'HS': np.float64(3.998), 'MMD': np.float64(34.043)}, '4-184_226_212_208_6_4_4_4_4_0': {'VS': 0.26, 'HS': np.float64(3.361), 'MMD': np.float64(34.794)}, '5-184_226_212_208_999_6_4_4_4_4_0_0_0_0_0': {'VS': 0.242, 'HS': np.float64(2.853), 'MMD': np.float64(36.839)}}",299,0.077,150.743,0.242,0,0,0,0,0,0,0,0,0,0,0,0,1,1,1,1,0,0,0,0,1
5-184_226_212_224_999_6_4_4_4_4_0_0_0_0_0,5,344,4.302,36.884,"{'1-184_': {'VS': 0.567, 'HS': np.float64(1.408), 'MMD': np.float64(38.19)}, '2-184_226_6': {'VS': 0.29, 'HS': np.float64(1.02), 'MMD': np.float64(45.982)}, '3-184_226_212_6_4_4': {'VS': 0.281, 'HS': np.float64(8.254), 'MMD': np.float64(46.946)}, '4-184_226_212_224_6_4_4_4_4_0': {'VS': 0.044, 'HS': np.float64(10.825), 'MMD': np.float64(40.738)}, '5-184_226_212_224_999_6_4_4_4_4_0_0_0_0_0': {'VS': 0.0, 'HS': 0.0, 'MMD': 0.0}}","{'1-184_': {'VS': 0.989, 'HS': np.float64(1.183), 'MMD': np.float64(29.321)}, '2-184_226_6': {'VS': 0.545, 'HS': np.float64(1.004), 'MMD': np.float64(32.952)}, '3-184_226_212_6_4_4': {'VS': 0.496, 'HS': np.float64(3.998), 'MMD': np.float64(34.043)}, '4-184_226_212_224_6_4_4_4_4_0': {'VS': 0.294, 'HS': np.float64(5.152), 'MMD': np.float64(34.813)}, '5-184_226_212_224_999_6_4_4_4_4_0_0_0_0_0': {'VS': 0.279, 'HS': np.float64(4.302), 'MMD': np.float64(36.884)}}",344,0.25,112.508,0.285,0,0,0,0,0,0,0,0,0,0,0,0,0,0,0,0,0,0,0,0,0
5-184_226_212_172_999_6_4_4_4_4_0_0_0_0_0,5,301,3.1,36.897,"{'1-184_': {'VS': 0.567, 'HS': np.float64(1.408), 'MMD': np.float64(38.19)}, '2-184_226_6': {'VS': 0.29, 'HS': np.float64(1.02), 'MMD': np.float64(45.982)}, '3-184_226_212_6_4_4': {'VS': 0.281, 'HS': np.float64(8.254), 'MMD': np.float64(46.946)}, '4-184_226_212_172_6_4_4_4_4_0': {'VS': 0.175, 'HS': np.float64(6.8), 'MMD': np.float64(48.036)}, '5-184_226_212_172_999_6_4_4_4_4_0_0_0_0_0': {'VS': 0.0, 'HS': 0.0, 'MMD': 0.0}}","{'1-184_': {'VS': 0.989, 'HS': np.float64(1.183), 'MMD': np.float64(29.321)}, '2-184_226_6': {'VS': 0.545, 'HS': np.float64(1.004), 'MMD': np.float64(32.952)}, '3-184_226_212_6_4_4': {'VS': 0.496, 'HS': np.float64(3.998), 'MMD': np.float64(34.043)}, '4-184_226_212_172_6_4_4_4_4_0': {'VS': 0.263, 'HS': np.float64(3.452), 'MMD': np.float64(34.948)}, '5-184_226_212_172_999_6_4_4_4_4_0_0_0_0_0': {'VS': 0.244, 'HS': np.float64(3.1), 'MMD': np.float64(36.897)}}",301,0.088,146.556,0.245,0,0,0,0,0,0,0,0,0,0,0,0,1,1,0,0,0,0,0,0,1
5-184_226_212_199_999_6_4_4_4_4_0_0_0_0_0,5,255,2.976,37.004,"{'1-184_': {'VS': 0.567, 'HS': np.float64(1.408), 'MMD': np.float64(38.19)}, '2-184_226_6': {'VS': 0.29, 'HS': np.float64(1.02), 'MMD': np.float64(45.982)}, '3-184_226_212_6_4_4': {'VS': 0.281, 'HS': np.float64(8.254), 'MMD': np.float64(46.946)}, '4-184_226_212_199_6_4_4_4_4_0': {'VS': 0.182, 'HS': np.float64(8.61), 'MMD': np.float64(47.914)}, '5-184_226_212_199_999_6_4_4_4_4_0_0_0_0_0': {'VS': 0.0, 'HS': 0.0, 'MMD': 0.0}}","{'1-184_': {'VS': 0.989, 'HS': np.float64(1.183), 'MMD': np.float64(29.321)}, '2-184_226_6': {'VS': 0.545, 'HS': np.float64(1.004), 'MMD': np.float64(32.952)}, '3-184_226_212_6_4_4': {'VS': 0.496, 'HS': np.float64(3.998), 'MMD': np.float64(34.043)}, '4-184_226_212_199_6_4_4_4_4_0': {'VS': 0.221, 'HS': np.float64(3.465), 'MMD': np.float64(35.026)}, '5-184_226_212_199_999_6_4_4_4_4_0_0_0_0_0': {'VS': 0.207, 'HS': np.float64(2.976), 'MMD': np.float64(37.004)}}",255,0.039,145.257,0.233,0,0,0,0,0,0,0,0,0,0,0,0,1,1,0,0,0,0,0,0,1
4-184_226_212_999_6_4_4_0_0_0,4,607,3.669,36.112,"{'1-184_': {'VS': 0.567, 'HS': np.float64(1.408), 'MMD': np.float64(38.19)}, '2-184_226_6': {'VS': 0.29, 'HS': np.float64(1.02), 'MMD': np.float64(45.982)}, '3-184_226_212_6_4_4': {'VS': 0.281, 'HS': np.float64(8.254), 'MMD': np.float64(46.946)}, '4-184_226_212_999_6_4_4_0_0_0': {'VS': 0.0, 'HS': 0.0, 'MMD': 0.0}}","{'1-184_': {'VS': 0.989, 'HS': np.float64(1.183), 'MMD': np.float64(29.321)}, '2-184_226_6': {'VS': 0.545, 'HS': np.float64(1.004), 'MMD': np.float64(32.952)}, '3-184_226_212_6_4_4': {'VS': 0.496, 'HS': np.float64(3.998), 'MMD': np.float64(34.043)}, '4-184_226_212_999_6_4_4_0_0_0': {'VS': 0.492, 'HS': np.float64(3.669), 'MMD': np.float64(36.112)}}",607,0.215,138.309,0.297,0,0,0,0,0,0,0,0,0,0,0,0,1,1,0,0,0,0,0,0,1
5-184_226_220_212_999_6_4_4_4_4_0_0_0_0_0,5,258,3.248,37.174,"{'1-184_': {'VS': 0.567, 'HS': np.float64(1.408), 'MMD': np.float64(38.19)}, '2-184_226_6': {'VS': 0.29, 'HS': np.float64(1.02), 'MMD': np.float64(45.982)}, '3-184_226_220_6_4_4': {'VS': 0.176, 'HS': np.float64(3.477), 'MMD': np.float64(47.082)}, '4-184_226_220_212_6_4_4_4_4_0': {'VS': 0.159, 'HS': np.float64(9.957), 'MMD': np.float64(47.878)}, '5-184_226_220_212_999_6_4_4_4_4_0_0_0_0_0': {'VS': 0.0, 'HS': 0.0, 'MMD': 0.0}}","{'1-184_': {'VS': 0.989, 'HS': np.float64(1.183), 'MMD': np.float64(29.321)}, '2-184_226_6': {'VS': 0.545, 'HS': np.float64(1.004), 'MMD': np.float64(32.952)}, '3-184_226_220_6_4_4': {'VS': 0.301, 'HS': np.float64(1.981), 'MMD': np.float64(34.184)}, '4-184_226_220_212_6_4_4_4_4_0': {'VS': 0.222, 'HS': np.float64(3.777), 'MMD': np.float64(35.197)}, '5-184_226_220_212_999_6_4_4_4_4_0_0_0_0_0': {'VS': 0.209, 'HS': np.float64(3.248), 'MMD': np.float64(37.174)}}",258,0.063,143.902,0.216,0,0,0,0,0,0,0,0,0,0,0,0,1,1,0,0,0,0,0,0,1
4-184_226_220_999_6_4_4_0_0_0,4,365,1.847,36.201,"{'1-184_': {'VS': 0.567, 'HS': np.float64(1.408), 'MMD': np.float64(38.19)}, '2-184_226_6': {'VS': 0.29, 'HS': np.float64(1.02), 'MMD': np.float64(45.982)}, '3-184_226_220_6_4_4': {'VS': 0.176, 'HS': np.float64(3.477), 'MMD': np.float64(47.082)}, '4-184_226_220_999_6_4_4_0_0_0': {'VS': 0.0, 'HS': 0.0, 'MMD': 0.0}}","{'1-184_': {'VS': 0.989, 'HS': np.float64(1.183), 'MMD': np.float64(29.321)}, '2-184_226_6': {'VS': 0.545, 'HS': np.float64(1.004), 'MMD': np.float64(32.952)}, '3-184_226_220_6_4_4': {'VS': 0.301, 'HS': np.float64(1.981), 'MMD': np.float64(34.184)}, '4-184_226_220_999_6_4_4_0_0_0': {'VS': 0.296, 'HS': np.float64(1.847), 'MMD': np.float64(36.201)}}",365,0.125,138.266,0.267,1,1,0,0,0,0,0,0,0,0,0,0,1,0,0,0,0,0,0,0,1
5-184_226_208_212_999_6_4_4_4_4_0_0_0_0_0,5,308,2.971,37.026,"{'1-184_': {'VS': 0.567, 'HS': np.float64(1.408), 'MMD': np.float64(38.19)}, '2-184_226_6': {'VS': 0.29, 'HS': np.float64(1.02), 'MMD': np.float64(45.982)}, '3-184_226_208_6_4_4': {'VS': 0.206, 'HS': np.float64(3.287), 'MMD': np.float64(47.547)}, '4-184_226_208_212_6_4_4_4_4_0': {'VS': 0.188, 'HS': np.float64(9.16), 'MMD': np.float64(48.315)}, '5-184_226_208_212_999_6_4_4_4_4_0_0_0_0_0': {'VS': 0.0, 'HS': 0.0, 'MMD': 0.0}}","{'1-184_': {'VS': 0.989, 'HS': np.float64(1.183), 'MMD': np.float64(29.321)}, '2-184_226_6': {'VS': 0.545, 'HS': np.float64(1.004), 'MMD': np.float64(32.952)}, '3-184_226_208_6_4_4': {'VS': 0.361, 'HS': np.float64(1.888), 'MMD': np.float64(34.333)}, '4-184_226_208_212_6_4_4_4_4_0': {'VS': 0.267, 'HS': np.float64(3.561), 'MMD': np.float64(35.076)}, '5-184_226_208_212_999_6_4_4_4_4_0_0_0_0_0': {'VS': 0.25, 'HS': np.float64(2.971), 'MMD': np.float64(37.026)}}",308,0.079,149.58,0.228,0,0,0,0,0,0,0,0,0,0,0,0,1,1,1,0,0,0,0,0,1
5-184_226_208_213_999_6_4_4_4_4_0_0_0_0_0,5,295,2.898,37.081,"{'1-184_': {'VS': 0.567, 'HS': np.float64(1.408), 'MMD': np.float64(38.19)}, '2-184_226_6': {'VS': 0.29, 'HS': np.float64(1.02), 'MMD': np.float64(45.982)}, '3-184_226_208_6_4_4': {'VS': 0.206, 'HS': np.float64(3.287), 'MMD': np.float64(47.547)}, '4-184_226_208_213_6_4_4_4_4_0': {'VS': 0.179, 'HS': np.float64(8.877), 'MMD': np.float64(48.345)}, '5-184_226_208_213_999_6_4_4_4_4_0_0_0_0_0': {'VS': 0.0, 'HS': 0.0, 'MMD': 0.0}}","{'1-184_': {'VS': 0.989, 'HS': np.float64(1.183), 'MMD': np.float64(29.321)}, '2-184_226_6': {'VS': 0.545, 'HS': np.float64(1.004), 'MMD': np.float64(32.952)}, '3-184_226_208_6_4_4': {'VS': 0.361, 'HS': np.float64(1.888), 'MMD': np.float64(34.333)}, '4-184_226_208_213_6_4_4_4_4_0': {'VS': 0.259, 'HS': np.float64(3.389), 'MMD': np.float64(35.135)}, '5-184_226_208_213_999_6_4_4_4_4_0_0_0_0_0': {'VS': 0.239, 'HS': np.float64(2.898), 'MMD': np.float64(37.081)}}",295,0.08,149.388,0.228,0,0,0,0,0,0,0,0,0,0,0,0,1,1,1,0,0,0,0,0,1
4-184_226_208_999_6_4_4_0_0_0,4,435,1.761,36.353,"{'1-184_': {'VS': 0.567, 'HS': np.float64(1.408), 'MMD': np.float64(38.19)}, '2-184_226_6': {'VS': 0.29, 'HS': np.float64(1.02), 'MMD': np.float64(45.982)}, '3-184_226_208_6_4_4': {'VS': 0.206, 'HS': np.float64(3.287), 'MMD': np.float64(47.547)}, '4-184_226_208_999_6_4_4_0_0_0': {'VS': 0.0, 'HS': 0.0, 'MMD': 0.0}}","{'1-184_': {'VS': 0.989, 'HS': np.float64(1.183), 'MMD': np.float64(29.321)}, '2-184_226_6': {'VS': 0.545, 'HS': np.float64(1.004), 'MMD': np.float64(32.952)}, '3-184_226_208_6_4_4': {'VS': 0.361, 'HS': np.float64(1.888), 'MMD': np.float64(34.333)}, '4-184_226_208_999_6_4_4_0_0_0': {'VS': 0.353, 'HS': np.float64(1.761), 'MMD': np.float64(36.353)}}",435,0.155,141.017,0.277,0,0,0,0,0,0,0,0,0,0,0,0,1,1,0,0,0,0,0,0,1
4-184_226_196_999_6_4_4_0_0_0,4,293,1.509,36.389,"{'1-184_': {'VS': 0.567, 'HS': np.float64(1.408), 'MMD': np.float64(38.19)}, '2-184_226_6': {'VS': 0.29, 'HS': np.float64(1.02), 'MMD': np.float64(45.982)}, '3-184_226_196_6_4_4': {'VS': 0.148, 'HS': np.float64(2.402), 'MMD': np.float64(47.242)}, '4-184_226_196_999_6_4_4_0_0_0': {'VS': 0.0, 'HS': 0.0, 'MMD': 0.0}}","{'1-184_': {'VS': 0.989, 'HS': np.float64(1.183), 'MMD': np.float64(29.321)}, '2-184_226_6': {'VS': 0.545, 'HS': np.float64(1.004), 'MMD': np.float64(32.952)}, '3-184_226_196_6_4_4': {'VS': 0.249, 'HS': np.float64(1.554), 'MMD': np.float64(34.378)}, '4-184_226_196_999_6_4_4_0_0_0': {'VS': 0.237, 'HS': np.float64(1.509), 'MMD': np.float64(36.389)}}",293,0.101,137.974,0.259,0,0,0,0,0,0,0,0,0,0,0,0,1,0,0,0,0,0,0,0,1
4-184_226_224_999_6_3_3_0_0_0,4,310,1.0,35.345,"{'1-184_': {'VS': 0.567, 'HS': np.float64(1.408), 'MMD': np.float64(38.19)}, '2-184_226_6': {'VS': 0.29, 'HS': np.float64(1.02), 'MMD': np.float64(45.982)}, '3-184_226_224_6_3_3': {'VS': 0.025, 'HS': np.float64(1.0), 'MMD': np.float64(38.661)}, '4-184_226_224_999_6_3_3_0_0_0': {'VS': 0.0, 'HS': 0.0, 'MMD': 0.0}}","{'1-184_': {'VS': 0.989, 'HS': np.float64(1.183), 'MMD': np.float64(29.321)}, '2-184_226_6': {'VS': 0.545, 'HS': np.float64(1.004), 'MMD': np.float64(32.952)}, '3-184_226_224_6_3_3': {'VS': 0.251, 'HS': np.float64(1.0), 'MMD': np.float64(33.332)}, '4-184_226_224_999_6_3_3_0_0_0': {'VS': 0.251, 'HS': np.float64(1.0), 'MMD': np.float64(35.345)}}",310,0.226,92.279,0.301,0,0,0,0,0,0,0,0,0,0,0,0,0,0,0,0,0,0,0,0,0
5-184_226_224_212_999_6_4_4_4_4_0_0_0_0_0,5,380,4.432,37.047,"{'1-184_': {'VS': 0.567, 'HS': np.float64(1.408), 'MMD': np.float64(38.19)}, '2-184_226_6': {'VS': 0.29, 'HS': np.float64(1.02), 'MMD': np.float64(45.982)}, '3-184_226_224_6_4_4': {'VS': 0.051, 'HS': np.float64(4.041), 'MMD': np.float64(38.704)}, '4-184_226_224_212_6_4_4_4_4_0': {'VS': 0.044, 'HS': np.float64(10.848), 'MMD': np.float64(39.829)}, '5-184_226_224_212_999_6_4_4_4_4_0_0_0_0_0': {'VS': 0.0, 'HS': 0.0, 'MMD': 0.0}}","{'1-184_': {'VS': 0.989, 'HS': np.float64(1.183), 'MMD': np.float64(29.321)}, '2-184_226_6': {'VS': 0.545, 'HS': np.float64(1.004), 'MMD': np.float64(32.952)}, '3-184_226_224_6_4_4': {'VS': 0.403, 'HS': np.float64(2.877), 'MMD': np.float64(34.332)}, '4-184_226_224_212_6_4_4_4_4_0': {'VS': 0.324, 'HS': np.float64(5.148), 'MMD': np.float64(35.07)}, '5-184_226_224_212_999_6_4_4_4_4_0_0_0_0_0': {'VS': 0.308, 'HS': np.float64(4.432), 'MMD': np.float64(37.047)}}",380,0.28,72.551,0.327,0,0,0,0,0,0,0,0,0,0,0,0,0,0,0,0,0,0,0,0,0
5-184_226_224_213_999_6_4_4_4_4_0_0_0_0_0,5,361,4.33,36.939,"{'1-184_': {'VS': 0.567, 'HS': np.float64(1.408), 'MMD': np.float64(38.19)}, '2-184_226_6': {'VS': 0.29, 'HS': np.float64(1.02), 'MMD': np.float64(45.982)}, '3-184_226_224_6_4_4': {'VS': 0.051, 'HS': np.float64(4.041), 'MMD': np.float64(38.704)}, '4-184_226_224_213_6_4_4_4_4_0': {'VS': 0.041, 'HS': np.float64(9.542), 'MMD': np.float64(41.156)}, '5-184_226_224_213_999_6_4_4_4_4_0_0_0_0_0': {'VS': 0.0, 'HS': 0.0, 'MMD': 0.0}}","{'1-184_': {'VS': 0.989, 'HS': np.float64(1.183), 'MMD': np.float64(29.321)}, '2-184_226_6': {'VS': 0.545, 'HS': np.float64(1.004), 'MMD': np.float64(32.952)}, '3-184_226_224_6_4_4': {'VS': 0.403, 'HS': np.float64(2.877), 'MMD': np.float64(34.332)}, '4-184_226_224_213_6_4_4_4_4_0': {'VS': 0.31, 'HS': np.float64(4.987), 'MMD': np.float64(34.974)}, '5-184_226_224_213_999_6_4_4_4_4_0_0_0_0_0': {'VS': 0.293, 'HS': np.float64(4.33), 'MMD': np.float64(36.939)}}",361,0.269,76.443,0.325,0,0,0,0,0,0,0,0,0,0,0,0,0,0,0,0,0,0,0,0,0
4-184_226_224_999_6_4_4_0_0_0,4,489,2.693,36.359,"{'1-184_': {'VS': 0.567, 'HS': np.float64(1.408), 'MMD': np.float64(38.19)}, '2-184_226_6': {'VS': 0.29, 'HS': np.float64(1.02), 'MMD': np.float64(45.982)}, '3-184_226_224_6_4_4': {'VS': 0.051, 'HS': np.float64(4.041), 'MMD': np.float64(38.704)}, '4-184_226_224_999_6_4_4_0_0_0': {'VS': 0.0, 'HS': 0.0, 'MMD': 0.0}}","{'1-184_': {'VS': 0.989, 'HS': np.float64(1.183), 'MMD': np.float64(29.321)}, '2-184_226_6': {'VS': 0.545, 'HS': np.float64(1.004), 'MMD': np.float64(32.952)}, '3-184_226_224_6_4_4': {'VS': 0.403, 'HS': np.float64(2.877), 'MMD': np.float64(34.332)}, '4-184_226_224_999_6_4_4_0_0_0': {'VS': 0.396, 'HS': np.float64(2.693), 'MMD': np.float64(36.359)}}",489,0.352,89.185,0.343,0,0,0,0,0,0,0,0,1,0,0,0,0,0,0,0,0,0,0,0,1
4-184_226_213_999_6_3_3_0_0_0,4,260,1.0,35.4,"{'1-184_': {'VS': 0.567, 'HS': np.float64(1.408), 'MMD': np.float64(38.19)}, '2-184_226_6': {'VS': 0.29, 'HS': np.float64(1.02), 'MMD': np.float64(45.982)}, '3-184_226_213_6_3_3': {'VS': 0.119, 'HS': np.float64(1.011), 'MMD': np.float64(47.037)}, '4-184_226_213_999_6_3_3_0_0_0': {'VS': 0.0, 'HS': 0.0, 'MMD': 0.0}}","{'1-184_': {'VS': 0.989, 'HS': np.float64(1.183), 'MMD': np.float64(29.321)}, '2-184_226_6': {'VS': 0.545, 'HS': np.float64(1.004), 'MMD': np.float64(32.952)}, '3-184_226_213_6_3_3': {'VS': 0.211, 'HS': np.float64(1.0), 'MMD': np.float64(33.388)}, '4-184_226_213_999_6_3_3_0_0_0': {'VS': 0.211, 'HS': np.float64(1.0), 'MMD': np.float64(35.4)}}",260,0.092,144.912,0.256,0,0,0,0,0,0,0,0,0,0,0,0,1,1,0,0,0,0,0,0,1
5-184_226_213_202_999_6_4_4_4_4_0_0_0_0_0,5,296,2.963,36.483,"{'1-184_': {'VS': 0.567, 'HS': np.float64(1.408), 'MMD': np.float64(38.19)}, '2-184_226_6': {'VS': 0.29, 'HS': np.float64(1.02), 'MMD': np.float64(45.982)}, '3-184_226_213_6_4_4': {'VS': 0.271, 'HS': np.float64(7.861), 'MMD': np.float64(47.153)}, '4-184_226_213_202_6_4_4_4_4_0': {'VS': 0.21, 'HS': np.float64(9.282), 'MMD': np.float64(48.038)}, '5-184_226_213_202_999_6_4_4_4_4_0_0_0_0_0': {'VS': 0.0, 'HS': 0.0, 'MMD': 0.0}}","{'1-184_': {'VS': 0.989, 'HS': np.float64(1.183), 'MMD': np.float64(29.321)}, '2-184_226_6': {'VS': 0.545, 'HS': np.float64(1.004), 'MMD': np.float64(32.952)}, '3-184_226_213_6_4_4': {'VS': 0.482, 'HS': np.float64(3.835), 'MMD': np.float64(34.141)}, '4-184_226_213_202_6_4_4_4_4_0': {'VS': 0.262, 'HS': np.float64(3.353), 'MMD': np.float64(34.56)}, '5-184_226_213_202_999_6_4_4_4_4_0_0_0_0_0': {'VS': 0.24, 'HS': np.float64(2.963), 'MMD': np.float64(36.483)}}",296,0.052,149.852,0.235,0,0,0,0,0,0,0,0,0,0,0,0,1,1,1,0,0,0,0,0,1
5-184_226_213_225_999_6_4_4_4_4_0_0_0_0_0,5,348,4.276,36.925,"{'1-184_': {'VS': 0.567, 'HS': np.float64(1.408), 'MMD': np.float64(38.19)}, '2-184_226_6': {'VS': 0.29, 'HS': np.float64(1.02), 'MMD': np.float64(45.982)}, '3-184_226_213_6_4_4': {'VS': 0.271, 'HS': np.float64(7.861), 'MMD': np.float64(47.153)}, '4-184_226_213_225_6_4_4_4_4_0': {'VS': 0.041, 'HS': np.float64(9.167), 'MMD': np.float64(40.448)}, '5-184_226_213_225_999_6_4_4_4_4_0_0_0_0_0': {'VS': 0.0, 'HS': 0.0, 'MMD': 0.0}}","{'1-184_': {'VS': 0.989, 'HS': np.float64(1.183), 'MMD': np.float64(29.321)}, '2-184_226_6': {'VS': 0.545, 'HS': np.float64(1.004), 'MMD': np.float64(32.952)}, '3-184_226_213_6_4_4': {'VS': 0.482, 'HS': np.float64(3.835), 'MMD': np.float64(34.141)}, '4-184_226_213_225_6_4_4_4_4_0': {'VS': 0.297, 'HS': np.float64(4.916), 'MMD': np.float64(34.959)}, '5-184_226_213_225_999_6_4_4_4_4_0_0_0_0_0': {'VS': 0.282, 'HS': np.float64(4.276), 'MMD': np.float64(36.925)}}",348,0.256,111.97,0.286,0,0,0,0,0,0,0,0,0,0,0,0,0,0,0,0,0,0,0,0,0
5-184_226_213_208_999_6_4_4_4_4_0_0_0_0_0,5,284,2.82,37.025,"{'1-184_': {'VS': 0.567, 'HS': np.float64(1.408), 'MMD': np.float64(38.19)}, '2-184_226_6': {'VS': 0.29, 'HS': np.float64(1.02), 'MMD': np.float64(45.982)}, '3-184_226_213_6_4_4': {'VS': 0.271, 'HS': np.float64(7.861), 'MMD': np.float64(47.153)}, '4-184_226_213_208_6_4_4_4_4_0': {'VS': 0.18, 'HS': np.float64(8.655), 'MMD': np.float64(48.531)}, '5-184_226_213_208_999_6_4_4_4_4_0_0_0_0_0': {'VS': 0.0, 'HS': 0.0, 'MMD': 0.0}}","{'1-184_': {'VS': 0.989, 'HS': np.float64(1.183), 'MMD': np.float64(29.321)}, '2-184_226_6': {'VS': 0.545, 'HS': np.float64(1.004), 'MMD': np.float64(32.952)}, '3-184_226_213_6_4_4': {'VS': 0.482, 'HS': np.float64(3.835), 'MMD': np.float64(34.141)}, '4-184_226_213_208_6_4_4_4_4_0': {'VS': 0.246, 'HS': np.float64(3.289), 'MMD': np.float64(34.997)}, '5-184_226_213_208_999_6_4_4_4_4_0_0_0_0_0': {'VS': 0.23, 'HS': np.float64(2.82), 'MMD': np.float64(37.025)}}",284,0.066,150.23,0.238,0,0,0,0,0,0,0,0,0,0,0,0,1,1,1,1,0,0,0,0,1
5-184_226_213_224_999_6_4_4_4_4_0_0_0_0_0,5,332,4.217,37.015,"{'1-184_': {'VS': 0.567, 'HS': np.float64(1.408), 'MMD': np.float64(38.19)}, '2-184_226_6': {'VS': 0.29, 'HS': np.float64(1.02), 'MMD': np.float64(45.982)}, '3-184_226_213_6_4_4': {'VS': 0.271, 'HS': np.float64(7.861), 'MMD': np.float64(47.153)}, '4-184_226_213_224_6_4_4_4_4_0': {'VS': 0.042, 'HS': np.float64(9.778), 'MMD': np.float64(40.939)}, '5-184_226_213_224_999_6_4_4_4_4_0_0_0_0_0': {'VS': 0.0, 'HS': 0.0, 'MMD': 0.0}}","{'1-184_': {'VS': 0.989, 'HS': np.float64(1.183), 'MMD': np.float64(29.321)}, '2-184_226_6': {'VS': 0.545, 'HS': np.float64(1.004), 'MMD': np.float64(32.952)}, '3-184_226_213_6_4_4': {'VS': 0.482, 'HS': np.float64(3.835), 'MMD': np.float64(34.141)}, '4-184_226_213_224_6_4_4_4_4_0': {'VS': 0.285, 'HS': np.float64(4.821), 'MMD': np.float64(34.969)}, '5-184_226_213_224_999_6_4_4_4_4_0_0_0_0_0': {'VS': 0.269, 'HS': np.float64(4.217), 'MMD': np.float64(37.015)}}",332,0.243,113.348,0.283,0,0,0,0,0,0,0,0,0,0,0,0,0,0,0,0,0,0,0,0,0
5-184_226_213_172_999_6_4_4_4_4_0_0_0_0_0,5,286,3.042,36.909,"{'1-184_': {'VS': 0.567, 'HS': np.float64(1.408), 'MMD': np.float64(38.19)}, '2-184_226_6': {'VS': 0.29, 'HS': np.float64(1.02), 'MMD': np.float64(45.982)}, '3-184_226_213_6_4_4': {'VS': 0.271, 'HS': np.float64(7.861), 'MMD': np.float64(47.153)}, '4-184_226_213_172_6_4_4_4_4_0': {'VS': 0.167, 'HS': np.float64(6.277), 'MMD': np.float64(48.307)}, '5-184_226_213_172_999_6_4_4_4_4_0_0_0_0_0': {'VS': 0.0, 'HS': 0.0, 'MMD': 0.0}}","{'1-184_': {'VS': 0.989, 'HS': np.float64(1.183), 'MMD': np.float64(29.321)}, '2-184_226_6': {'VS': 0.545, 'HS': np.float64(1.004), 'MMD': np.float64(32.952)}, '3-184_226_213_6_4_4': {'VS': 0.482, 'HS': np.float64(3.835), 'MMD': np.float64(34.141)}, '4-184_226_213_172_6_4_4_4_4_0': {'VS': 0.246, 'HS': np.float64(3.438), 'MMD': np.float64(34.862)}, '5-184_226_213_172_999_6_4_4_4_4_0_0_0_0_0': {'VS': 0.232, 'HS': np.float64(3.042), 'MMD': np.float64(36.909)}}",286,0.079,149.63,0.242,0,0,0,0,0,0,0,0,0,0,0,0,1,1,1,0,0,0,0,0,1
4-184_226_213_999_6_4_4_0_0_0,4,591,3.509,36.171,"{'1-184_': {'VS': 0.567, 'HS': np.float64(1.408), 'MMD': np.float64(38.19)}, '2-184_226_6': {'VS': 0.29, 'HS': np.float64(1.02), 'MMD': np.float64(45.982)}, '3-184_226_213_6_4_4': {'VS': 0.271, 'HS': np.float64(7.861), 'MMD': np.float64(47.153)}, '4-184_226_213_999_6_4_4_0_0_0': {'VS': 0.0, 'HS': 0.0, 'MMD': 0.0}}","{'1-184_': {'VS': 0.989, 'HS': np.float64(1.183), 'MMD': np.float64(29.321)}, '2-184_226_6': {'VS': 0.545, 'HS': np.float64(1.004), 'MMD': np.float64(32.952)}, '3-184_226_213_6_4_4': {'VS': 0.482, 'HS': np.float64(3.835), 'MMD': np.float64(34.141)}, '4-184_226_213_999_6_4_4_0_0_0': {'VS': 0.479, 'HS': np.float64(3.509), 'MMD': np.float64(36.171)}}",591,0.211,139.251,0.296,0,0,0,0,0,0,0,0,0,0,0,0,1,1,0,0,0,0,0,0,1
4-184_226_172_999_6_4_4_0_0_0,4,390,1.495,36.1,"{'1-184_': {'VS': 0.567, 'HS': np.float64(1.408), 'MMD': np.float64(38.19)}, '2-184_226_6': {'VS': 0.29, 'HS': np.float64(1.02), 'MMD': np.float64(45.982)}, '3-184_226_172_6_4_4': {'VS': 0.196, 'HS': np.float64(2.347), 'MMD': np.float64(47.774)}, '4-184_226_172_999_6_4_4_0_0_0': {'VS': 0.0, 'HS': 0.0, 'MMD': 0.0}}","{'1-184_': {'VS': 0.989, 'HS': np.float64(1.183), 'MMD': np.float64(29.321)}, '2-184_226_6': {'VS': 0.545, 'HS': np.float64(1.004), 'MMD': np.float64(32.952)}, '3-184_226_172_6_4_4': {'VS': 0.329, 'HS': np.float64(1.569), 'MMD': np.float64(34.15)}, '4-184_226_172_999_6_4_4_0_0_0': {'VS': 0.316, 'HS': np.float64(1.495), 'MMD': np.float64(36.1)}}",390,0.133,144.684,0.27,0,0,0,0,0,0,0,0,0,0,0,0,1,1,0,0,0,0,0,0,1
5-184_226_199_212_999_6_4_4_4_4_0_0_0_0_0,5,276,2.815,36.909,"{'1-184_': {'VS': 0.567, 'HS': np.float64(1.408), 'MMD': np.float64(38.19)}, '2-184_226_6': {'VS': 0.29, 'HS': np.float64(1.02), 'MMD': np.float64(45.982)}, '3-184_226_199_6_4_4': {'VS': 0.197, 'HS': np.float64(3.182), 'MMD': np.float64(47.546)}, '4-184_226_199_212_6_4_4_4_4_0': {'VS': 0.181, 'HS': np.float64(8.665), 'MMD': np.float64(48.024)}, '5-184_226_199_212_999_6_4_4_4_4_0_0_0_0_0': {'VS': 0.0, 'HS': 0.0, 'MMD': 0.0}}","{'1-184_': {'VS': 0.989, 'HS': np.float64(1.183), 'MMD': np.float64(29.321)}, '2-184_226_6': {'VS': 0.545, 'HS': np.float64(1.004), 'MMD': np.float64(32.952)}, '3-184_226_199_6_4_4': {'VS': 0.327, 'HS': np.float64(1.79), 'MMD': np.float64(34.394)}, '4-184_226_199_212_6_4_4_4_4_0': {'VS': 0.237, 'HS': np.float64(3.341), 'MMD': np.float64(34.956)}, '5-184_226_199_212_999_6_4_4_4_4_0_0_0_0_0': {'VS': 0.224, 'HS': np.float64(2.815), 'MMD': np.float64(36.909)}}",276,0.056,148.047,0.216,0,0,0,0,0,0,0,0,0,0,0,0,1,1,0,0,0,0,0,0,1
5-184_226_199_213_999_6_4_4_4_4_0_0_0_0_0,5,262,2.721,36.981,"{'1-184_': {'VS': 0.567, 'HS': np.float64(1.408), 'MMD': np.float64(38.19)}, '2-184_226_6': {'VS': 0.29, 'HS': np.float64(1.02), 'MMD': np.float64(45.982)}, '3-184_226_199_6_4_4': {'VS': 0.197, 'HS': np.float64(3.182), 'MMD': np.float64(47.546)}, '4-184_226_199_213_6_4_4_4_4_0': {'VS': 0.175, 'HS': np.float64(8.191), 'MMD': np.float64(48.177)}, '5-184_226_199_213_999_6_4_4_4_4_0_0_0_0_0': {'VS': 0.0, 'HS': 0.0, 'MMD': 0.0}}","{'1-184_': {'VS': 0.989, 'HS': np.float64(1.183), 'MMD': np.float64(29.321)}, '2-184_226_6': {'VS': 0.545, 'HS': np.float64(1.004), 'MMD': np.float64(32.952)}, '3-184_226_199_6_4_4': {'VS': 0.327, 'HS': np.float64(1.79), 'MMD': np.float64(34.394)}, '4-184_226_199_213_6_4_4_4_4_0': {'VS': 0.228, 'HS': np.float64(3.174), 'MMD': np.float64(35.025)}, '5-184_226_199_213_999_6_4_4_4_4_0_0_0_0_0': {'VS': 0.212, 'HS': np.float64(2.721), 'MMD': np.float64(36.981)}}",262,0.053,148.598,0.215,0,0,0,0,0,0,0,0,0,0,0,0,1,1,0,0,0,0,0,0,1
4-184_226_199_999_6_4_4_0_0_0,4,392,1.684,36.413,"{'1-184_': {'VS': 0.567, 'HS': np.float64(1.408), 'MMD': np.float64(38.19)}, '2-184_226_6': {'VS': 0.29, 'HS': np.float64(1.02), 'MMD': np.float64(45.982)}, '3-184_226_199_6_4_4': {'VS': 0.197, 'HS': np.float64(3.182), 'MMD': np.float64(47.546)}, '4-184_226_199_999_6_4_4_0_0_0': {'VS': 0.0, 'HS': 0.0, 'MMD': 0.0}}","{'1-184_': {'VS': 0.989, 'HS': np.float64(1.183), 'MMD': np.float64(29.321)}, '2-184_226_6': {'VS': 0.545, 'HS': np.float64(1.004), 'MMD': np.float64(32.952)}, '3-184_226_199_6_4_4': {'VS': 0.327, 'HS': np.float64(1.79), 'MMD': np.float64(34.394)}, '4-184_226_199_999_6_4_4_0_0_0': {'VS': 0.318, 'HS': np.float64(1.684), 'MMD': np.float64(36.413)}}",392,0.13,140.472,0.269,0,0,0,0,0,0,0,0,0,0,0,0,1,1,0,0,0,0,0,0,1
4-184_226_221_999_6_4_4_0_0_0,4,262,1.893,36.466,"{'1-184_': {'VS': 0.567, 'HS': np.float64(1.408), 'MMD': np.float64(38.19)}, '2-184_226_6': {'VS': 0.29, 'HS': np.float64(1.02), 'MMD': np.float64(45.982)}, '3-184_226_221_6_4_4': {'VS': 0.148, 'HS': np.float64(3.496), 'MMD': np.float64(47.043)}, '4-184_226_221_999_6_4_4_0_0_0': {'VS': 0.0, 'HS': 0.0, 'MMD': 0.0}}","{'1-184_': {'VS': 0.989, 'HS': np.float64(1.183), 'MMD': np.float64(29.321)}, '2-184_226_6': {'VS': 0.545, 'HS': np.float64(1.004), 'MMD': np.float64(32.952)}, '3-184_226_221_6_4_4': {'VS': 0.218, 'HS': np.float64(2.048), 'MMD': np.float64(34.476)}, '4-184_226_221_999_6_4_4_0_0_0': {'VS': 0.212, 'HS': np.float64(1.893), 'MMD': np.float64(36.466)}}",262,0.07,135.457,0.249,0,0,0,0,0,0,0,0,0,0,0,0,1,0,0,0,0,0,0,0,1
4-184_226_169_999_6_4_4_0_0_0,4,285,1.467,36.204,"{'1-184_': {'VS': 0.567, 'HS': np.float64(1.408), 'MMD': np.float64(38.19)}, '2-184_226_6': {'VS': 0.29, 'HS': np.float64(1.02), 'MMD': np.float64(45.982)}, '3-184_226_169_6_4_4': {'VS': 0.129, 'HS': np.float64(2.262), 'MMD': np.float64(47.014)}, '4-184_226_169_999_6_4_4_0_0_0': {'VS': 0.0, 'HS': 0.0, 'MMD': 0.0}}","{'1-184_': {'VS': 0.989, 'HS': np.float64(1.183), 'MMD': np.float64(29.321)}, '2-184_226_6': {'VS': 0.545, 'HS': np.float64(1.004), 'MMD': np.float64(32.952)}, '3-184_226_169_6_4_4': {'VS': 0.236, 'HS': np.float64(1.543), 'MMD': np.float64(34.196)}, '4-184_226_169_999_6_4_4_0_0_0': {'VS': 0.231, 'HS': np.float64(1.467), 'MMD': np.float64(36.204)}}",285,0.107,137.58,0.261,0,0,0,0,0,0,0,0,0,0,0,0,1,0,0,0,0,0,0,0,1
3-184_226_999_6_0_0,3,671,1.004,35.083,"{'1-184_': {'VS': 0.567, 'HS': np.float64(1.408), 'MMD': np.float64(38.19)}, '2-184_226_6': {'VS': 0.29, 'HS': np.float64(1.02), 'MMD': np.float64(45.982)}, '3-184_226_999_6_0_0': {'VS': 0.0, 'HS': 0.0, 'MMD': 0.0}}","{'1-184_': {'VS': 0.989, 'HS': np.float64(1.183), 'MMD': np.float64(29.321)}, '2-184_226_6': {'VS': 0.545, 'HS': np.float64(1.004), 'MMD': np.float64(32.952)}, '3-184_226_999_6_0_0': {'VS': 0.544, 'HS': np.float64(1.004), 'MMD': np.float64(35.083)}}",671,0.255,124.22,0.339,0,0,0,0,0,0,0,0,0,0,0,0,1,0,0,0,0,0,0,0,1
4-184_226_157_999_6_4_4_0_0_0,4,295,1.508,36.176,"{'1-184_': {'VS': 0.567, 'HS': np.float64(1.408), 'MMD': np.float64(38.19)}, '2-184_226_6': {'VS': 0.29, 'HS': np.float64(1.02), 'MMD': np.float64(45.982)}, '3-184_226_157_6_4_4': {'VS': 0.152, 'HS': np.float64(2.567), 'MMD': np.float64(47.959)}, '4-184_226_157_999_6_4_4_0_0_0': {'VS': 0.0, 'HS': 0.0, 'MMD': 0.0}}","{'1-184_': {'VS': 0.989, 'HS': np.float64(1.183), 'MMD': np.float64(29.321)}, '2-184_226_6': {'VS': 0.545, 'HS': np.float64(1.004), 'MMD': np.float64(32.952)}, '3-184_226_157_6_4_4': {'VS': 0.249, 'HS': np.float64(1.586), 'MMD': np.float64(34.231)}, '4-184_226_157_999_6_4_4_0_0_0': {'VS': 0.239, 'HS': np.float64(1.508), 'MMD': np.float64(36.176)}}",295,0.097,145.633,0.258,0,0,0,0,0,0,0,0,0,0,0,0,1,1,0,0,0,0,0,0,1
4-184_226_178_999_6_4_4_0_0_0,4,257,1.206,35.805,"{'1-184_': {'VS': 0.567, 'HS': np.float64(1.408), 'MMD': np.float64(38.19)}, '2-184_226_6': {'VS': 0.29, 'HS': np.float64(1.02), 'MMD': np.float64(45.982)}, '3-184_226_178_6_4_4': {'VS': 0.089, 'HS': np.float64(1.476), 'MMD': np.float64(48.038)}, '4-184_226_178_999_6_4_4_0_0_0': {'VS': 0.0, 'HS': 0.0, 'MMD': 0.0}}","{'1-184_': {'VS': 0.989, 'HS': np.float64(1.183), 'MMD': np.float64(29.321)}, '2-184_226_6': {'VS': 0.545, 'HS': np.float64(1.004), 'MMD': np.float64(32.952)}, '3-184_226_178_6_4_4': {'VS': 0.214, 'HS': np.float64(1.227), 'MMD': np.float64(33.848)}, '4-184_226_178_999_6_4_4_0_0_0': {'VS': 0.208, 'HS': np.float64(1.206), 'MMD': np.float64(35.805)}}",257,0.125,149.932,0.267,0,0,0,0,0,0,0,0,0,0,0,0,1,1,1,0,0,0,0,0,1
3-184_202_999_3_0_0,3,291,1.01,33.297,"{'1-184_': {'VS': 0.567, 'HS': np.float64(1.408), 'MMD': np.float64(38.19)}, '2-184_202_3': {'VS': 0.118, 'HS': np.float64(1.011), 'MMD': np.float64(42.97)}, '3-184_202_999_3_0_0': {'VS': 0.0, 'HS': 0.0, 'MMD': 0.0}}","{'1-184_': {'VS': 0.989, 'HS': np.float64(1.183), 'MMD': np.float64(29.321)}, '2-184_202_3': {'VS': 0.236, 'HS': np.float64(1.014), 'MMD': np.float64(30.89)}, '3-184_202_999_3_0_0': {'VS': 0.236, 'HS': np.float64(1.01), 'MMD': np.float64(33.297)}}",291,0.118,112.293,0.27,0,0,0,0,0,0,0,0,0,0,0,0,0,0,0,0,0,0,0,0,0
4-184_202_225_999_4_4_0_0_0_0,4,341,2.211,36.038,"{'1-184_': {'VS': 0.567, 'HS': np.float64(1.408), 'MMD': np.float64(38.19)}, '2-184_202_4': {'VS': 0.416, 'HS': np.float64(3.397), 'MMD': np.float64(43.991)}, '3-184_202_225_4_4_0': {'VS': 0.073, 'HS': np.float64(4.497), 'MMD': np.float64(41.02)}, '4-184_202_225_999_4_4_0_0_0_0': {'VS': 0.0, 'HS': 0.0, 'MMD': 0.0}}","{'1-184_': {'VS': 0.989, 'HS': np.float64(1.183), 'MMD': np.float64(29.321)}, '2-184_202_4': {'VS': 0.64, 'HS': np.float64(1.886), 'MMD': np.float64(32.45)}, '3-184_202_225_4_4_0': {'VS': 0.3, 'HS': np.float64(2.551), 'MMD': np.float64(33.93)}, '4-184_202_225_999_4_4_0_0_0_0': {'VS': 0.276, 'HS': np.float64(2.211), 'MMD': np.float64(36.038)}}",341,0.227,87.374,0.291,0,0,0,0,0,0,0,0,0,0,0,0,0,0,0,0,0,0,0,0,0
4-184_202_212_999_4_3_0_0_0_0,4,273,1.586,35.656,"{'1-184_': {'VS': 0.567, 'HS': np.float64(1.408), 'MMD': np.float64(38.19)}, '2-184_202_4': {'VS': 0.416, 'HS': np.float64(3.397), 'MMD': np.float64(43.991)}, '3-184_202_212_4_3_0': {'VS': 0.132, 'HS': np.float64(1.846), 'MMD': np.float64(46.083)}, '4-184_202_212_999_4_3_0_0_0_0': {'VS': 0.0, 'HS': 0.0, 'MMD': 0.0}}","{'1-184_': {'VS': 0.989, 'HS': np.float64(1.183), 'MMD': np.float64(29.321)}, '2-184_202_4': {'VS': 0.64, 'HS': np.float64(1.886), 'MMD': np.float64(32.45)}, '3-184_202_212_4_3_0': {'VS': 0.239, 'HS': np.float64(1.668), 'MMD': np.float64(33.464)}, '4-184_202_212_999_4_3_0_0_0_0': {'VS': 0.221, 'HS': np.float64(1.586), 'MMD': np.float64(35.656)}}",273,0.107,123.698,0.251,0,0,0,0,0,0,0,0,0,0,0,0,0,0,0,0,0,0,0,0,0
4-184_202_212_999_4_4_0_0_0_0,4,519,2.767,36.187,"{'1-184_': {'VS': 0.567, 'HS': np.float64(1.408), 'MMD': np.float64(38.19)}, '2-184_202_4': {'VS': 0.416, 'HS': np.float64(3.397), 'MMD': np.float64(43.991)}, '3-184_202_212_4_4_0': {'VS': 0.367, 'HS': np.float64(9.345), 'MMD': np.float64(45.905)}, '4-184_202_212_999_4_4_0_0_0_0': {'VS': 0.0, 'HS': 0.0, 'MMD': 0.0}}","{'1-184_': {'VS': 0.989, 'HS': np.float64(1.183), 'MMD': np.float64(29.321)}, '2-184_202_4': {'VS': 0.64, 'HS': np.float64(1.886), 'MMD': np.float64(32.45)}, '3-184_202_212_4_4_0': {'VS': 0.451, 'HS': np.float64(3.273), 'MMD': np.float64(33.919)}, '4-184_202_212_999_4_4_0_0_0_0': {'VS': 0.421, 'HS': np.float64(2.767), 'MMD': np.float64(36.187)}}",519,0.084,118.506,0.243,0,0,0,0,0,0,0,0,0,0,0,0,0,0,0,0,0,0,0,0,0
4-184_202_212_999_4_4_4_0_0_0,4,270,1.978,36.652,"{'1-184_': {'VS': 0.567, 'HS': np.float64(1.408), 'MMD': np.float64(38.19)}, '2-184_202_4': {'VS': 0.416, 'HS': np.float64(3.397), 'MMD': np.float64(43.991)}, '3-184_202_212_4_4_4': {'VS': 0.203, 'HS': np.float64(2.751), 'MMD': np.float64(47.297)}, '4-184_202_212_999_4_4_4_0_0_0': {'VS': 0.0, 'HS': 0.0, 'MMD': 0.0}}","{'1-184_': {'VS': 0.989, 'HS': np.float64(1.183), 'MMD': np.float64(29.321)}, '2-184_202_4': {'VS': 0.64, 'HS': np.float64(1.886), 'MMD': np.float64(32.45)}, '3-184_202_212_4_4_4': {'VS': 0.238, 'HS': np.float64(2.051), 'MMD': np.float64(34.612)}, '4-184_202_212_999_4_4_4_0_0_0': {'VS': 0.219, 'HS': np.float64(1.978), 'MMD': np.float64(36.652)}}",270,0.035,124.254,0.227,0,0,0,0,0,0,0,0,0,0,0,0,1,0,0,0,0,0,0,0,1
4-184_202_208_999_4_4_0_0_0_0,4,281,1.616,36.441,"{'1-184_': {'VS': 0.567, 'HS': np.float64(1.408), 'MMD': np.float64(38.19)}, '2-184_202_4': {'VS': 0.416, 'HS': np.float64(3.397), 'MMD': np.float64(43.991)}, '3-184_202_208_4_4_0': {'VS': 0.23, 'HS': np.float64(3.871), 'MMD': np.float64(46.766)}, '4-184_202_208_999_4_4_0_0_0_0': {'VS': 0.0, 'HS': 0.0, 'MMD': 0.0}}","{'1-184_': {'VS': 0.989, 'HS': np.float64(1.183), 'MMD': np.float64(29.321)}, '2-184_202_4': {'VS': 0.64, 'HS': np.float64(1.886), 'MMD': np.float64(32.45)}, '3-184_202_208_4_4_0': {'VS': 0.249, 'HS': np.float64(1.831), 'MMD': np.float64(34.306)}, '4-184_202_208_999_4_4_0_0_0_0': {'VS': 0.228, 'HS': np.float64(1.616), 'MMD': np.float64(36.441)}}",281,0.019,122.368,0.222,0,0,0,0,0,0,0,0,0,0,0,0,0,0,0,0,0,0,0,0,0
4-184_202_224_999_4_4_0_0_0_0,4,308,2.269,35.994,"{'1-184_': {'VS': 0.567, 'HS': np.float64(1.408), 'MMD': np.float64(38.19)}, '2-184_202_4': {'VS': 0.416, 'HS': np.float64(3.397), 'MMD': np.float64(43.991)}, '3-184_202_224_4_4_0': {'VS': 0.074, 'HS': np.float64(5.143), 'MMD': np.float64(41.579)}, '4-184_202_224_999_4_4_0_0_0_0': {'VS': 0.0, 'HS': 0.0, 'MMD': 0.0}}","{'1-184_': {'VS': 0.989, 'HS': np.float64(1.183), 'MMD': np.float64(29.321)}, '2-184_202_4': {'VS': 0.64, 'HS': np.float64(1.886), 'MMD': np.float64(32.45)}, '3-184_202_224_4_4_0': {'VS': 0.279, 'HS': np.float64(2.555), 'MMD': np.float64(33.904)}, '4-184_202_224_999_4_4_0_0_0_0': {'VS': 0.25, 'HS': np.float64(2.269), 'MMD': np.float64(35.994)}}",308,0.205,90.253,0.284,0,0,0,0,0,0,0,0,0,0,0,0,0,0,0,0,0,0,0,0,0
4-184_202_213_999_4_4_0_0_0_0,4,471,2.813,36.14,"{'1-184_': {'VS': 0.567, 'HS': np.float64(1.408), 'MMD': np.float64(38.19)}, '2-184_202_4': {'VS': 0.416, 'HS': np.float64(3.397), 'MMD': np.float64(43.991)}, '3-184_202_213_4_4_0': {'VS': 0.345, 'HS': np.float64(8.83), 'MMD': np.float64(46.078)}, '4-184_202_213_999_4_4_0_0_0_0': {'VS': 0.0, 'HS': 0.0, 'MMD': 0.0}}","{'1-184_': {'VS': 0.989, 'HS': np.float64(1.183), 'MMD': np.float64(29.321)}, '2-184_202_4': {'VS': 0.64, 'HS': np.float64(1.886), 'MMD': np.float64(32.45)}, '3-184_202_213_4_4_0': {'VS': 0.417, 'HS': np.float64(3.282), 'MMD': np.float64(33.897)}, '4-184_202_213_999_4_4_0_0_0_0': {'VS': 0.382, 'HS': np.float64(2.813), 'MMD': np.float64(36.14)}}",471,0.072,120.077,0.239,0,0,0,0,0,0,0,0,0,0,0,0,0,0,0,0,0,0,0,0,0
4-184_202_213_999_4_4_4_0_0_0,4,260,1.973,36.496,"{'1-184_': {'VS': 0.567, 'HS': np.float64(1.408), 'MMD': np.float64(38.19)}, '2-184_202_4': {'VS': 0.416, 'HS': np.float64(3.397), 'MMD': np.float64(43.991)}, '3-184_202_213_4_4_4': {'VS': 0.185, 'HS': np.float64(2.735), 'MMD': np.float64(46.971)}, '4-184_202_213_999_4_4_4_0_0_0': {'VS': 0.0, 'HS': 0.0, 'MMD': 0.0}}","{'1-184_': {'VS': 0.989, 'HS': np.float64(1.183), 'MMD': np.float64(29.321)}, '2-184_202_4': {'VS': 0.64, 'HS': np.float64(1.886), 'MMD': np.float64(32.45)}, '3-184_202_213_4_4_4': {'VS': 0.226, 'HS': np.float64(2.036), 'MMD': np.float64(34.315)}, '4-184_202_213_999_4_4_4_0_0_0': {'VS': 0.211, 'HS': np.float64(1.973), 'MMD': np.float64(36.496)}}",260,0.041,124.009,0.229,0,0,0,0,0,0,0,0,0,0,0,0,0,0,0,0,0,0,0,0,0
4-184_202_172_999_4_4_0_0_0_0,4,299,1.659,35.813,"{'1-184_': {'VS': 0.567, 'HS': np.float64(1.408), 'MMD': np.float64(38.19)}, '2-184_202_4': {'VS': 0.416, 'HS': np.float64(3.397), 'MMD': np.float64(43.991)}, '3-184_202_172_4_4_0': {'VS': 0.23, 'HS': np.float64(3.222), 'MMD': np.float64(46.59)}, '4-184_202_172_999_4_4_0_0_0_0': {'VS': 0.0, 'HS': 0.0, 'MMD': 0.0}}","{'1-184_': {'VS': 0.989, 'HS': np.float64(1.183), 'MMD': np.float64(29.321)}, '2-184_202_4': {'VS': 0.64, 'HS': np.float64(1.886), 'MMD': np.float64(32.45)}, '3-184_202_172_4_4_0': {'VS': 0.27, 'HS': np.float64(1.883), 'MMD': np.float64(33.73)}, '4-184_202_172_999_4_4_0_0_0_0': {'VS': 0.242, 'HS': np.float64(1.659), 'MMD': np.float64(35.813)}}",299,0.04,125.744,0.229,0,0,0,0,0,0,0,0,0,0,0,0,1,0,0,0,0,0,0,0,1
3-184_202_999_4_0_0,3,780,1.742,34.904,"{'1-184_': {'VS': 0.567, 'HS': np.float64(1.408), 'MMD': np.float64(38.19)}, '2-184_202_4': {'VS': 0.416, 'HS': np.float64(3.397), 'MMD': np.float64(43.991)}, '3-184_202_999_4_0_0': {'VS': 0.0, 'HS': 0.0, 'MMD': 0.0}}","{'1-184_': {'VS': 0.989, 'HS': np.float64(1.183), 'MMD': np.float64(29.321)}, '2-184_202_4': {'VS': 0.64, 'HS': np.float64(1.886), 'MMD': np.float64(32.45)}, '3-184_202_999_4_0_0': {'VS': 0.632, 'HS': np.float64(1.742), 'MMD': np.float64(34.904)}}",780,0.224,105.927,0.323,0,0,0,0,1,0,0,0,0,0,0,0,0,0,0,0,0,0,0,0,1
4-184_225_202_999_4_4_0_0_0_0,4,316,2.288,36.085,"{'1-184_': {'VS': 0.567, 'HS': np.float64(1.408), 'MMD': np.float64(38.19)}, '2-184_225_4': {'VS': 0.118, 'HS': np.float64(3.545), 'MMD': np.float64(37.349)}, '3-184_225_202_4_4_0': {'VS': 0.074, 'HS': np.float64(4.58), 'MMD': np.float64(41.993)}, '4-184_225_202_999_4_4_0_0_0_0': {'VS': 0.0, 'HS': 0.0, 'MMD': 0.0}}","{'1-184_': {'VS': 0.989, 'HS': np.float64(1.183), 'MMD': np.float64(29.321)}, '2-184_225_4': {'VS': 0.627, 'HS': np.float64(2.619), 'MMD': np.float64(32.158)}, '3-184_225_202_4_4_0': {'VS': 0.285, 'HS': np.float64(2.56), 'MMD': np.float64(33.969)}, '4-184_225_202_999_4_4_0_0_0_0': {'VS': 0.256, 'HS': np.float64(2.288), 'MMD': np.float64(36.085)}}",316,0.211,56.663,0.381,0,0,0,0,0,0,0,0,0,0,0,0,0,0,0,0,1,0,0,0,1
4-184_225_212_999_4_3_0_0_0_0,4,297,2.138,35.646,"{'1-184_': {'VS': 0.567, 'HS': np.float64(1.408), 'MMD': np.float64(38.19)}, '2-184_225_4': {'VS': 0.118, 'HS': np.float64(3.545), 'MMD': np.float64(37.349)}, '3-184_225_212_4_3_0': {'VS': 0.026, 'HS': np.float64(2.361), 'MMD': np.float64(38.242)}, '4-184_225_212_999_4_3_0_0_0_0': {'VS': 0.0, 'HS': 0.0, 'MMD': 0.0}}","{'1-184_': {'VS': 0.989, 'HS': np.float64(1.183), 'MMD': np.float64(29.321)}, '2-184_225_4': {'VS': 0.627, 'HS': np.float64(2.619), 'MMD': np.float64(32.158)}, '3-184_225_212_4_3_0': {'VS': 0.249, 'HS': np.float64(2.355), 'MMD': np.float64(33.391)}, '4-184_225_212_999_4_3_0_0_0_0': {'VS': 0.241, 'HS': np.float64(2.138), 'MMD': np.float64(35.646)}}",297,0.223,43.046,0.385,0,0,0,0,0,0,0,0,0,0,0,0,0,0,0,0,1,0,0,0,1
4-184_225_212_999_4_4_0_0_0_0,4,563,3.995,35.938,"{'1-184_': {'VS': 0.567, 'HS': np.float64(1.408), 'MMD': np.float64(38.19)}, '2-184_225_4': {'VS': 0.118, 'HS': np.float64(3.545), 'MMD': np.float64(37.349)}, '3-184_225_212_4_4_0': {'VS': 0.1, 'HS': np.float64(10.148), 'MMD': np.float64(40.19)}, '4-184_225_212_999_4_4_0_0_0_0': {'VS': 0.0, 'HS': 0.0, 'MMD': 0.0}}","{'1-184_': {'VS': 0.989, 'HS': np.float64(1.183), 'MMD': np.float64(29.321)}, '2-184_225_4': {'VS': 0.627, 'HS': np.float64(2.619), 'MMD': np.float64(32.158)}, '3-184_225_212_4_4_0': {'VS': 0.489, 'HS': np.float64(4.806), 'MMD': np.float64(33.748)}, '4-184_225_212_999_4_4_0_0_0_0': {'VS': 0.456, 'HS': np.float64(3.995), 'MMD': np.float64(35.938)}}",563,0.389,49.035,0.44,0,0,0,0,0,0,0,0,1,1,0,0,0,0,0,0,1,1,1,0,1
4-184_225_212_999_4_4_1_0_0_0,4,255,1.259,35.357,"{'1-184_': {'VS': 0.567, 'HS': np.float64(1.408), 'MMD': np.float64(38.19)}, '2-184_225_4': {'VS': 0.118, 'HS': np.float64(3.545), 'MMD': np.float64(37.349)}, '3-184_225_212_4_4_1': {'VS': 0.053, 'HS': np.float64(1.532), 'MMD': np.float64(41.429)}, '4-184_225_212_999_4_4_1_0_0_0': {'VS': 0.0, 'HS': 0.0, 'MMD': 0.0}}","{'1-184_': {'VS': 0.989, 'HS': np.float64(1.183), 'MMD': np.float64(29.321)}, '2-184_225_4': {'VS': 0.627, 'HS': np.float64(2.619), 'MMD': np.float64(32.158)}, '3-184_225_212_4_4_1': {'VS': 0.222, 'HS': np.float64(1.277), 'MMD': np.float64(33.235)}, '4-184_225_212_999_4_4_1_0_0_0': {'VS': 0.207, 'HS': np.float64(1.259), 'MMD': np.float64(35.357)}}",255,0.169,57.582,0.367,1,1,1,0,0,0,0,0,0,0,0,0,0,0,0,0,0,0,0,0,1
4-184_225_220_999_4_4_0_0_0_0,4,259,2.347,36.251,"{'1-184_': {'VS': 0.567, 'HS': np.float64(1.408), 'MMD': np.float64(38.19)}, '2-184_225_4': {'VS': 0.118, 'HS': np.float64(3.545), 'MMD': np.float64(37.349)}, '3-184_225_220_4_4_0': {'VS': 0.061, 'HS': np.float64(5.71), 'MMD': np.float64(42.424)}, '4-184_225_220_999_4_4_0_0_0_0': {'VS': 0.0, 'HS': 0.0, 'MMD': 0.0}}","{'1-184_': {'VS': 0.989, 'HS': np.float64(1.183), 'MMD': np.float64(29.321)}, '2-184_225_4': {'VS': 0.627, 'HS': np.float64(2.619), 'MMD': np.float64(32.158)}, '3-184_225_220_4_4_0': {'VS': 0.237, 'HS': np.float64(2.689), 'MMD': np.float64(34.041)}, '4-184_225_220_999_4_4_0_0_0_0': {'VS': 0.21, 'HS': np.float64(2.347), 'MMD': np.float64(36.251)}}",259,0.176,58.627,0.369,0,0,0,0,0,0,0,0,0,0,0,0,0,0,0,0,0,0,0,0,0
4-184_225_208_999_4_4_0_0_0_0,4,269,2.178,35.491,"{'1-184_': {'VS': 0.567, 'HS': np.float64(1.408), 'MMD': np.float64(38.19)}, '2-184_225_4': {'VS': 0.118, 'HS': np.float64(3.545), 'MMD': np.float64(37.349)}, '3-184_225_208_4_4_0': {'VS': 0.064, 'HS': np.float64(4.384), 'MMD': np.float64(42.351)}, '4-184_225_208_999_4_4_0_0_0_0': {'VS': 0.0, 'HS': 0.0, 'MMD': 0.0}}","{'1-184_': {'VS': 0.989, 'HS': np.float64(1.183), 'MMD': np.float64(29.321)}, '2-184_225_4': {'VS': 0.627, 'HS': np.float64(2.619), 'MMD': np.float64(32.158)}, '3-184_225_208_4_4_0': {'VS': 0.243, 'HS': np.float64(2.473), 'MMD': np.float64(33.478)}, '4-184_225_208_999_4_4_0_0_0_0': {'VS': 0.218, 'HS': np.float64(2.178), 'MMD': np.float64(35.491)}}",269,0.179,61.445,0.37,0,0,0,0,0,0,0,0,0,0,0,0,0,0,0,0,0,0,0,0,0
4-184_225_213_999_4_3_0_0_0_0,4,247,2.344,35.259,"{'1-184_': {'VS': 0.567, 'HS': np.float64(1.408), 'MMD': np.float64(38.19)}, '2-184_225_4': {'VS': 0.118, 'HS': np.float64(3.545), 'MMD': np.float64(37.349)}, '3-184_225_213_4_3_0': {'VS': 0.023, 'HS': np.float64(2.236), 'MMD': np.float64(36.491)}, '4-184_225_213_999_4_3_0_0_0_0': {'VS': 0.0, 'HS': 0.0, 'MMD': 0.0}}","{'1-184_': {'VS': 0.989, 'HS': np.float64(1.183), 'MMD': np.float64(29.321)}, '2-184_225_4': {'VS': 0.627, 'HS': np.float64(2.619), 'MMD': np.float64(32.158)}, '3-184_225_213_4_3_0': {'VS': 0.213, 'HS': np.float64(2.513), 'MMD': np.float64(33.224)}, '4-184_225_213_999_4_3_0_0_0_0': {'VS': 0.2, 'HS': np.float64(2.344), 'MMD': np.float64(35.259)}}",247,0.19,38.76,0.374,0,0,0,0,0,0,0,0,0,0,0,0,0,0,0,0,0,0,0,0,0
4-184_225_213_999_4_4_0_0_0_0,4,547,3.821,35.89,"{'1-184_': {'VS': 0.567, 'HS': np.float64(1.408), 'MMD': np.float64(38.19)}, '2-184_225_4': {'VS': 0.118, 'HS': np.float64(3.545), 'MMD': np.float64(37.349)}, '3-184_225_213_4_4_0': {'VS': 0.092, 'HS': np.float64(9.147), 'MMD': np.float64(40.779)}, '4-184_225_213_999_4_4_0_0_0_0': {'VS': 0.0, 'HS': 0.0, 'MMD': 0.0}}","{'1-184_': {'VS': 0.989, 'HS': np.float64(1.183), 'MMD': np.float64(29.321)}, '2-184_225_4': {'VS': 0.627, 'HS': np.float64(2.619), 'MMD': np.float64(32.158)}, '3-184_225_213_4_4_0': {'VS': 0.473, 'HS': np.float64(4.604), 'MMD': np.float64(33.676)}, '4-184_225_213_999_4_4_0_0_0_0': {'VS': 0.443, 'HS': np.float64(3.821), 'MMD': np.float64(35.89)}}",547,0.381,52.019,0.437,0,0,0,0,0,0,0,0,1,1,0,0,0,0,0,0,1,1,1,0,1
4-184_225_172_999_4_4_0_0_0_0,4,325,2.265,35.751,"{'1-184_': {'VS': 0.567, 'HS': np.float64(1.408), 'MMD': np.float64(38.19)}, '2-184_225_4': {'VS': 0.118, 'HS': np.float64(3.545), 'MMD': np.float64(37.349)}, '3-184_225_172_4_4_0': {'VS': 0.067, 'HS': np.float64(3.975), 'MMD': np.float64(42.151)}, '4-184_225_172_999_4_4_0_0_0_0': {'VS': 0.0, 'HS': 0.0, 'MMD': 0.0}}","{'1-184_': {'VS': 0.989, 'HS': np.float64(1.183), 'MMD': np.float64(29.321)}, '2-184_225_4': {'VS': 0.627, 'HS': np.float64(2.619), 'MMD': np.float64(32.158)}, '3-184_225_172_4_4_0': {'VS': 0.289, 'HS': np.float64(2.588), 'MMD': np.float64(33.683)}, '4-184_225_172_999_4_4_0_0_0_0': {'VS': 0.263, 'HS': np.float64(2.265), 'MMD': np.float64(35.751)}}",325,0.222,59.104,0.384,0,0,0,0,0,0,0,0,0,0,0,0,0,0,0,0,1,0,0,0,1
4-184_225_199_999_4_4_0_0_0_0,4,251,2.179,36.048,"{'1-184_': {'VS': 0.567, 'HS': np.float64(1.408), 'MMD': np.float64(38.19)}, '2-184_225_4': {'VS': 0.118, 'HS': np.float64(3.545), 'MMD': np.float64(37.349)}, '3-184_225_199_4_4_0': {'VS': 0.061, 'HS': np.float64(4.407), 'MMD': np.float64(41.914)}, '4-184_225_199_999_4_4_0_0_0_0': {'VS': 0.0, 'HS': 0.0, 'MMD': 0.0}}","{'1-184_': {'VS': 0.989, 'HS': np.float64(1.183), 'MMD': np.float64(29.321)}, '2-184_225_4': {'VS': 0.627, 'HS': np.float64(2.619), 'MMD': np.float64(32.158)}, '3-184_225_199_4_4_0': {'VS': 0.231, 'HS': np.float64(2.551), 'MMD': np.float64(33.867)}, '4-184_225_199_999_4_4_0_0_0_0': {'VS': 0.203, 'HS': np.float64(2.179), 'MMD': np.float64(36.048)}}",251,0.17,56.787,0.367,0,0,0,0,0,0,0,0,0,0,0,0,0,0,0,0,0,0,0,0,0
3-184_225_999_4_0_0,3,755,2.403,34.648,"{'1-184_': {'VS': 0.567, 'HS': np.float64(1.408), 'MMD': np.float64(38.19)}, '2-184_225_4': {'VS': 0.118, 'HS': np.float64(3.545), 'MMD': np.float64(37.349)}, '3-184_225_999_4_0_0': {'VS': 0.0, 'HS': 0.0, 'MMD': 0.0}}","{'1-184_': {'VS': 0.989, 'HS': np.float64(1.183), 'MMD': np.float64(29.321)}, '2-184_225_4': {'VS': 0.627, 'HS': np.float64(2.619), 'MMD': np.float64(32.158)}, '3-184_225_999_4_0_0': {'VS': 0.612, 'HS': np.float64(2.403), 'MMD': np.float64(34.648)}}",755,0.509,52.803,0.466,0,0,0,0,1,0,0,0,1,1,1,1,0,0,0,0,1,1,1,1,1
3-184_212_999_3_0_0,3,511,1.025,33.425,"{'1-184_': {'VS': 0.567, 'HS': np.float64(1.408), 'MMD': np.float64(38.19)}, '2-184_212_3': {'VS': 0.214, 'HS': np.float64(1.057), 'MMD': np.float64(40.862)}, '3-184_212_999_3_0_0': {'VS': 0.0, 'HS': 0.0, 'MMD': 0.0}}","{'1-184_': {'VS': 0.989, 'HS': np.float64(1.183), 'MMD': np.float64(29.321)}, '2-184_212_3': {'VS': 0.414, 'HS': np.float64(1.031), 'MMD': np.float64(30.717)}, '3-184_212_999_3_0_0': {'VS': 0.414, 'HS': np.float64(1.025), 'MMD': np.float64(33.425)}}",511,0.2,90.79,0.311,0,0,0,0,0,0,0,0,0,0,0,0,0,0,0,0,0,0,0,0,0
4-184_212_193_999_4_4_0_0_0_0,4,300,2.9,36.15,"{'1-184_': {'VS': 0.567, 'HS': np.float64(1.408), 'MMD': np.float64(38.19)}, '2-184_212_4': {'VS': 0.503, 'HS': np.float64(7.723), 'MMD': np.float64(43.073)}, '3-184_212_193_4_4_0': {'VS': 0.226, 'HS': np.float64(8.212), 'MMD': np.float64(45.863)}, '4-184_212_193_999_4_4_0_0_0_0': {'VS': 0.0, 'HS': 0.0, 'MMD': 0.0}}","{'1-184_': {'VS': 0.989, 'HS': np.float64(1.183), 'MMD': np.float64(29.321)}, '2-184_212_4': {'VS': 0.862, 'HS': np.float64(3.801), 'MMD': np.float64(31.827)}, '3-184_212_193_4_4_0': {'VS': 0.264, 'HS': np.float64(3.304), 'MMD': np.float64(34.055)}, '4-184_212_193_999_4_4_0_0_0_0': {'VS': 0.243, 'HS': np.float64(2.9), 'MMD': np.float64(36.15)}}",300,0.038,114.854,0.273,0,0,0,0,0,0,0,0,0,0,0,0,0,0,0,0,0,0,0,0,0
4-184_212_214_999_4_3_0_0_0_0,4,290,2.814,35.314,"{'1-184_': {'VS': 0.567, 'HS': np.float64(1.408), 'MMD': np.float64(38.19)}, '2-184_212_4': {'VS': 0.503, 'HS': np.float64(7.723), 'MMD': np.float64(43.073)}, '3-184_212_214_4_3_0': {'VS': 0.179, 'HS': np.float64(3.592), 'MMD': np.float64(45.518)}, '4-184_212_214_999_4_3_0_0_0_0': {'VS': 0.0, 'HS': 0.0, 'MMD': 0.0}}","{'1-184_': {'VS': 0.989, 'HS': np.float64(1.183), 'MMD': np.float64(29.321)}, '2-184_212_4': {'VS': 0.862, 'HS': np.float64(3.801), 'MMD': np.float64(31.827)}, '3-184_212_214_4_3_0': {'VS': 0.246, 'HS': np.float64(3.02), 'MMD': np.float64(33.05)}, '4-184_212_214_999_4_3_0_0_0_0': {'VS': 0.235, 'HS': np.float64(2.814), 'MMD': np.float64(35.314)}}",290,0.067,120.194,0.283,0,0,0,0,0,0,0,0,0,0,0,0,0,0,0,0,0,0,0,0,0
4-184_212_214_999_4_4_0_0_0_0,4,271,4.399,35.823,"{'1-184_': {'VS': 0.567, 'HS': np.float64(1.408), 'MMD': np.float64(38.19)}, '2-184_212_4': {'VS': 0.503, 'HS': np.float64(7.723), 'MMD': np.float64(43.073)}, '3-184_212_214_4_4_0': {'VS': 0.209, 'HS': np.float64(13.235), 'MMD': np.float64(45.839)}, '4-184_212_214_999_4_4_0_0_0_0': {'VS': 0.0, 'HS': 0.0, 'MMD': 0.0}}","{'1-184_': {'VS': 0.989, 'HS': np.float64(1.183), 'MMD': np.float64(29.321)}, '2-184_212_4': {'VS': 0.862, 'HS': np.float64(3.801), 'MMD': np.float64(31.827)}, '3-184_212_214_4_4_0': {'VS': 0.235, 'HS': np.float64(5.124), 'MMD': np.float64(33.486)}, '4-184_212_214_999_4_4_0_0_0_0': {'VS': 0.22, 'HS': np.float64(4.399), 'MMD': np.float64(35.823)}}",271,0.026,119.243,0.269,0,0,0,0,0,0,0,0,0,0,0,0,0,0,0,0,0,0,0,0,0
4-184_212_202_999_4_4_0_0_0_0,4,498,2.994,35.994,"{'1-184_': {'VS': 0.567, 'HS': np.float64(1.408), 'MMD': np.float64(38.19)}, '2-184_212_4': {'VS': 0.503, 'HS': np.float64(7.723), 'MMD': np.float64(43.073)}, '3-184_212_202_4_4_0': {'VS': 0.368, 'HS': np.float64(9.199), 'MMD': np.float64(45.822)}, '4-184_212_202_999_4_4_0_0_0_0': {'VS': 0.0, 'HS': 0.0, 'MMD': 0.0}}","{'1-184_': {'VS': 0.989, 'HS': np.float64(1.183), 'MMD': np.float64(29.321)}, '2-184_212_4': {'VS': 0.862, 'HS': np.float64(3.801), 'MMD': np.float64(31.827)}, '3-184_212_202_4_4_0': {'VS': 0.434, 'HS': np.float64(3.439), 'MMD': np.float64(33.834)}, '4-184_212_202_999_4_4_0_0_0_0': {'VS': 0.404, 'HS': np.float64(2.994), 'MMD': np.float64(35.994)}}",498,0.066,116.281,0.282,0,0,0,0,0,0,0,0,0,0,0,0,0,0,0,0,0,0,0,0,0
4-184_212_225_999_4_4_0_0_0_0,4,589,4.071,35.818,"{'1-184_': {'VS': 0.567, 'HS': np.float64(1.408), 'MMD': np.float64(38.19)}, '2-184_212_4': {'VS': 0.503, 'HS': np.float64(7.723), 'MMD': np.float64(43.073)}, '3-184_212_225_4_4_0': {'VS': 0.099, 'HS': np.float64(9.94), 'MMD': np.float64(40.148)}, '4-184_212_225_999_4_4_0_0_0_0': {'VS': 0.0, 'HS': 0.0, 'MMD': 0.0}}","{'1-184_': {'VS': 0.989, 'HS': np.float64(1.183), 'MMD': np.float64(29.321)}, '2-184_212_4': {'VS': 0.862, 'HS': np.float64(3.801), 'MMD': np.float64(31.827)}, '3-184_212_225_4_4_0': {'VS': 0.503, 'HS': np.float64(4.845), 'MMD': np.float64(33.523)}, '4-184_212_225_999_4_4_0_0_0_0': {'VS': 0.477, 'HS': np.float64(4.071), 'MMD': np.float64(35.818)}}",589,0.404,83.007,0.395,0,0,0,0,0,0,0,0,1,1,0,0,0,0,0,0,1,0,0,0,1
4-184_212_225_999_4_4_1_0_0_0,4,261,1.238,35.318,"{'1-184_': {'VS': 0.567, 'HS': np.float64(1.408), 'MMD': np.float64(38.19)}, '2-184_212_4': {'VS': 0.503, 'HS': np.float64(7.723), 'MMD': np.float64(43.073)}, '3-184_212_225_4_4_1': {'VS': 0.05, 'HS': np.float64(1.508), 'MMD': np.float64(39.788)}, '4-184_212_225_999_4_4_1_0_0_0': {'VS': 0.0, 'HS': 0.0, 'MMD': 0.0}}","{'1-184_': {'VS': 0.989, 'HS': np.float64(1.183), 'MMD': np.float64(29.321)}, '2-184_212_4': {'VS': 0.862, 'HS': np.float64(3.801), 'MMD': np.float64(31.827)}, '3-184_212_225_4_4_1': {'VS': 0.23, 'HS': np.float64(1.282), 'MMD': np.float64(32.937)}, '4-184_212_225_999_4_4_1_0_0_0': {'VS': 0.212, 'HS': np.float64(1.238), 'MMD': np.float64(35.318)}}",261,0.18,84.023,0.32,0,0,0,0,0,0,0,0,0,0,0,0,0,0,0,0,0,0,0,0,0
4-184_212_220_999_4_4_0_0_0_0,4,403,3.176,36.081,"{'1-184_': {'VS': 0.567, 'HS': np.float64(1.408), 'MMD': np.float64(38.19)}, '2-184_212_4': {'VS': 0.503, 'HS': np.float64(7.723), 'MMD': np.float64(43.073)}, '3-184_212_220_4_4_0': {'VS': 0.272, 'HS': np.float64(9.7), 'MMD': np.float64(45.633)}, '4-184_212_220_999_4_4_0_0_0_0': {'VS': 0.0, 'HS': 0.0, 'MMD': 0.0}}","{'1-184_': {'VS': 0.989, 'HS': np.float64(1.183), 'MMD': np.float64(29.321)}, '2-184_212_4': {'VS': 0.862, 'HS': np.float64(3.801), 'MMD': np.float64(31.827)}, '3-184_212_220_4_4_0': {'VS': 0.351, 'HS': np.float64(3.651), 'MMD': np.float64(33.815)}, '4-184_212_220_999_4_4_0_0_0_0': {'VS': 0.327, 'HS': np.float64(3.176), 'MMD': np.float64(36.081)}}",403,0.079,114.932,0.287,1,0,0,0,0,0,0,0,0,0,0,0,0,0,0,0,0,0,0,0,1
4-184_212_208_999_4_4_0_0_0_0,4,437,2.805,35.467,"{'1-184_': {'VS': 0.567, 'HS': np.float64(1.408), 'MMD': np.float64(38.19)}, '2-184_212_4': {'VS': 0.503, 'HS': np.float64(7.723), 'MMD': np.float64(43.073)}, '3-184_212_208_4_4_0': {'VS': 0.301, 'HS': np.float64(8.445), 'MMD': np.float64(45.956)}, '4-184_212_208_999_4_4_0_0_0_0': {'VS': 0.0, 'HS': 0.0, 'MMD': 0.0}}","{'1-184_': {'VS': 0.989, 'HS': np.float64(1.183), 'MMD': np.float64(29.321)}, '2-184_212_4': {'VS': 0.862, 'HS': np.float64(3.801), 'MMD': np.float64(31.827)}, '3-184_212_208_4_4_0': {'VS': 0.386, 'HS': np.float64(3.2), 'MMD': np.float64(33.25)}, '4-184_212_208_999_4_4_0_0_0_0': {'VS': 0.354, 'HS': np.float64(2.805), 'MMD': np.float64(35.467)}}",437,0.085,122.191,0.289,0,0,0,0,0,0,0,0,0,0,0,0,0,0,0,0,0,0,0,0,0
4-184_212_196_999_4_4_0_0_0_0,4,372,2.858,35.481,"{'1-184_': {'VS': 0.567, 'HS': np.float64(1.408), 'MMD': np.float64(38.19)}, '2-184_212_4': {'VS': 0.503, 'HS': np.float64(7.723), 'MMD': np.float64(43.073)}, '3-184_212_196_4_4_0': {'VS': 0.225, 'HS': np.float64(7.168), 'MMD': np.float64(46.472)}, '4-184_212_196_999_4_4_0_0_0_0': {'VS': 0.0, 'HS': 0.0, 'MMD': 0.0}}","{'1-184_': {'VS': 0.989, 'HS': np.float64(1.183), 'MMD': np.float64(29.321)}, '2-184_212_4': {'VS': 0.862, 'HS': np.float64(3.801), 'MMD': np.float64(31.827)}, '3-184_212_196_4_4_0': {'VS': 0.33, 'HS': np.float64(3.221), 'MMD': np.float64(33.4)}, '4-184_212_196_999_4_4_0_0_0_0': {'VS': 0.301, 'HS': np.float64(2.858), 'MMD': np.float64(35.481)}}",372,0.105,125.336,0.295,0,0,0,0,0,0,0,0,0,0,0,0,1,0,0,0,0,0,0,0,1
4-184_212_224_999_4_3_0_0_0_0,4,371,2.722,35.466,"{'1-184_': {'VS': 0.567, 'HS': np.float64(1.408), 'MMD': np.float64(38.19)}, '2-184_212_4': {'VS': 0.503, 'HS': np.float64(7.723), 'MMD': np.float64(43.073)}, '3-184_212_224_4_3_0': {'VS': 0.045, 'HS': np.float64(3.336), 'MMD': np.float64(38.757)}, '4-184_212_224_999_4_3_0_0_0_0': {'VS': 0.0, 'HS': 0.0, 'MMD': 0.0}}","{'1-184_': {'VS': 0.989, 'HS': np.float64(1.183), 'MMD': np.float64(29.321)}, '2-184_212_4': {'VS': 0.862, 'HS': np.float64(3.801), 'MMD': np.float64(31.827)}, '3-184_212_224_4_3_0': {'VS': 0.307, 'HS': np.float64(3.05), 'MMD': np.float64(33.29)}, '4-184_212_224_999_4_3_0_0_0_0': {'VS': 0.301, 'HS': np.float64(2.722), 'MMD': np.float64(35.466)}}",371,0.262,78.34,0.348,1,1,1,0,0,0,0,0,0,0,0,0,0,0,0,0,0,0,0,0,1
4-184_212_224_999_4_4_0_0_0_0,4,541,4.03,35.75,"{'1-184_': {'VS': 0.567, 'HS': np.float64(1.408), 'MMD': np.float64(38.19)}, '2-184_212_4': {'VS': 0.503, 'HS': np.float64(7.723), 'MMD': np.float64(43.073)}, '3-184_212_224_4_4_0': {'VS': 0.1, 'HS': np.float64(10.696), 'MMD': np.float64(41.114)}, '4-184_212_224_999_4_4_0_0_0_0': {'VS': 0.0, 'HS': 0.0, 'MMD': 0.0}}","{'1-184_': {'VS': 0.989, 'HS': np.float64(1.183), 'MMD': np.float64(29.321)}, '2-184_212_4': {'VS': 0.862, 'HS': np.float64(3.801), 'MMD': np.float64(31.827)}, '3-184_212_224_4_4_0': {'VS': 0.464, 'HS': np.float64(4.808), 'MMD': np.float64(33.503)}, '4-184_212_224_999_4_4_0_0_0_0': {'VS': 0.438, 'HS': np.float64(4.03), 'MMD': np.float64(35.75)}}",541,0.364,87.686,0.382,0,0,0,0,0,0,0,0,1,0,0,0,0,0,0,0,1,0,0,0,1
4-184_212_172_999_4_4_0_0_0_0,4,503,2.982,35.586,"{'1-184_': {'VS': 0.567, 'HS': np.float64(1.408), 'MMD': np.float64(38.19)}, '2-184_212_4': {'VS': 0.503, 'HS': np.float64(7.723), 'MMD': np.float64(43.073)}, '3-184_212_172_4_4_0': {'VS': 0.307, 'HS': np.float64(6.872), 'MMD': np.float64(45.878)}, '4-184_212_172_999_4_4_0_0_0_0': {'VS': 0.0, 'HS': 0.0, 'MMD': 0.0}}","{'1-184_': {'VS': 0.989, 'HS': np.float64(1.183), 'MMD': np.float64(29.321)}, '2-184_212_4': {'VS': 0.862, 'HS': np.float64(3.801), 'MMD': np.float64(31.827)}, '3-184_212_172_4_4_0': {'VS': 0.437, 'HS': np.float64(3.353), 'MMD': np.float64(33.468)}, '4-184_212_172_999_4_4_0_0_0_0': {'VS': 0.408, 'HS': np.float64(2.982), 'MMD': np.float64(35.586)}}",503,0.13,119.713,0.304,0,0,0,0,0,0,0,0,0,0,0,0,0,0,0,0,0,0,0,0,0
4-184_212_199_999_4_4_0_0_0_0,4,387,2.93,36.11,"{'1-184_': {'VS': 0.567, 'HS': np.float64(1.408), 'MMD': np.float64(38.19)}, '2-184_212_4': {'VS': 0.503, 'HS': np.float64(7.723), 'MMD': np.float64(43.073)}, '3-184_212_199_4_4_0': {'VS': 0.281, 'HS': np.float64(8.437), 'MMD': np.float64(46.038)}, '4-184_212_199_999_4_4_0_0_0_0': {'VS': 0.0, 'HS': 0.0, 'MMD': 0.0}}","{'1-184_': {'VS': 0.989, 'HS': np.float64(1.183), 'MMD': np.float64(29.321)}, '2-184_212_4': {'VS': 0.862, 'HS': np.float64(3.801), 'MMD': np.float64(31.827)}, '3-184_212_199_4_4_0': {'VS': 0.335, 'HS': np.float64(3.401), 'MMD': np.float64(33.982)}, '4-184_212_199_999_4_4_0_0_0_0': {'VS': 0.314, 'HS': np.float64(2.93), 'MMD': np.float64(36.11)}}",387,0.054,116.826,0.278,0,0,0,0,0,0,0,0,0,0,0,0,0,0,0,0,0,0,0,0,0
4-184_212_221_999_4_4_0_0_0_0,4,353,3.442,35.501,"{'1-184_': {'VS': 0.567, 'HS': np.float64(1.408), 'MMD': np.float64(38.19)}, '2-184_212_4': {'VS': 0.503, 'HS': np.float64(7.723), 'MMD': np.float64(43.073)}, '3-184_212_221_4_4_0': {'VS': 0.241, 'HS': np.float64(10.317), 'MMD': np.float64(45.395)}, '4-184_212_221_999_4_4_0_0_0_0': {'VS': 0.0, 'HS': 0.0, 'MMD': 0.0}}","{'1-184_': {'VS': 0.989, 'HS': np.float64(1.183), 'MMD': np.float64(29.321)}, '2-184_212_4': {'VS': 0.862, 'HS': np.float64(3.801), 'MMD': np.float64(31.827)}, '3-184_212_221_4_4_0': {'VS': 0.306, 'HS': np.float64(4.0), 'MMD': np.float64(33.27)}, '4-184_212_221_999_4_4_0_0_0_0': {'VS': 0.286, 'HS': np.float64(3.442), 'MMD': np.float64(35.501)}}",353,0.065,117.382,0.282,0,0,0,0,0,0,0,0,0,0,0,0,0,0,0,0,0,0,0,0,0
4-184_212_169_999_4_4_0_0_0_0,4,373,3.038,35.874,"{'1-184_': {'VS': 0.567, 'HS': np.float64(1.408), 'MMD': np.float64(38.19)}, '2-184_212_4': {'VS': 0.503, 'HS': np.float64(7.723), 'MMD': np.float64(43.073)}, '3-184_212_169_4_4_0': {'VS': 0.212, 'HS': np.float64(6.681), 'MMD': np.float64(45.668)}, '4-184_212_169_999_4_4_0_0_0_0': {'VS': 0.0, 'HS': 0.0, 'MMD': 0.0}}","{'1-184_': {'VS': 0.989, 'HS': np.float64(1.183), 'MMD': np.float64(29.321)}, '2-184_212_4': {'VS': 0.862, 'HS': np.float64(3.801), 'MMD': np.float64(31.827)}, '3-184_212_169_4_4_0': {'VS': 0.32, 'HS': np.float64(3.392), 'MMD': np.float64(33.756)}, '4-184_212_169_999_4_4_0_0_0_0': {'VS': 0.302, 'HS': np.float64(3.038), 'MMD': np.float64(35.874)}}",373,0.108,115.676,0.296,0,0,0,0,0,0,0,0,0,0,0,0,0,0,0,0,0,0,0,0,0
3-184_212_999_4_0_0,3,1054,3.502,34.344,"{'1-184_': {'VS': 0.567, 'HS': np.float64(1.408), 'MMD': np.float64(38.19)}, '2-184_212_4': {'VS': 0.503, 'HS': np.float64(7.723), 'MMD': np.float64(43.073)}, '3-184_212_999_4_0_0': {'VS': 0.0, 'HS': 0.0, 'MMD': 0.0}}","{'1-184_': {'VS': 0.989, 'HS': np.float64(1.183), 'MMD': np.float64(29.321)}, '2-184_212_4': {'VS': 0.862, 'HS': np.float64(3.801), 'MMD': np.float64(31.827)}, '3-184_212_999_4_0_0': {'VS': 0.854, 'HS': np.float64(3.502), 'MMD': np.float64(34.344)}}",1054,0.359,102.566,0.391,0,0,0,0,1,1,0,0,1,0,0,0,0,0,0,0,1,0,0,0,1
4-184_212_157_999_4_4_0_0_0_0,4,345,2.896,35.661,"{'1-184_': {'VS': 0.567, 'HS': np.float64(1.408), 'MMD': np.float64(38.19)}, '2-184_212_4': {'VS': 0.503, 'HS': np.float64(7.723), 'MMD': np.float64(43.073)}, '3-184_212_157_4_4_0': {'VS': 0.236, 'HS': np.float64(7.256), 'MMD': np.float64(46.647)}, '4-184_212_157_999_4_4_0_0_0_0': {'VS': 0.0, 'HS': 0.0, 'MMD': 0.0}}","{'1-184_': {'VS': 0.989, 'HS': np.float64(1.183), 'MMD': np.float64(29.321)}, '2-184_212_4': {'VS': 0.862, 'HS': np.float64(3.801), 'MMD': np.float64(31.827)}, '3-184_212_157_4_4_0': {'VS': 0.296, 'HS': np.float64(3.279), 'MMD': np.float64(33.532)}, '4-184_212_157_999_4_4_0_0_0_0': {'VS': 0.28, 'HS': np.float64(2.896), 'MMD': np.float64(35.661)}}",345,0.06,125.712,0.28,0,0,0,0,0,0,0,0,0,0,0,0,1,0,0,0,0,0,0,0,1
4-184_212_178_999_4_4_0_0_0_0,4,342,3.135,35.605,"{'1-184_': {'VS': 0.567, 'HS': np.float64(1.408), 'MMD': np.float64(38.19)}, '2-184_212_4': {'VS': 0.503, 'HS': np.float64(7.723), 'MMD': np.float64(43.073)}, '3-184_212_178_4_4_0': {'VS': 0.146, 'HS': np.float64(4.523), 'MMD': np.float64(45.629)}, '4-184_212_178_999_4_4_0_0_0_0': {'VS': 0.0, 'HS': 0.0, 'MMD': 0.0}}","{'1-184_': {'VS': 0.989, 'HS': np.float64(1.183), 'MMD': np.float64(29.321)}, '2-184_212_4': {'VS': 0.862, 'HS': np.float64(3.801), 'MMD': np.float64(31.827)}, '3-184_212_178_4_4_0': {'VS': 0.288, 'HS': np.float64(3.487), 'MMD': np.float64(33.586)}, '4-184_212_178_999_4_4_0_0_0_0': {'VS': 0.277, 'HS': np.float64(3.135), 'MMD': np.float64(35.605)}}",342,0.142,116.722,0.308,0,0,0,0,0,0,0,0,0,0,0,0,0,0,0,0,0,0,0,0,0
4-184_212_215_999_4_4_0_0_0_0,4,325,4.735,35.797,"{'1-184_': {'VS': 0.567, 'HS': np.float64(1.408), 'MMD': np.float64(38.19)}, '2-184_212_4': {'VS': 0.503, 'HS': np.float64(7.723), 'MMD': np.float64(43.073)}, '3-184_212_215_4_4_0': {'VS': 0.212, 'HS': np.float64(13.88), 'MMD': np.float64(45.438)}, '4-184_212_215_999_4_4_0_0_0_0': {'VS': 0.0, 'HS': 0.0, 'MMD': 0.0}}","{'1-184_': {'VS': 0.989, 'HS': np.float64(1.183), 'MMD': np.float64(29.321)}, '2-184_212_4': {'VS': 0.862, 'HS': np.float64(3.801), 'MMD': np.float64(31.827)}, '3-184_212_215_4_4_0': {'VS': 0.278, 'HS': np.float64(5.472), 'MMD': np.float64(33.55)}, '4-184_212_215_999_4_4_0_0_0_0': {'VS': 0.263, 'HS': np.float64(4.735), 'MMD': np.float64(35.797)}}",325,0.066,115.485,0.282,0,0,0,0,0,0,0,0,0,0,0,0,0,0,0,0,0,0,0,0,0
4-184_212_136_999_4_4_0_0_0_0,4,258,2.605,35.275,"{'1-184_': {'VS': 0.567, 'HS': np.float64(1.408), 'MMD': np.float64(38.19)}, '2-184_212_4': {'VS': 0.503, 'HS': np.float64(7.723), 'MMD': np.float64(43.073)}, '3-184_212_136_4_4_0': {'VS': 0.044, 'HS': np.float64(4.981), 'MMD': np.float64(40.392)}, '4-184_212_136_999_4_4_0_0_0_0': {'VS': 0.0, 'HS': 0.0, 'MMD': 0.0}}","{'1-184_': {'VS': 0.989, 'HS': np.float64(1.183), 'MMD': np.float64(29.321)}, '2-184_212_4': {'VS': 0.862, 'HS': np.float64(3.801), 'MMD': np.float64(31.827)}, '3-184_212_136_4_4_0': {'VS': 0.229, 'HS': np.float64(2.951), 'MMD': np.float64(33.104)}, '4-184_212_136_999_4_4_0_0_0_0': {'VS': 0.209, 'HS': np.float64(2.605), 'MMD': np.float64(35.275)}}",258,0.185,86.082,0.322,0,0,0,0,0,0,0,0,0,0,0,0,0,0,0,0,0,0,0,0,0
3-184_220_999_3_0_0,3,296,1.01,33.579,"{'1-184_': {'VS': 0.567, 'HS': np.float64(1.408), 'MMD': np.float64(38.19)}, '2-184_220_3': {'VS': 0.108, 'HS': np.float64(1.02), 'MMD': np.float64(41.93)}, '3-184_220_999_3_0_0': {'VS': 0.0, 'HS': 0.0, 'MMD': 0.0}}","{'1-184_': {'VS': 0.989, 'HS': np.float64(1.183), 'MMD': np.float64(29.321)}, '2-184_220_3': {'VS': 0.241, 'HS': np.float64(1.013), 'MMD': np.float64(31.29)}, '3-184_220_999_3_0_0': {'VS': 0.24, 'HS': np.float64(1.01), 'MMD': np.float64(33.579)}}",296,0.133,95.934,0.278,0,0,0,0,0,0,0,0,0,0,0,0,0,0,0,0,0,0,0,0,0
4-184_220_225_999_4_4_0_0_0_0,4,287,2.47,35.906,"{'1-184_': {'VS': 0.567, 'HS': np.float64(1.408), 'MMD': np.float64(38.19)}, '2-184_220_4': {'VS': 0.317, 'HS': np.float64(3.403), 'MMD': np.float64(43.491)}, '3-184_220_225_4_4_0': {'VS': 0.055, 'HS': np.float64(5.817), 'MMD': np.float64(41.038)}, '4-184_220_225_999_4_4_0_0_0_0': {'VS': 0.0, 'HS': 0.0, 'MMD': 0.0}}","{'1-184_': {'VS': 0.989, 'HS': np.float64(1.183), 'MMD': np.float64(29.321)}, '2-184_220_4': {'VS': 0.508, 'HS': np.float64(2.011), 'MMD': np.float64(32.53)}, '3-184_220_225_4_4_0': {'VS': 0.254, 'HS': np.float64(2.831), 'MMD': np.float64(33.704)}, '4-184_220_225_999_4_4_0_0_0_0': {'VS': 0.233, 'HS': np.float64(2.47), 'MMD': np.float64(35.906)}}",287,0.199,84.197,0.271,0,0,0,0,0,0,0,0,0,0,0,0,0,0,0,0,0,0,0,0,0
4-184_220_212_999_4_4_0_0_0_0,4,429,3.324,36.204,"{'1-184_': {'VS': 0.567, 'HS': np.float64(1.408), 'MMD': np.float64(38.19)}, '2-184_220_4': {'VS': 0.317, 'HS': np.float64(3.403), 'MMD': np.float64(43.491)}, '3-184_220_212_4_4_0': {'VS': 0.276, 'HS': np.float64(9.535), 'MMD': np.float64(45.418)}, '4-184_220_212_999_4_4_0_0_0_0': {'VS': 0.0, 'HS': 0.0, 'MMD': 0.0}}","{'1-184_': {'VS': 0.989, 'HS': np.float64(1.183), 'MMD': np.float64(29.321)}, '2-184_220_4': {'VS': 0.508, 'HS': np.float64(2.011), 'MMD': np.float64(32.53)}, '3-184_220_212_4_4_0': {'VS': 0.37, 'HS': np.float64(3.873), 'MMD': np.float64(33.957)}, '4-184_220_212_999_4_4_0_0_0_0': {'VS': 0.348, 'HS': np.float64(3.324), 'MMD': np.float64(36.204)}}",429,0.094,110.052,0.236,0,0,0,0,0,0,0,0,0,0,0,0,0,0,0,0,0,0,0,0,0
4-184_220_224_999_4_4_0_0_0_0,4,256,2.281,36.141,"{'1-184_': {'VS': 0.567, 'HS': np.float64(1.408), 'MMD': np.float64(38.19)}, '2-184_220_4': {'VS': 0.317, 'HS': np.float64(3.403), 'MMD': np.float64(43.491)}, '3-184_220_224_4_4_0': {'VS': 0.06, 'HS': np.float64(5.809), 'MMD': np.float64(41.426)}, '4-184_220_224_999_4_4_0_0_0_0': {'VS': 0.0, 'HS': 0.0, 'MMD': 0.0}}","{'1-184_': {'VS': 0.989, 'HS': np.float64(1.183), 'MMD': np.float64(29.321)}, '2-184_220_4': {'VS': 0.508, 'HS': np.float64(2.011), 'MMD': np.float64(32.53)}, '3-184_220_224_4_4_0': {'VS': 0.229, 'HS': np.float64(2.652), 'MMD': np.float64(34.089)}, '4-184_220_224_999_4_4_0_0_0_0': {'VS': 0.207, 'HS': np.float64(2.281), 'MMD': np.float64(36.141)}}",256,0.169,84.211,0.261,0,0,0,0,0,0,0,0,0,0,0,0,0,0,0,0,0,0,0,0,0
4-184_220_213_999_4_4_0_0_0_0,4,412,3.163,36.354,"{'1-184_': {'VS': 0.567, 'HS': np.float64(1.408), 'MMD': np.float64(38.19)}, '2-184_220_4': {'VS': 0.317, 'HS': np.float64(3.403), 'MMD': np.float64(43.491)}, '3-184_220_213_4_4_0': {'VS': 0.258, 'HS': np.float64(9.059), 'MMD': np.float64(45.426)}, '4-184_220_213_999_4_4_0_0_0_0': {'VS': 0.0, 'HS': 0.0, 'MMD': 0.0}}","{'1-184_': {'VS': 0.989, 'HS': np.float64(1.183), 'MMD': np.float64(29.321)}, '2-184_220_4': {'VS': 0.508, 'HS': np.float64(2.011), 'MMD': np.float64(32.53)}, '3-184_220_213_4_4_0': {'VS': 0.353, 'HS': np.float64(3.715), 'MMD': np.float64(34.109)}, '4-184_220_213_999_4_4_0_0_0_0': {'VS': 0.334, 'HS': np.float64(3.163), 'MMD': np.float64(36.354)}}",412,0.095,108.959,0.236,0,0,0,0,0,0,0,0,0,0,0,0,0,0,0,0,0,0,0,0,0
3-184_220_999_4_0_0,3,611,1.887,35.024,"{'1-184_': {'VS': 0.567, 'HS': np.float64(1.408), 'MMD': np.float64(38.19)}, '2-184_220_4': {'VS': 0.317, 'HS': np.float64(3.403), 'MMD': np.float64(43.491)}, '3-184_220_999_4_0_0': {'VS': 0.0, 'HS': 0.0, 'MMD': 0.0}}","{'1-184_': {'VS': 0.989, 'HS': np.float64(1.183), 'MMD': np.float64(29.321)}, '2-184_220_4': {'VS': 0.508, 'HS': np.float64(2.011), 'MMD': np.float64(32.53)}, '3-184_220_999_4_0_0': {'VS': 0.495, 'HS': np.float64(1.887), 'MMD': np.float64(35.024)}}",611,0.191,99.401,0.306,0,0,0,0,0,0,0,0,0,0,0,0,0,0,0,0,0,0,0,0,0
3-184_208_999_3_0_0,3,303,1.003,34.734,"{'1-184_': {'VS': 0.567, 'HS': np.float64(1.408), 'MMD': np.float64(38.19)}, '2-184_208_3': {'VS': 0.112, 'HS': np.float64(1.023), 'MMD': np.float64(41.485)}, '3-184_208_999_3_0_0': {'VS': 0.0, 'HS': 0.0, 'MMD': 0.0}}","{'1-184_': {'VS': 0.989, 'HS': np.float64(1.183), 'MMD': np.float64(29.321)}, '2-184_208_3': {'VS': 0.249, 'HS': np.float64(1.003), 'MMD': np.float64(32.052)}, '3-184_208_999_3_0_0': {'VS': 0.246, 'HS': np.float64(1.003), 'MMD': np.float64(34.734)}}",303,0.137,83.82,0.28,0,0,0,0,0,0,0,0,0,0,0,0,0,0,0,0,0,0,0,0,0
4-184_208_202_999_4_4_0_0_0_0,4,290,1.645,36.31,"{'1-184_': {'VS': 0.567, 'HS': np.float64(1.408), 'MMD': np.float64(38.19)}, '2-184_208_4': {'VS': 0.356, 'HS': np.float64(3.061), 'MMD': np.float64(43.686)}, '3-184_208_202_4_4_0': {'VS': 0.233, 'HS': np.float64(3.904), 'MMD': np.float64(46.648)}, '4-184_208_202_999_4_4_0_0_0_0': {'VS': 0.0, 'HS': 0.0, 'MMD': 0.0}}","{'1-184_': {'VS': 0.989, 'HS': np.float64(1.183), 'MMD': np.float64(29.321)}, '2-184_208_4': {'VS': 0.577, 'HS': np.float64(1.819), 'MMD': np.float64(32.382)}, '3-184_208_202_4_4_0': {'VS': 0.255, 'HS': np.float64(1.895), 'MMD': np.float64(34.225)}, '4-184_208_202_999_4_4_0_0_0_0': {'VS': 0.235, 'HS': np.float64(1.645), 'MMD': np.float64(36.31)}}",290,0.022,120.257,0.222,0,0,0,0,0,0,0,0,0,0,0,0,0,0,0,0,0,0,0,0,0
4-184_208_225_999_4_4_0_0_0_0,4,299,2.314,35.9,"{'1-184_': {'VS': 0.567, 'HS': np.float64(1.408), 'MMD': np.float64(38.19)}, '2-184_208_4': {'VS': 0.356, 'HS': np.float64(3.061), 'MMD': np.float64(43.686)}, '3-184_208_225_4_4_0': {'VS': 0.062, 'HS': np.float64(4.367), 'MMD': np.float64(41.85)}, '4-184_208_225_999_4_4_0_0_0_0': {'VS': 0.0, 'HS': 0.0, 'MMD': 0.0}}","{'1-184_': {'VS': 0.989, 'HS': np.float64(1.183), 'MMD': np.float64(29.321)}, '2-184_208_4': {'VS': 0.577, 'HS': np.float64(1.819), 'MMD': np.float64(32.382)}, '3-184_208_225_4_4_0': {'VS': 0.267, 'HS': np.float64(2.63), 'MMD': np.float64(33.818)}, '4-184_208_225_999_4_4_0_0_0_0': {'VS': 0.242, 'HS': np.float64(2.314), 'MMD': np.float64(35.9)}}",299,0.205,90.318,0.283,0,0,0,0,0,0,0,0,0,0,0,0,0,0,0,0,0,0,0,0,0
4-184_208_212_999_4_4_0_0_0_0,4,467,2.869,36.084,"{'1-184_': {'VS': 0.567, 'HS': np.float64(1.408), 'MMD': np.float64(38.19)}, '2-184_208_4': {'VS': 0.356, 'HS': np.float64(3.061), 'MMD': np.float64(43.686)}, '3-184_208_212_4_4_0': {'VS': 0.309, 'HS': np.float64(8.441), 'MMD': np.float64(45.857)}, '4-184_208_212_999_4_4_0_0_0_0': {'VS': 0.0, 'HS': 0.0, 'MMD': 0.0}}","{'1-184_': {'VS': 0.989, 'HS': np.float64(1.183), 'MMD': np.float64(29.321)}, '2-184_208_4': {'VS': 0.577, 'HS': np.float64(1.819), 'MMD': np.float64(32.382)}, '3-184_208_212_4_4_0': {'VS': 0.405, 'HS': np.float64(3.446), 'MMD': np.float64(33.989)}, '4-184_208_212_999_4_4_0_0_0_0': {'VS': 0.378, 'HS': np.float64(2.869), 'MMD': np.float64(36.084)}}",467,0.096,115.763,0.246,0,0,0,0,0,0,0,0,0,0,0,0,0,0,0,0,0,0,0,0,0
4-184_208_224_999_4_4_0_0_0_0,4,276,2.207,36.098,"{'1-184_': {'VS': 0.567, 'HS': np.float64(1.408), 'MMD': np.float64(38.19)}, '2-184_208_4': {'VS': 0.356, 'HS': np.float64(3.061), 'MMD': np.float64(43.686)}, '3-184_208_224_4_4_0': {'VS': 0.064, 'HS': np.float64(4.553), 'MMD': np.float64(41.849)}, '4-184_208_224_999_4_4_0_0_0_0': {'VS': 0.0, 'HS': 0.0, 'MMD': 0.0}}","{'1-184_': {'VS': 0.989, 'HS': np.float64(1.183), 'MMD': np.float64(29.321)}, '2-184_208_4': {'VS': 0.577, 'HS': np.float64(1.819), 'MMD': np.float64(32.382)}, '3-184_208_224_4_4_0': {'VS': 0.253, 'HS': np.float64(2.49), 'MMD': np.float64(34.183)}, '4-184_208_224_999_4_4_0_0_0_0': {'VS': 0.224, 'HS': np.float64(2.207), 'MMD': np.float64(36.098)}}",276,0.189,88.402,0.277,0,0,0,0,0,0,0,0,0,0,0,0,0,0,0,0,0,0,0,0,0
4-184_208_213_999_4_4_0_0_0_0,4,455,2.743,36.011,"{'1-184_': {'VS': 0.567, 'HS': np.float64(1.408), 'MMD': np.float64(38.19)}, '2-184_208_4': {'VS': 0.356, 'HS': np.float64(3.061), 'MMD': np.float64(43.686)}, '3-184_208_213_4_4_0': {'VS': 0.29, 'HS': np.float64(8.08), 'MMD': np.float64(45.735)}, '4-184_208_213_999_4_4_0_0_0_0': {'VS': 0.0, 'HS': 0.0, 'MMD': 0.0}}","{'1-184_': {'VS': 0.989, 'HS': np.float64(1.183), 'MMD': np.float64(29.321)}, '2-184_208_4': {'VS': 0.577, 'HS': np.float64(1.819), 'MMD': np.float64(32.382)}, '3-184_208_213_4_4_0': {'VS': 0.397, 'HS': np.float64(3.243), 'MMD': np.float64(33.844)}, '4-184_208_213_999_4_4_0_0_0_0': {'VS': 0.369, 'HS': np.float64(2.743), 'MMD': np.float64(36.011)}}",455,0.107,115.945,0.25,0,0,0,0,0,0,0,0,0,0,0,0,0,0,0,0,0,0,0,0,0
4-184_208_172_999_4_4_0_0_0_0,4,252,1.694,35.802,"{'1-184_': {'VS': 0.567, 'HS': np.float64(1.408), 'MMD': np.float64(38.19)}, '2-184_208_4': {'VS': 0.356, 'HS': np.float64(3.061), 'MMD': np.float64(43.686)}, '3-184_208_172_4_4_0': {'VS': 0.191, 'HS': np.float64(3.049), 'MMD': np.float64(46.442)}, '4-184_208_172_999_4_4_0_0_0_0': {'VS': 0.0, 'HS': 0.0, 'MMD': 0.0}}","{'1-184_': {'VS': 0.989, 'HS': np.float64(1.183), 'MMD': np.float64(29.321)}, '2-184_208_4': {'VS': 0.577, 'HS': np.float64(1.819), 'MMD': np.float64(32.382)}, '3-184_208_172_4_4_0': {'VS': 0.228, 'HS': np.float64(1.843), 'MMD': np.float64(33.769)}, '4-184_208_172_999_4_4_0_0_0_0': {'VS': 0.204, 'HS': np.float64(1.694), 'MMD': np.float64(35.802)}}",252,0.037,122.348,0.227,0,0,0,0,0,0,0,0,0,0,0,0,0,0,0,0,0,0,0,0,0
3-184_208_999_4_0_0,3,698,1.693,34.814,"{'1-184_': {'VS': 0.567, 'HS': np.float64(1.408), 'MMD': np.float64(38.19)}, '2-184_208_4': {'VS': 0.356, 'HS': np.float64(3.061), 'MMD': np.float64(43.686)}, '3-184_208_999_4_0_0': {'VS': 0.0, 'HS': 0.0, 'MMD': 0.0}}","{'1-184_': {'VS': 0.989, 'HS': np.float64(1.183), 'MMD': np.float64(29.321)}, '2-184_208_4': {'VS': 0.577, 'HS': np.float64(1.819), 'MMD': np.float64(32.382)}, '3-184_208_999_4_0_0': {'VS': 0.566, 'HS': np.float64(1.693), 'MMD': np.float64(34.814)}}",698,0.221,103.22,0.322,0,0,0,0,1,0,0,0,0,0,0,0,0,0,0,0,0,0,0,0,1
4-184_196_212_999_4_4_0_0_0_0,4,352,2.486,35.432,"{'1-184_': {'VS': 0.567, 'HS': np.float64(1.408), 'MMD': np.float64(38.19)}, '2-184_196_4': {'VS': 0.264, 'HS': np.float64(2.393), 'MMD': np.float64(44.123)}, '3-184_196_212_4_4_0': {'VS': 0.233, 'HS': np.float64(6.784), 'MMD': np.float64(46.154)}, '4-184_196_212_999_4_4_0_0_0_0': {'VS': 0.0, 'HS': 0.0, 'MMD': 0.0}}","{'1-184_': {'VS': 0.989, 'HS': np.float64(1.183), 'MMD': np.float64(29.321)}, '2-184_196_4': {'VS': 0.459, 'HS': np.float64(1.541), 'MMD': np.float64(31.864)}, '3-184_196_212_4_4_0': {'VS': 0.31, 'HS': np.float64(2.853), 'MMD': np.float64(33.26)}, '4-184_196_212_999_4_4_0_0_0_0': {'VS': 0.285, 'HS': np.float64(2.486), 'MMD': np.float64(35.432)}}",352,0.077,131.732,0.231,0,0,0,0,0,0,0,0,0,0,0,0,1,0,0,0,0,0,0,0,1
4-184_196_213_999_4_4_0_0_0_0,4,327,2.352,35.538,"{'1-184_': {'VS': 0.567, 'HS': np.float64(1.408), 'MMD': np.float64(38.19)}, '2-184_196_4': {'VS': 0.264, 'HS': np.float64(2.393), 'MMD': np.float64(44.123)}, '3-184_196_213_4_4_0': {'VS': 0.218, 'HS': np.float64(6.375), 'MMD': np.float64(45.962)}, '4-184_196_213_999_4_4_0_0_0_0': {'VS': 0.0, 'HS': 0.0, 'MMD': 0.0}}","{'1-184_': {'VS': 0.989, 'HS': np.float64(1.183), 'MMD': np.float64(29.321)}, '2-184_196_4': {'VS': 0.459, 'HS': np.float64(1.541), 'MMD': np.float64(31.864)}, '3-184_196_213_4_4_0': {'VS': 0.287, 'HS': np.float64(2.757), 'MMD': np.float64(33.388)}, '4-184_196_213_999_4_4_0_0_0_0': {'VS': 0.265, 'HS': np.float64(2.352), 'MMD': np.float64(35.538)}}",327,0.069,129.016,0.229,0,0,0,0,0,0,0,0,0,0,0,0,1,0,0,0,0,0,0,0,1
3-184_196_999_4_0_0,3,545,1.475,34.287,"{'1-184_': {'VS': 0.567, 'HS': np.float64(1.408), 'MMD': np.float64(38.19)}, '2-184_196_4': {'VS': 0.264, 'HS': np.float64(2.393), 'MMD': np.float64(44.123)}, '3-184_196_999_4_0_0': {'VS': 0.0, 'HS': 0.0, 'MMD': 0.0}}","{'1-184_': {'VS': 0.989, 'HS': np.float64(1.183), 'MMD': np.float64(29.321)}, '2-184_196_4': {'VS': 0.459, 'HS': np.float64(1.541), 'MMD': np.float64(31.864)}, '3-184_196_999_4_0_0': {'VS': 0.442, 'HS': np.float64(1.475), 'MMD': np.float64(34.287)}}",545,0.195,114.471,0.308,0,0,0,0,0,0,0,0,0,0,0,0,0,0,0,0,0,0,0,0,0
3-184_224_999_3_0_0,3,516,1.017,33.975,"{'1-184_': {'VS': 0.567, 'HS': np.float64(1.408), 'MMD': np.float64(38.19)}, '2-184_224_3': {'VS': 0.054, 'HS': np.float64(1.016), 'MMD': np.float64(34.469)}, '3-184_224_999_3_0_0': {'VS': 0.0, 'HS': 0.0, 'MMD': 0.0}}","{'1-184_': {'VS': 0.989, 'HS': np.float64(1.183), 'MMD': np.float64(29.321)}, '2-184_224_3': {'VS': 0.422, 'HS': np.float64(1.017), 'MMD': np.float64(31.216)}, '3-184_224_999_3_0_0': {'VS': 0.418, 'HS': np.float64(1.017), 'MMD': np.float64(33.975)}}",516,0.368,44.621,0.395,0,0,0,0,0,0,0,0,1,1,0,0,0,0,0,0,1,0,0,0,1
4-184_224_202_999_4_4_0_0_0_0,4,353,2.354,36.193,"{'1-184_': {'VS': 0.567, 'HS': np.float64(1.408), 'MMD': np.float64(38.19)}, '2-184_224_4': {'VS': 0.126, 'HS': np.float64(3.786), 'MMD': np.float64(37.073)}, '3-184_224_202_4_4_0': {'VS': 0.077, 'HS': np.float64(4.819), 'MMD': np.float64(41.892)}, '4-184_224_202_999_4_4_0_0_0_0': {'VS': 0.0, 'HS': 0.0, 'MMD': 0.0}}","{'1-184_': {'VS': 0.989, 'HS': np.float64(1.183), 'MMD': np.float64(29.321)}, '2-184_224_4': {'VS': 0.673, 'HS': np.float64(2.707), 'MMD': np.float64(32.391)}, '3-184_224_202_4_4_0': {'VS': 0.31, 'HS': np.float64(2.654), 'MMD': np.float64(33.955)}, '4-184_224_202_999_4_4_0_0_0_0': {'VS': 0.286, 'HS': np.float64(2.354), 'MMD': np.float64(36.193)}}",353,0.233,54.525,0.401,0,0,0,0,0,0,0,0,0,0,0,0,0,0,0,0,1,1,0,0,1
4-184_224_212_999_4_3_0_0_0_0,4,314,2.28,35.868,"{'1-184_': {'VS': 0.567, 'HS': np.float64(1.408), 'MMD': np.float64(38.19)}, '2-184_224_4': {'VS': 0.126, 'HS': np.float64(3.786), 'MMD': np.float64(37.073)}, '3-184_224_212_4_3_0': {'VS': 0.028, 'HS': np.float64(2.409), 'MMD': np.float64(39.53)}, '4-184_224_212_999_4_3_0_0_0_0': {'VS': 0.0, 'HS': 0.0, 'MMD': 0.0}}","{'1-184_': {'VS': 0.989, 'HS': np.float64(1.183), 'MMD': np.float64(29.321)}, '2-184_224_4': {'VS': 0.673, 'HS': np.float64(2.707), 'MMD': np.float64(32.391)}, '3-184_224_212_4_3_0': {'VS': 0.263, 'HS': np.float64(2.463), 'MMD': np.float64(33.59)}, '4-184_224_212_999_4_3_0_0_0_0': {'VS': 0.254, 'HS': np.float64(2.28), 'MMD': np.float64(35.868)}}",314,0.235,45.288,0.401,0,0,0,0,0,0,0,0,0,0,0,0,0,0,0,0,1,1,0,0,1
4-184_224_212_999_4_4_0_0_0_0,4,610,4.154,35.998,"{'1-184_': {'VS': 0.567, 'HS': np.float64(1.408), 'MMD': np.float64(38.19)}, '2-184_224_4': {'VS': 0.126, 'HS': np.float64(3.786), 'MMD': np.float64(37.073)}, '3-184_224_212_4_4_0': {'VS': 0.104, 'HS': np.float64(10.469), 'MMD': np.float64(40.204)}, '4-184_224_212_999_4_4_0_0_0_0': {'VS': 0.0, 'HS': 0.0, 'MMD': 0.0}}","{'1-184_': {'VS': 0.989, 'HS': np.float64(1.183), 'MMD': np.float64(29.321)}, '2-184_224_4': {'VS': 0.673, 'HS': np.float64(2.707), 'MMD': np.float64(32.391)}, '3-184_224_212_4_4_0': {'VS': 0.52, 'HS': np.float64(4.849), 'MMD': np.float64(33.767)}, '4-184_224_212_999_4_4_0_0_0_0': {'VS': 0.494, 'HS': np.float64(4.154), 'MMD': np.float64(35.998)}}",610,0.416,47.338,0.462,0,0,0,0,0,0,0,0,1,1,1,0,0,0,0,0,1,1,1,0,1
4-184_224_212_999_4_4_1_0_0_0,4,255,1.243,36.2,"{'1-184_': {'VS': 0.567, 'HS': np.float64(1.408), 'MMD': np.float64(38.19)}, '2-184_224_4': {'VS': 0.126, 'HS': np.float64(3.786), 'MMD': np.float64(37.073)}, '3-184_224_212_4_4_1': {'VS': 0.05, 'HS': np.float64(1.563), 'MMD': np.float64(42.487)}, '4-184_224_212_999_4_4_1_0_0_0': {'VS': 0.0, 'HS': 0.0, 'MMD': 0.0}}","{'1-184_': {'VS': 0.989, 'HS': np.float64(1.183), 'MMD': np.float64(29.321)}, '2-184_224_4': {'VS': 0.673, 'HS': np.float64(2.707), 'MMD': np.float64(32.391)}, '3-184_224_212_4_4_1': {'VS': 0.224, 'HS': np.float64(1.268), 'MMD': np.float64(34.072)}, '4-184_224_212_999_4_4_1_0_0_0': {'VS': 0.207, 'HS': np.float64(1.243), 'MMD': np.float64(36.2)}}",255,0.174,57.131,0.381,0,0,0,0,0,0,0,0,0,0,0,0,0,0,0,0,1,0,0,0,1
4-184_224_212_999_4_4_4_0_0_0,4,324,1.806,36.991,"{'1-184_': {'VS': 0.567, 'HS': np.float64(1.408), 'MMD': np.float64(38.19)}, '2-184_224_4': {'VS': 0.126, 'HS': np.float64(3.786), 'MMD': np.float64(37.073)}, '3-184_224_212_4_4_4': {'VS': 0.065, 'HS': np.float64(3.065), 'MMD': np.float64(42.727)}, '4-184_224_212_999_4_4_4_0_0_0': {'VS': 0.0, 'HS': 0.0, 'MMD': 0.0}}","{'1-184_': {'VS': 0.989, 'HS': np.float64(1.183), 'MMD': np.float64(29.321)}, '2-184_224_4': {'VS': 0.673, 'HS': np.float64(2.707), 'MMD': np.float64(32.391)}, '3-184_224_212_4_4_4': {'VS': 0.28, 'HS': np.float64(1.916), 'MMD': np.float64(34.697)}, '4-184_224_212_999_4_4_4_0_0_0': {'VS': 0.263, 'HS': np.float64(1.806), 'MMD': np.float64(36.991)}}",324,0.215,55.02,0.395,0,0,0,0,0,0,0,0,0,0,0,0,0,0,0,0,1,0,0,0,1
4-184_224_220_999_4_4_0_0_0_0,4,283,2.413,36.385,"{'1-184_': {'VS': 0.567, 'HS': np.float64(1.408), 'MMD': np.float64(38.19)}, '2-184_224_4': {'VS': 0.126, 'HS': np.float64(3.786), 'MMD': np.float64(37.073)}, '3-184_224_220_4_4_0': {'VS': 0.062, 'HS': np.float64(5.904), 'MMD': np.float64(42.311)}, '4-184_224_220_999_4_4_0_0_0_0': {'VS': 0.0, 'HS': 0.0, 'MMD': 0.0}}","{'1-184_': {'VS': 0.989, 'HS': np.float64(1.183), 'MMD': np.float64(29.321)}, '2-184_224_4': {'VS': 0.673, 'HS': np.float64(2.707), 'MMD': np.float64(32.391)}, '3-184_224_220_4_4_0': {'VS': 0.251, 'HS': np.float64(2.694), 'MMD': np.float64(34.258)}, '4-184_224_220_999_4_4_0_0_0_0': {'VS': 0.229, 'HS': np.float64(2.413), 'MMD': np.float64(36.385)}}",283,0.189,55.144,0.386,0,0,0,0,0,0,0,0,0,0,0,0,0,0,0,0,1,0,0,0,1
4-184_224_208_999_4_4_0_0_0_0,4,304,2.276,35.74,"{'1-184_': {'VS': 0.567, 'HS': np.float64(1.408), 'MMD': np.float64(38.19)}, '2-184_224_4': {'VS': 0.126, 'HS': np.float64(3.786), 'MMD': np.float64(37.073)}, '3-184_224_208_4_4_0': {'VS': 0.065, 'HS': np.float64(4.63), 'MMD': np.float64(42.662)}, '4-184_224_208_999_4_4_0_0_0_0': {'VS': 0.0, 'HS': 0.0, 'MMD': 0.0}}","{'1-184_': {'VS': 0.989, 'HS': np.float64(1.183), 'MMD': np.float64(29.321)}, '2-184_224_4': {'VS': 0.673, 'HS': np.float64(2.707), 'MMD': np.float64(32.391)}, '3-184_224_208_4_4_0': {'VS': 0.268, 'HS': np.float64(2.511), 'MMD': np.float64(33.616)}, '4-184_224_208_999_4_4_0_0_0_0': {'VS': 0.246, 'HS': np.float64(2.276), 'MMD': np.float64(35.74)}}",304,0.203,60.803,0.391,0,0,0,0,0,0,0,0,0,0,0,0,0,0,0,0,1,0,0,0,1
4-184_224_213_999_4_3_0_0_0_0,4,271,2.362,35.561,"{'1-184_': {'VS': 0.567, 'HS': np.float64(1.408), 'MMD': np.float64(38.19)}, '2-184_224_4': {'VS': 0.126, 'HS': np.float64(3.786), 'MMD': np.float64(37.073)}, '3-184_224_213_4_3_0': {'VS': 0.03, 'HS': np.float64(2.181), 'MMD': np.float64(35.306)}, '4-184_224_213_999_4_3_0_0_0_0': {'VS': 0.0, 'HS': 0.0, 'MMD': 0.0}}","{'1-184_': {'VS': 0.989, 'HS': np.float64(1.183), 'MMD': np.float64(29.321)}, '2-184_224_4': {'VS': 0.673, 'HS': np.float64(2.707), 'MMD': np.float64(32.391)}, '3-184_224_213_4_3_0': {'VS': 0.228, 'HS': np.float64(2.516), 'MMD': np.float64(33.217)}, '4-184_224_213_999_4_3_0_0_0_0': {'VS': 0.22, 'HS': np.float64(2.362), 'MMD': np.float64(35.561)}}",271,0.198,34.981,0.389,0,0,0,0,0,0,0,0,0,0,0,0,0,0,0,0,1,0,0,0,1
4-184_224_213_999_4_4_0_0_0_0,4,579,4.064,36.112,"{'1-184_': {'VS': 0.567, 'HS': np.float64(1.408), 'MMD': np.float64(38.19)}, '2-184_224_4': {'VS': 0.126, 'HS': np.float64(3.786), 'MMD': np.float64(37.073)}, '3-184_224_213_4_4_0': {'VS': 0.095, 'HS': np.float64(9.134), 'MMD': np.float64(40.821)}, '4-184_224_213_999_4_4_0_0_0_0': {'VS': 0.0, 'HS': 0.0, 'MMD': 0.0}}","{'1-184_': {'VS': 0.989, 'HS': np.float64(1.183), 'MMD': np.float64(29.321)}, '2-184_224_4': {'VS': 0.673, 'HS': np.float64(2.707), 'MMD': np.float64(32.391)}, '3-184_224_213_4_4_0': {'VS': 0.497, 'HS': np.float64(4.721), 'MMD': np.float64(33.794)}, '4-184_224_213_999_4_4_0_0_0_0': {'VS': 0.469, 'HS': np.float64(4.064), 'MMD': np.float64(36.112)}}",579,0.402,49.986,0.457,0,0,0,0,0,0,0,0,1,1,0,0,0,0,0,0,1,1,1,0,1
4-184_224_213_999_4_4_1_0_0_0,4,256,1.223,35.654,"{'1-184_': {'VS': 0.567, 'HS': np.float64(1.408), 'MMD': np.float64(38.19)}, '2-184_224_4': {'VS': 0.126, 'HS': np.float64(3.786), 'MMD': np.float64(37.073)}, '3-184_224_213_4_4_1': {'VS': 0.048, 'HS': np.float64(1.354), 'MMD': np.float64(40.916)}, '4-184_224_213_999_4_4_1_0_0_0': {'VS': 0.0, 'HS': 0.0, 'MMD': 0.0}}","{'1-184_': {'VS': 0.989, 'HS': np.float64(1.183), 'MMD': np.float64(29.321)}, '2-184_224_4': {'VS': 0.673, 'HS': np.float64(2.707), 'MMD': np.float64(32.391)}, '3-184_224_213_4_4_1': {'VS': 0.223, 'HS': np.float64(1.258), 'MMD': np.float64(33.349)}, '4-184_224_213_999_4_4_1_0_0_0': {'VS': 0.207, 'HS': np.float64(1.223), 'MMD': np.float64(35.654)}}",256,0.175,52.613,0.381,0,0,0,0,0,0,0,0,0,0,0,0,0,0,0,0,1,0,0,0,1
4-184_224_213_999_4_4_4_0_0_0,4,329,1.699,36.751,"{'1-184_': {'VS': 0.567, 'HS': np.float64(1.408), 'MMD': np.float64(38.19)}, '2-184_224_4': {'VS': 0.126, 'HS': np.float64(3.786), 'MMD': np.float64(37.073)}, '3-184_224_213_4_4_4': {'VS': 0.064, 'HS': np.float64(2.842), 'MMD': np.float64(43.158)}, '4-184_224_213_999_4_4_4_0_0_0': {'VS': 0.0, 'HS': 0.0, 'MMD': 0.0}}","{'1-184_': {'VS': 0.989, 'HS': np.float64(1.183), 'MMD': np.float64(29.321)}, '2-184_224_4': {'VS': 0.673, 'HS': np.float64(2.707), 'MMD': np.float64(32.391)}, '3-184_224_213_4_4_4': {'VS': 0.282, 'HS': np.float64(1.807), 'MMD': np.float64(34.44)}, '4-184_224_213_999_4_4_4_0_0_0': {'VS': 0.267, 'HS': np.float64(1.699), 'MMD': np.float64(36.751)}}",329,0.218,58.861,0.396,0,0,0,0,0,0,0,0,0,0,0,0,0,0,0,0,1,1,0,0,1
4-184_224_172_999_4_4_0_0_0_0,4,342,2.468,35.766,"{'1-184_': {'VS': 0.567, 'HS': np.float64(1.408), 'MMD': np.float64(38.19)}, '2-184_224_4': {'VS': 0.126, 'HS': np.float64(3.786), 'MMD': np.float64(37.073)}, '3-184_224_172_4_4_0': {'VS': 0.073, 'HS': np.float64(4.006), 'MMD': np.float64(41.935)}, '4-184_224_172_999_4_4_0_0_0_0': {'VS': 0.0, 'HS': 0.0, 'MMD': 0.0}}","{'1-184_': {'VS': 0.989, 'HS': np.float64(1.183), 'MMD': np.float64(29.321)}, '2-184_224_4': {'VS': 0.673, 'HS': np.float64(2.707), 'MMD': np.float64(32.391)}, '3-184_224_172_4_4_0': {'VS': 0.301, 'HS': np.float64(2.691), 'MMD': np.float64(33.793)}, '4-184_224_172_999_4_4_0_0_0_0': {'VS': 0.277, 'HS': np.float64(2.468), 'MMD': np.float64(35.766)}}",342,0.228,55.624,0.399,0,0,0,0,0,0,0,0,0,0,0,0,0,0,0,0,1,1,0,0,1
4-184_224_199_999_4_4_0_0_0_0,4,278,2.291,36.381,"{'1-184_': {'VS': 0.567, 'HS': np.float64(1.408), 'MMD': np.float64(38.19)}, '2-184_224_4': {'VS': 0.126, 'HS': np.float64(3.786), 'MMD': np.float64(37.073)}, '3-184_224_199_4_4_0': {'VS': 0.062, 'HS': np.float64(4.694), 'MMD': np.float64(42.229)}, '4-184_224_199_999_4_4_0_0_0_0': {'VS': 0.0, 'HS': 0.0, 'MMD': 0.0}}","{'1-184_': {'VS': 0.989, 'HS': np.float64(1.183), 'MMD': np.float64(29.321)}, '2-184_224_4': {'VS': 0.673, 'HS': np.float64(2.707), 'MMD': np.float64(32.391)}, '3-184_224_199_4_4_0': {'VS': 0.245, 'HS': np.float64(2.609), 'MMD': np.float64(34.172)}, '4-184_224_199_999_4_4_0_0_0_0': {'VS': 0.225, 'HS': np.float64(2.291), 'MMD': np.float64(36.381)}}",278,0.183,55.165,0.384,0,0,0,0,0,0,0,0,0,0,0,0,0,0,0,0,1,0,0,0,1
4-184_224_169_999_4_4_0_0_0_0,4,262,2.366,36.103,"{'1-184_': {'VS': 0.567, 'HS': np.float64(1.408), 'MMD': np.float64(38.19)}, '2-184_224_4': {'VS': 0.126, 'HS': np.float64(3.786), 'MMD': np.float64(37.073)}, '3-184_224_169_4_4_0': {'VS': 0.053, 'HS': np.float64(3.929), 'MMD': np.float64(41.788)}, '4-184_224_169_999_4_4_0_0_0_0': {'VS': 0.0, 'HS': 0.0, 'MMD': 0.0}}","{'1-184_': {'VS': 0.989, 'HS': np.float64(1.183), 'MMD': np.float64(29.321)}, '2-184_224_4': {'VS': 0.673, 'HS': np.float64(2.707), 'MMD': np.float64(32.391)}, '3-184_224_169_4_4_0': {'VS': 0.233, 'HS': np.float64(2.585), 'MMD': np.float64(34.071)}, '4-184_224_169_999_4_4_0_0_0_0': {'VS': 0.212, 'HS': np.float64(2.366), 'MMD': np.float64(36.103)}}",262,0.18,53.377,0.383,0,0,0,0,0,0,0,0,0,0,0,0,0,0,0,0,1,0,0,0,1
3-184_224_999_4_0_0,3,813,2.54,34.974,"{'1-184_': {'VS': 0.567, 'HS': np.float64(1.408), 'MMD': np.float64(38.19)}, '2-184_224_4': {'VS': 0.126, 'HS': np.float64(3.786), 'MMD': np.float64(37.073)}, '3-184_224_999_4_0_0': {'VS': 0.0, 'HS': 0.0, 'MMD': 0.0}}","{'1-184_': {'VS': 0.989, 'HS': np.float64(1.183), 'MMD': np.float64(29.321)}, '2-184_224_4': {'VS': 0.673, 'HS': np.float64(2.707), 'MMD': np.float64(32.391)}, '3-184_224_999_4_0_0': {'VS': 0.659, 'HS': np.float64(2.54), 'MMD': np.float64(34.974)}}",813,0.547,50.29,0.485,0,0,0,0,1,0,0,0,1,1,1,1,0,0,0,0,1,1,1,1,1
4-184_224_178_999_4_4_0_0_0_0,4,249,2.402,35.518,"{'1-184_': {'VS': 0.567, 'HS': np.float64(1.408), 'MMD': np.float64(38.19)}, '2-184_224_4': {'VS': 0.126, 'HS': np.float64(3.786), 'MMD': np.float64(37.073)}, '3-184_224_178_4_4_0': {'VS': 0.038, 'HS': np.float64(2.933), 'MMD': np.float64(41.36)}, '4-184_224_178_999_4_4_0_0_0_0': {'VS': 0.0, 'HS': 0.0, 'MMD': 0.0}}","{'1-184_': {'VS': 0.989, 'HS': np.float64(1.183), 'MMD': np.float64(29.321)}, '2-184_224_4': {'VS': 0.673, 'HS': np.float64(2.707), 'MMD': np.float64(32.391)}, '3-184_224_178_4_4_0': {'VS': 0.214, 'HS': np.float64(2.564), 'MMD': np.float64(33.591)}, '4-184_224_178_999_4_4_0_0_0_0': {'VS': 0.202, 'HS': np.float64(2.402), 'MMD': np.float64(35.518)}}",249,0.176,53.646,0.382,0,0,0,0,0,0,0,0,0,0,0,0,0,0,0,0,1,0,0,0,1
3-184_222_999_4_0_0,3,307,2.026,34.966,"{'1-184_': {'VS': 0.567, 'HS': np.float64(1.408), 'MMD': np.float64(38.19)}, '2-184_222_4': {'VS': 0.189, 'HS': np.float64(3.594), 'MMD': np.float64(44.425)}, '3-184_222_999_4_0_0': {'VS': 0.0, 'HS': 0.0, 'MMD': 0.0}}","{'1-184_': {'VS': 0.989, 'HS': np.float64(1.183), 'MMD': np.float64(29.321)}, '2-184_222_4': {'VS': 0.256, 'HS': np.float64(2.142), 'MMD': np.float64(32.371)}, '3-184_222_999_4_0_0': {'VS': 0.249, 'HS': np.float64(2.026), 'MMD': np.float64(34.966)}}",307,0.067,111.979,0.245,0,0,0,0,0,0,0,0,0,0,0,0,0,0,0,0,0,0,0,0,0
3-184_213_999_3_0_0,3,465,1.022,33.392,"{'1-184_': {'VS': 0.567, 'HS': np.float64(1.408), 'MMD': np.float64(38.19)}, '2-184_213_3': {'VS': 0.206, 'HS': np.float64(1.047), 'MMD': np.float64(40.734)}, '3-184_213_999_3_0_0': {'VS': 0.0, 'HS': 0.0, 'MMD': 0.0}}","{'1-184_': {'VS': 0.989, 'HS': np.float64(1.183), 'MMD': np.float64(29.321)}, '2-184_213_3': {'VS': 0.378, 'HS': np.float64(1.026), 'MMD': np.float64(30.661)}, '3-184_213_999_3_0_0': {'VS': 0.377, 'HS': np.float64(1.022), 'MMD': np.float64(33.392)}}",465,0.172,90.062,0.297,0,0,0,0,0,0,0,0,0,0,0,0,0,0,0,0,0,0,0,0,0
4-184_213_193_999_4_4_0_0_0_0,4,285,2.818,36.172,"{'1-184_': {'VS': 0.567, 'HS': np.float64(1.408), 'MMD': np.float64(38.19)}, '2-184_213_4': {'VS': 0.484, 'HS': np.float64(7.206), 'MMD': np.float64(43.276)}, '3-184_213_193_4_4_0': {'VS': 0.222, 'HS': np.float64(7.544), 'MMD': np.float64(45.907)}, '4-184_213_193_999_4_4_0_0_0_0': {'VS': 0.0, 'HS': 0.0, 'MMD': 0.0}}","{'1-184_': {'VS': 0.989, 'HS': np.float64(1.183), 'MMD': np.float64(29.321)}, '2-184_213_4': {'VS': 0.831, 'HS': np.float64(3.626), 'MMD': np.float64(31.844)}, '3-184_213_193_4_4_0': {'VS': 0.245, 'HS': np.float64(3.291), 'MMD': np.float64(33.94)}, '4-184_213_193_999_4_4_0_0_0_0': {'VS': 0.231, 'HS': np.float64(2.818), 'MMD': np.float64(36.172)}}",285,0.023,117.52,0.264,0,0,0,0,0,0,0,0,0,0,0,0,0,0,0,0,0,0,0,0,0
4-184_213_214_999_4_3_0_0_0_0,4,272,2.728,35.82,"{'1-184_': {'VS': 0.567, 'HS': np.float64(1.408), 'MMD': np.float64(38.19)}, '2-184_213_4': {'VS': 0.484, 'HS': np.float64(7.206), 'MMD': np.float64(43.276)}, '3-184_213_214_4_3_0': {'VS': 0.17, 'HS': np.float64(3.418), 'MMD': np.float64(45.389)}, '4-184_213_214_999_4_3_0_0_0_0': {'VS': 0.0, 'HS': 0.0, 'MMD': 0.0}}","{'1-184_': {'VS': 0.989, 'HS': np.float64(1.183), 'MMD': np.float64(29.321)}, '2-184_213_4': {'VS': 0.831, 'HS': np.float64(3.626), 'MMD': np.float64(31.844)}, '3-184_213_214_4_3_0': {'VS': 0.234, 'HS': np.float64(2.952), 'MMD': np.float64(33.498)}, '4-184_213_214_999_4_3_0_0_0_0': {'VS': 0.22, 'HS': np.float64(2.728), 'MMD': np.float64(35.82)}}",272,0.064,116.915,0.278,0,0,0,0,0,0,0,0,0,0,0,0,0,0,0,0,0,0,0,0,0
4-184_213_214_999_4_4_0_0_0_0,4,252,4.266,36.091,"{'1-184_': {'VS': 0.567, 'HS': np.float64(1.408), 'MMD': np.float64(38.19)}, '2-184_213_4': {'VS': 0.484, 'HS': np.float64(7.206), 'MMD': np.float64(43.276)}, '3-184_213_214_4_4_0': {'VS': 0.198, 'HS': np.float64(12.722), 'MMD': np.float64(45.822)}, '4-184_213_214_999_4_4_0_0_0_0': {'VS': 0.0, 'HS': 0.0, 'MMD': 0.0}}","{'1-184_': {'VS': 0.989, 'HS': np.float64(1.183), 'MMD': np.float64(29.321)}, '2-184_213_4': {'VS': 0.831, 'HS': np.float64(3.626), 'MMD': np.float64(31.844)}, '3-184_213_214_4_4_0': {'VS': 0.224, 'HS': np.float64(4.866), 'MMD': np.float64(33.815)}, '4-184_213_214_999_4_4_0_0_0_0': {'VS': 0.204, 'HS': np.float64(4.266), 'MMD': np.float64(36.091)}}",252,0.026,117.839,0.265,0,0,0,0,0,0,0,0,0,0,0,0,0,0,0,0,0,0,0,0,0
4-184_213_202_999_4_4_0_0_0_0,4,460,2.876,36.037,"{'1-184_': {'VS': 0.567, 'HS': np.float64(1.408), 'MMD': np.float64(38.19)}, '2-184_213_4': {'VS': 0.484, 'HS': np.float64(7.206), 'MMD': np.float64(43.276)}, '3-184_213_202_4_4_0': {'VS': 0.348, 'HS': np.float64(8.705), 'MMD': np.float64(45.936)}, '4-184_213_202_999_4_4_0_0_0_0': {'VS': 0.0, 'HS': 0.0, 'MMD': 0.0}}","{'1-184_': {'VS': 0.989, 'HS': np.float64(1.183), 'MMD': np.float64(29.321)}, '2-184_213_4': {'VS': 0.831, 'HS': np.float64(3.626), 'MMD': np.float64(31.844)}, '3-184_213_202_4_4_0': {'VS': 0.407, 'HS': np.float64(3.253), 'MMD': np.float64(33.894)}, '4-184_213_202_999_4_4_0_0_0_0': {'VS': 0.373, 'HS': np.float64(2.876), 'MMD': np.float64(36.037)}}",460,0.059,118.12,0.276,0,0,0,0,0,0,0,0,0,0,0,0,0,0,0,0,0,0,0,0,0
4-184_213_225_999_4_4_0_0_0_0,4,561,4.034,36.005,"{'1-184_': {'VS': 0.567, 'HS': np.float64(1.408), 'MMD': np.float64(38.19)}, '2-184_213_4': {'VS': 0.484, 'HS': np.float64(7.206), 'MMD': np.float64(43.276)}, '3-184_213_225_4_4_0': {'VS': 0.094, 'HS': np.float64(9.193), 'MMD': np.float64(40.337)}, '4-184_213_225_999_4_4_0_0_0_0': {'VS': 0.0, 'HS': 0.0, 'MMD': 0.0}}","{'1-184_': {'VS': 0.989, 'HS': np.float64(1.183), 'MMD': np.float64(29.321)}, '2-184_213_4': {'VS': 0.831, 'HS': np.float64(3.626), 'MMD': np.float64(31.844)}, '3-184_213_225_4_4_0': {'VS': 0.478, 'HS': np.float64(4.641), 'MMD': np.float64(33.798)}, '4-184_213_225_999_4_4_0_0_0_0': {'VS': 0.455, 'HS': np.float64(4.034), 'MMD': np.float64(36.005)}}",561,0.384,84.036,0.384,0,0,0,0,0,0,0,0,1,1,0,0,0,0,0,0,1,0,0,0,1
4-184_213_220_999_4_4_0_0_0_0,4,377,3.218,36.119,"{'1-184_': {'VS': 0.567, 'HS': np.float64(1.408), 'MMD': np.float64(38.19)}, '2-184_213_4': {'VS': 0.484, 'HS': np.float64(7.206), 'MMD': np.float64(43.276)}, '3-184_213_220_4_4_0': {'VS': 0.258, 'HS': np.float64(9.27), 'MMD': np.float64(45.998)}, '4-184_213_220_999_4_4_0_0_0_0': {'VS': 0.0, 'HS': 0.0, 'MMD': 0.0}}","{'1-184_': {'VS': 0.989, 'HS': np.float64(1.183), 'MMD': np.float64(29.321)}, '2-184_213_4': {'VS': 0.831, 'HS': np.float64(3.626), 'MMD': np.float64(31.844)}, '3-184_213_220_4_4_0': {'VS': 0.335, 'HS': np.float64(3.584), 'MMD': np.float64(33.907)}, '4-184_213_220_999_4_4_0_0_0_0': {'VS': 0.306, 'HS': np.float64(3.218), 'MMD': np.float64(36.119)}}",377,0.077,118.514,0.282,0,0,0,0,0,0,0,0,0,0,0,0,0,0,0,0,0,0,0,0,0
4-184_213_208_999_4_4_0_0_0_0,4,408,2.755,36.088,"{'1-184_': {'VS': 0.567, 'HS': np.float64(1.408), 'MMD': np.float64(38.19)}, '2-184_213_4': {'VS': 0.484, 'HS': np.float64(7.206), 'MMD': np.float64(43.276)}, '3-184_213_208_4_4_0': {'VS': 0.288, 'HS': np.float64(8.021), 'MMD': np.float64(46.185)}, '4-184_213_208_999_4_4_0_0_0_0': {'VS': 0.0, 'HS': 0.0, 'MMD': 0.0}}","{'1-184_': {'VS': 0.989, 'HS': np.float64(1.183), 'MMD': np.float64(29.321)}, '2-184_213_4': {'VS': 0.831, 'HS': np.float64(3.626), 'MMD': np.float64(31.844)}, '3-184_213_208_4_4_0': {'VS': 0.358, 'HS': np.float64(3.133), 'MMD': np.float64(33.828)}, '4-184_213_208_999_4_4_0_0_0_0': {'VS': 0.331, 'HS': np.float64(2.755), 'MMD': np.float64(36.088)}}",408,0.07,120.682,0.28,0,0,0,0,0,0,0,0,0,0,0,0,0,0,0,0,0,0,0,0,0
4-184_213_196_999_4_4_0_0_0_0,4,341,2.762,35.947,"{'1-184_': {'VS': 0.567, 'HS': np.float64(1.408), 'MMD': np.float64(38.19)}, '2-184_213_4': {'VS': 0.484, 'HS': np.float64(7.206), 'MMD': np.float64(43.276)}, '3-184_213_196_4_4_0': {'VS': 0.216, 'HS': np.float64(6.722), 'MMD': np.float64(46.427)}, '4-184_213_196_999_4_4_0_0_0_0': {'VS': 0.0, 'HS': 0.0, 'MMD': 0.0}}","{'1-184_': {'VS': 0.989, 'HS': np.float64(1.183), 'MMD': np.float64(29.321)}, '2-184_213_4': {'VS': 0.831, 'HS': np.float64(3.626), 'MMD': np.float64(31.844)}, '3-184_213_196_4_4_0': {'VS': 0.306, 'HS': np.float64(3.042), 'MMD': np.float64(33.82)}, '4-184_213_196_999_4_4_0_0_0_0': {'VS': 0.276, 'HS': np.float64(2.762), 'MMD': np.float64(35.947)}}",341,0.09,122.762,0.286,0,0,0,0,0,0,0,0,0,0,0,0,0,0,0,0,0,0,0,0,0
4-184_213_224_999_4_3_0_0_0_0,4,358,2.676,35.559,"{'1-184_': {'VS': 0.567, 'HS': np.float64(1.408), 'MMD': np.float64(38.19)}, '2-184_213_4': {'VS': 0.484, 'HS': np.float64(7.206), 'MMD': np.float64(43.276)}, '3-184_213_224_4_3_0': {'VS': 0.041, 'HS': np.float64(3.204), 'MMD': np.float64(39.643)}, '4-184_213_224_999_4_3_0_0_0_0': {'VS': 0.0, 'HS': 0.0, 'MMD': 0.0}}","{'1-184_': {'VS': 0.989, 'HS': np.float64(1.183), 'MMD': np.float64(29.321)}, '2-184_213_4': {'VS': 0.831, 'HS': np.float64(3.626), 'MMD': np.float64(31.844)}, '3-184_213_224_4_3_0': {'VS': 0.303, 'HS': np.float64(2.928), 'MMD': np.float64(33.414)}, '4-184_213_224_999_4_3_0_0_0_0': {'VS': 0.29, 'HS': np.float64(2.676), 'MMD': np.float64(35.559)}}",358,0.262,82.717,0.344,0,0,0,0,0,0,0,0,0,0,0,0,0,0,0,0,0,0,0,0,0
4-184_213_224_999_4_4_0_0_0_0,4,512,4.027,36.021,"{'1-184_': {'VS': 0.567, 'HS': np.float64(1.408), 'MMD': np.float64(38.19)}, '2-184_213_4': {'VS': 0.484, 'HS': np.float64(7.206), 'MMD': np.float64(43.276)}, '3-184_213_224_4_4_0': {'VS': 0.096, 'HS': np.float64(9.789), 'MMD': np.float64(41.363)}, '4-184_213_224_999_4_4_0_0_0_0': {'VS': 0.0, 'HS': 0.0, 'MMD': 0.0}}","{'1-184_': {'VS': 0.989, 'HS': np.float64(1.183), 'MMD': np.float64(29.321)}, '2-184_213_4': {'VS': 0.831, 'HS': np.float64(3.626), 'MMD': np.float64(31.844)}, '3-184_213_224_4_4_0': {'VS': 0.444, 'HS': np.float64(4.564), 'MMD': np.float64(33.839)}, '4-184_213_224_999_4_4_0_0_0_0': {'VS': 0.415, 'HS': np.float64(4.027), 'MMD': np.float64(36.021)}}",512,0.348,88.653,0.372,0,0,0,0,0,0,0,0,1,0,0,0,0,0,0,0,0,0,0,0,1
4-184_213_172_999_4_4_0_0_0_0,4,470,2.953,35.83,"{'1-184_': {'VS': 0.567, 'HS': np.float64(1.408), 'MMD': np.float64(38.19)}, '2-184_213_4': {'VS': 0.484, 'HS': np.float64(7.206), 'MMD': np.float64(43.276)}, '3-184_213_172_4_4_0': {'VS': 0.295, 'HS': np.float64(6.205), 'MMD': np.float64(46.05)}, '4-184_213_172_999_4_4_0_0_0_0': {'VS': 0.0, 'HS': 0.0, 'MMD': 0.0}}","{'1-184_': {'VS': 0.989, 'HS': np.float64(1.183), 'MMD': np.float64(29.321)}, '2-184_213_4': {'VS': 0.831, 'HS': np.float64(3.626), 'MMD': np.float64(31.844)}, '3-184_213_172_4_4_0': {'VS': 0.406, 'HS': np.float64(3.303), 'MMD': np.float64(33.717)}, '4-184_213_172_999_4_4_0_0_0_0': {'VS': 0.381, 'HS': np.float64(2.953), 'MMD': np.float64(35.83)}}",470,0.111,120.484,0.293,0,0,0,0,0,0,0,0,0,0,0,0,0,0,0,0,0,0,0,0,0
4-184_213_199_999_4_4_0_0_0_0,4,357,2.835,36.02,"{'1-184_': {'VS': 0.567, 'HS': np.float64(1.408), 'MMD': np.float64(38.19)}, '2-184_213_4': {'VS': 0.484, 'HS': np.float64(7.206), 'MMD': np.float64(43.276)}, '3-184_213_199_4_4_0': {'VS': 0.268, 'HS': np.float64(8.058), 'MMD': np.float64(46.052)}, '4-184_213_199_999_4_4_0_0_0_0': {'VS': 0.0, 'HS': 0.0, 'MMD': 0.0}}","{'1-184_': {'VS': 0.989, 'HS': np.float64(1.183), 'MMD': np.float64(29.321)}, '2-184_213_4': {'VS': 0.831, 'HS': np.float64(3.626), 'MMD': np.float64(31.844)}, '3-184_213_199_4_4_0': {'VS': 0.314, 'HS': np.float64(3.242), 'MMD': np.float64(33.827)}, '4-184_213_199_999_4_4_0_0_0_0': {'VS': 0.289, 'HS': np.float64(2.835), 'MMD': np.float64(36.02)}}",357,0.046,119.6,0.272,0,0,0,0,0,0,0,0,0,0,0,0,0,0,0,0,0,0,0,0,0
4-184_213_211_999_4_4_0_0_0_0,4,255,2.89,36.216,"{'1-184_': {'VS': 0.567, 'HS': np.float64(1.408), 'MMD': np.float64(38.19)}, '2-184_213_4': {'VS': 0.484, 'HS': np.float64(7.206), 'MMD': np.float64(43.276)}, '3-184_213_211_4_4_0': {'VS': 0.223, 'HS': np.float64(7.278), 'MMD': np.float64(45.457)}, '4-184_213_211_999_4_4_0_0_0_0': {'VS': 0.0, 'HS': 0.0, 'MMD': 0.0}}","{'1-184_': {'VS': 0.989, 'HS': np.float64(1.183), 'MMD': np.float64(29.321)}, '2-184_213_4': {'VS': 0.831, 'HS': np.float64(3.626), 'MMD': np.float64(31.844)}, '3-184_213_211_4_4_0': {'VS': 0.217, 'HS': np.float64(3.407), 'MMD': np.float64(33.903)}, '4-184_213_211_999_4_4_0_0_0_0': {'VS': 0.207, 'HS': np.float64(2.89), 'MMD': np.float64(36.216)}}",255,-0.006,114.282,0.254,0,0,0,0,0,0,0,0,0,0,0,0,0,0,0,0,0,0,0,0,0
4-184_213_221_999_4_4_0_0_0_0,4,337,3.412,35.709,"{'1-184_': {'VS': 0.567, 'HS': np.float64(1.408), 'MMD': np.float64(38.19)}, '2-184_213_4': {'VS': 0.484, 'HS': np.float64(7.206), 'MMD': np.float64(43.276)}, '3-184_213_221_4_4_0': {'VS': 0.232, 'HS': np.float64(9.807), 'MMD': np.float64(45.428)}, '4-184_213_221_999_4_4_0_0_0_0': {'VS': 0.0, 'HS': 0.0, 'MMD': 0.0}}","{'1-184_': {'VS': 0.989, 'HS': np.float64(1.183), 'MMD': np.float64(29.321)}, '2-184_213_4': {'VS': 0.831, 'HS': np.float64(3.626), 'MMD': np.float64(31.844)}, '3-184_213_221_4_4_0': {'VS': 0.293, 'HS': np.float64(3.873), 'MMD': np.float64(33.442)}, '4-184_213_221_999_4_4_0_0_0_0': {'VS': 0.273, 'HS': np.float64(3.412), 'MMD': np.float64(35.709)}}",337,0.061,117.671,0.277,0,0,0,0,0,0,0,0,0,0,0,0,0,0,0,0,0,0,0,0,0
4-184_213_169_999_4_4_0_0_0_0,4,356,2.933,35.941,"{'1-184_': {'VS': 0.567, 'HS': np.float64(1.408), 'MMD': np.float64(38.19)}, '2-184_213_4': {'VS': 0.484, 'HS': np.float64(7.206), 'MMD': np.float64(43.276)}, '3-184_213_169_4_4_0': {'VS': 0.199, 'HS': np.float64(6.304), 'MMD': np.float64(45.998)}, '4-184_213_169_999_4_4_0_0_0_0': {'VS': 0.0, 'HS': 0.0, 'MMD': 0.0}}","{'1-184_': {'VS': 0.989, 'HS': np.float64(1.183), 'MMD': np.float64(29.321)}, '2-184_213_4': {'VS': 0.831, 'HS': np.float64(3.626), 'MMD': np.float64(31.844)}, '3-184_213_169_4_4_0': {'VS': 0.306, 'HS': np.float64(3.273), 'MMD': np.float64(33.79)}, '4-184_213_169_999_4_4_0_0_0_0': {'VS': 0.288, 'HS': np.float64(2.933), 'MMD': np.float64(35.941)}}",356,0.107,119.462,0.292,0,0,0,0,0,0,0,0,0,0,0,0,0,0,0,0,0,0,0,0,0
3-184_213_999_4_0_0,3,1017,3.339,34.387,"{'1-184_': {'VS': 0.567, 'HS': np.float64(1.408), 'MMD': np.float64(38.19)}, '2-184_213_4': {'VS': 0.484, 'HS': np.float64(7.206), 'MMD': np.float64(43.276)}, '3-184_213_999_4_0_0': {'VS': 0.0, 'HS': 0.0, 'MMD': 0.0}}","{'1-184_': {'VS': 0.989, 'HS': np.float64(1.183), 'MMD': np.float64(29.321)}, '2-184_213_4': {'VS': 0.831, 'HS': np.float64(3.626), 'MMD': np.float64(31.844)}, '3-184_213_999_4_0_0': {'VS': 0.824, 'HS': np.float64(3.339), 'MMD': np.float64(34.387)}}",1017,0.347,104.675,0.385,0,0,0,0,1,1,0,0,1,0,0,0,0,0,0,0,1,0,0,0,1
4-184_213_157_999_4_4_0_0_0_0,4,320,2.919,36.122,"{'1-184_': {'VS': 0.567, 'HS': np.float64(1.408), 'MMD': np.float64(38.19)}, '2-184_213_4': {'VS': 0.484, 'HS': np.float64(7.206), 'MMD': np.float64(43.276)}, '3-184_213_157_4_4_0': {'VS': 0.225, 'HS': np.float64(6.848), 'MMD': np.float64(46.777)}, '4-184_213_157_999_4_4_0_0_0_0': {'VS': 0.0, 'HS': 0.0, 'MMD': 0.0}}","{'1-184_': {'VS': 0.989, 'HS': np.float64(1.183), 'MMD': np.float64(29.321)}, '2-184_213_4': {'VS': 0.831, 'HS': np.float64(3.626), 'MMD': np.float64(31.844)}, '3-184_213_157_4_4_0': {'VS': 0.278, 'HS': np.float64(3.242), 'MMD': np.float64(33.933)}, '4-184_213_157_999_4_4_0_0_0_0': {'VS': 0.259, 'HS': np.float64(2.919), 'MMD': np.float64(36.122)}}",320,0.053,124.773,0.274,0,0,0,0,0,0,0,0,0,0,0,0,1,0,0,0,0,0,0,0,1
4-184_213_178_999_4_4_0_0_0_0,4,325,3.12,35.748,"{'1-184_': {'VS': 0.567, 'HS': np.float64(1.408), 'MMD': np.float64(38.19)}, '2-184_213_4': {'VS': 0.484, 'HS': np.float64(7.206), 'MMD': np.float64(43.276)}, '3-184_213_178_4_4_0': {'VS': 0.14, 'HS': np.float64(4.087), 'MMD': np.float64(45.952)}, '4-184_213_178_999_4_4_0_0_0_0': {'VS': 0.0, 'HS': 0.0, 'MMD': 0.0}}","{'1-184_': {'VS': 0.989, 'HS': np.float64(1.183), 'MMD': np.float64(29.321)}, '2-184_213_4': {'VS': 0.831, 'HS': np.float64(3.626), 'MMD': np.float64(31.844)}, '3-184_213_178_4_4_0': {'VS': 0.273, 'HS': np.float64(3.451), 'MMD': np.float64(33.688)}, '4-184_213_178_999_4_4_0_0_0_0': {'VS': 0.263, 'HS': np.float64(3.12), 'MMD': np.float64(35.748)}}",325,0.133,119.918,0.301,0,0,0,0,0,0,0,0,0,0,0,0,0,0,0,0,0,0,0,0,0
4-184_213_215_999_4_4_0_0_0_0,4,315,4.619,35.765,"{'1-184_': {'VS': 0.567, 'HS': np.float64(1.408), 'MMD': np.float64(38.19)}, '2-184_213_4': {'VS': 0.484, 'HS': np.float64(7.206), 'MMD': np.float64(43.276)}, '3-184_213_215_4_4_0': {'VS': 0.207, 'HS': np.float64(13.196), 'MMD': np.float64(45.127)}, '4-184_213_215_999_4_4_0_0_0_0': {'VS': 0.0, 'HS': 0.0, 'MMD': 0.0}}","{'1-184_': {'VS': 0.989, 'HS': np.float64(1.183), 'MMD': np.float64(29.321)}, '2-184_213_4': {'VS': 0.831, 'HS': np.float64(3.626), 'MMD': np.float64(31.844)}, '3-184_213_215_4_4_0': {'VS': 0.273, 'HS': np.float64(5.294), 'MMD': np.float64(33.407)}, '4-184_213_215_999_4_4_0_0_0_0': {'VS': 0.255, 'HS': np.float64(4.619), 'MMD': np.float64(35.765)}}",315,0.066,115.569,0.278,0,0,0,0,0,0,0,0,0,0,0,0,0,0,0,0,0,0,0,0,0
3-184_172_999_3_0_0,3,261,1.015,33.663,"{'1-184_': {'VS': 0.567, 'HS': np.float64(1.408), 'MMD': np.float64(38.19)}, '2-184_172_3': {'VS': 0.067, 'HS': np.float64(1.051), 'MMD': np.float64(35.594)}, '3-184_172_999_3_0_0': {'VS': 0.0, 'HS': 0.0, 'MMD': 0.0}}","{'1-184_': {'VS': 0.989, 'HS': np.float64(1.183), 'MMD': np.float64(29.321)}, '2-184_172_3': {'VS': 0.212, 'HS': np.float64(1.015), 'MMD': np.float64(31.063)}, '3-184_172_999_3_0_0': {'VS': 0.212, 'HS': np.float64(1.015), 'MMD': np.float64(33.663)}}",261,0.145,49.595,0.284,0,0,0,0,0,0,0,0,0,0,0,0,0,0,0,0,0,0,0,0,0
4-184_172_225_999_4_4_0_0_0_0,4,278,2.043,35.655,"{'1-184_': {'VS': 0.567, 'HS': np.float64(1.408), 'MMD': np.float64(38.19)}, '2-184_172_4': {'VS': 0.361, 'HS': np.float64(2.397), 'MMD': np.float64(43.97)}, '3-184_172_225_4_4_0': {'VS': 0.066, 'HS': np.float64(3.865), 'MMD': np.float64(41.265)}, '4-184_172_225_999_4_4_0_0_0_0': {'VS': 0.0, 'HS': 0.0, 'MMD': 0.0}}","{'1-184_': {'VS': 0.989, 'HS': np.float64(1.183), 'MMD': np.float64(29.321)}, '2-184_172_4': {'VS': 0.573, 'HS': np.float64(1.595), 'MMD': np.float64(32.113)}, '3-184_172_225_4_4_0': {'VS': 0.252, 'HS': np.float64(2.257), 'MMD': np.float64(33.595)}, '4-184_172_225_999_4_4_0_0_0_0': {'VS': 0.225, 'HS': np.float64(2.043), 'MMD': np.float64(35.655)}}",278,0.186,92.692,0.273,0,0,0,0,0,0,0,0,0,0,0,0,0,0,0,0,0,0,0,0,0
4-184_172_212_999_4_4_0_0_0_0,4,396,2.715,35.75,"{'1-184_': {'VS': 0.567, 'HS': np.float64(1.408), 'MMD': np.float64(38.19)}, '2-184_172_4': {'VS': 0.361, 'HS': np.float64(2.397), 'MMD': np.float64(43.97)}, '3-184_172_212_4_4_0': {'VS': 0.318, 'HS': np.float64(6.66), 'MMD': np.float64(45.44)}, '4-184_172_212_999_4_4_0_0_0_0': {'VS': 0.0, 'HS': 0.0, 'MMD': 0.0}}","{'1-184_': {'VS': 0.989, 'HS': np.float64(1.183), 'MMD': np.float64(29.321)}, '2-184_172_4': {'VS': 0.573, 'HS': np.float64(1.595), 'MMD': np.float64(32.113)}, '3-184_172_212_4_4_0': {'VS': 0.363, 'HS': np.float64(3.027), 'MMD': np.float64(33.6)}, '4-184_172_212_999_4_4_0_0_0_0': {'VS': 0.321, 'HS': np.float64(2.715), 'MMD': np.float64(35.75)}}",396,0.045,119.811,0.226,0,0,0,0,0,0,0,0,0,0,0,0,0,0,0,0,0,0,0,0,0
4-184_172_224_999_4_4_0_0_0_0,4,251,2.116,35.438,"{'1-184_': {'VS': 0.567, 'HS': np.float64(1.408), 'MMD': np.float64(38.19)}, '2-184_172_4': {'VS': 0.361, 'HS': np.float64(2.397), 'MMD': np.float64(43.97)}, '3-184_172_224_4_4_0': {'VS': 0.07, 'HS': np.float64(4.096), 'MMD': np.float64(42.199)}, '4-184_172_224_999_4_4_0_0_0_0': {'VS': 0.0, 'HS': 0.0, 'MMD': 0.0}}","{'1-184_': {'VS': 0.989, 'HS': np.float64(1.183), 'MMD': np.float64(29.321)}, '2-184_172_4': {'VS': 0.573, 'HS': np.float64(1.595), 'MMD': np.float64(32.113)}, '3-184_172_224_4_4_0': {'VS': 0.229, 'HS': np.float64(2.346), 'MMD': np.float64(33.413)}, '4-184_172_224_999_4_4_0_0_0_0': {'VS': 0.203, 'HS': np.float64(2.116), 'MMD': np.float64(35.438)}}",251,0.159,98.814,0.264,0,0,0,0,0,0,0,0,0,0,0,0,0,0,0,0,0,0,0,0,0
4-184_172_213_999_4_4_0_0_0_0,4,399,2.534,35.504,"{'1-184_': {'VS': 0.567, 'HS': np.float64(1.408), 'MMD': np.float64(38.19)}, '2-184_172_4': {'VS': 0.361, 'HS': np.float64(2.397), 'MMD': np.float64(43.97)}, '3-184_172_213_4_4_0': {'VS': 0.301, 'HS': np.float64(6.093), 'MMD': np.float64(45.754)}, '4-184_172_213_999_4_4_0_0_0_0': {'VS': 0.0, 'HS': 0.0, 'MMD': 0.0}}","{'1-184_': {'VS': 0.989, 'HS': np.float64(1.183), 'MMD': np.float64(29.321)}, '2-184_172_4': {'VS': 0.573, 'HS': np.float64(1.595), 'MMD': np.float64(32.113)}, '3-184_172_213_4_4_0': {'VS': 0.364, 'HS': np.float64(2.851), 'MMD': np.float64(33.394)}, '4-184_172_213_999_4_4_0_0_0_0': {'VS': 0.323, 'HS': np.float64(2.534), 'MMD': np.float64(35.504)}}",399,0.063,124.006,0.232,1,0,0,0,0,0,0,0,0,0,0,0,0,0,0,0,0,0,0,0,1
3-184_172_999_4_0_0,3,679,1.51,34.381,"{'1-184_': {'VS': 0.567, 'HS': np.float64(1.408), 'MMD': np.float64(38.19)}, '2-184_172_4': {'VS': 0.361, 'HS': np.float64(2.397), 'MMD': np.float64(43.97)}, '3-184_172_999_4_0_0': {'VS': 0.0, 'HS': 0.0, 'MMD': 0.0}}","{'1-184_': {'VS': 0.989, 'HS': np.float64(1.183), 'MMD': np.float64(29.321)}, '2-184_172_4': {'VS': 0.573, 'HS': np.float64(1.595), 'MMD': np.float64(32.113)}, '3-184_172_999_4_0_0': {'VS': 0.55, 'HS': np.float64(1.51), 'MMD': np.float64(34.381)}}",679,0.212,109.624,0.317,0,0,0,0,0,0,0,0,0,0,0,0,0,0,0,0,0,0,0,0,0
3-184_199_999_3_0_0,3,330,1.003,34.544,"{'1-184_': {'VS': 0.567, 'HS': np.float64(1.408), 'MMD': np.float64(38.19)}, '2-184_199_3': {'VS': 0.137, 'HS': np.float64(1.025), 'MMD': np.float64(41.93)}, '3-184_199_999_3_0_0': {'VS': 0.0, 'HS': 0.0, 'MMD': 0.0}}","{'1-184_': {'VS': 0.989, 'HS': np.float64(1.183), 'MMD': np.float64(29.321)}, '2-184_199_3': {'VS': 0.267, 'HS': np.float64(1.003), 'MMD': np.float64(32.182)}, '3-184_199_999_3_0_0': {'VS': 0.267, 'HS': np.float64(1.003), 'MMD': np.float64(34.544)}}",330,0.13,86.841,0.276,0,0,0,0,0,0,0,0,0,0,0,0,0,0,0,0,0,0,0,0,0
4-184_199_202_999_4_4_0_0_0_0,4,254,1.657,36.433,"{'1-184_': {'VS': 0.567, 'HS': np.float64(1.408), 'MMD': np.float64(38.19)}, '2-184_199_4': {'VS': 0.327, 'HS': np.float64(3.102), 'MMD': np.float64(44.077)}, '3-184_199_202_4_4_0': {'VS': 0.214, 'HS': np.float64(3.954), 'MMD': np.float64(46.428)}, '4-184_199_202_999_4_4_0_0_0_0': {'VS': 0.0, 'HS': 0.0, 'MMD': 0.0}}","{'1-184_': {'VS': 0.989, 'HS': np.float64(1.183), 'MMD': np.float64(29.321)}, '2-184_199_4': {'VS': 0.52, 'HS': np.float64(1.824), 'MMD': np.float64(32.665)}, '3-184_199_202_4_4_0': {'VS': 0.233, 'HS': np.float64(1.812), 'MMD': np.float64(34.296)}, '4-184_199_202_999_4_4_0_0_0_0': {'VS': 0.206, 'HS': np.float64(1.657), 'MMD': np.float64(36.433)}}",254,0.019,118.693,0.211,0,0,0,0,0,0,0,0,0,0,0,0,0,0,0,0,0,0,0,0,0
4-184_199_225_999_4_4_0_0_0_0,4,274,2.307,36.734,"{'1-184_': {'VS': 0.567, 'HS': np.float64(1.408), 'MMD': np.float64(38.19)}, '2-184_199_4': {'VS': 0.327, 'HS': np.float64(3.102), 'MMD': np.float64(44.077)}, '3-184_199_225_4_4_0': {'VS': 0.058, 'HS': np.float64(3.899), 'MMD': np.float64(41.489)}, '4-184_199_225_999_4_4_0_0_0_0': {'VS': 0.0, 'HS': 0.0, 'MMD': 0.0}}","{'1-184_': {'VS': 0.989, 'HS': np.float64(1.183), 'MMD': np.float64(29.321)}, '2-184_199_4': {'VS': 0.52, 'HS': np.float64(1.824), 'MMD': np.float64(32.665)}, '3-184_199_225_4_4_0': {'VS': 0.247, 'HS': np.float64(2.639), 'MMD': np.float64(34.508)}, '4-184_199_225_999_4_4_0_0_0_0': {'VS': 0.222, 'HS': np.float64(2.307), 'MMD': np.float64(36.734)}}",274,0.189,85.876,0.268,0,0,0,0,0,0,0,0,0,0,0,0,0,0,0,0,0,0,0,0,0
4-184_199_212_999_4_4_0_0_0_0,4,419,2.893,36.434,"{'1-184_': {'VS': 0.567, 'HS': np.float64(1.408), 'MMD': np.float64(38.19)}, '2-184_199_4': {'VS': 0.327, 'HS': np.float64(3.102), 'MMD': np.float64(44.077)}, '3-184_199_212_4_4_0': {'VS': 0.284, 'HS': np.float64(8.361), 'MMD': np.float64(45.719)}, '4-184_199_212_999_4_4_0_0_0_0': {'VS': 0.0, 'HS': 0.0, 'MMD': 0.0}}","{'1-184_': {'VS': 0.989, 'HS': np.float64(1.183), 'MMD': np.float64(29.321)}, '2-184_199_4': {'VS': 0.52, 'HS': np.float64(1.824), 'MMD': np.float64(32.665)}, '3-184_199_212_4_4_0': {'VS': 0.365, 'HS': np.float64(3.406), 'MMD': np.float64(34.22)}, '4-184_199_212_999_4_4_0_0_0_0': {'VS': 0.34, 'HS': np.float64(2.893), 'MMD': np.float64(36.434)}}",419,0.081,113.707,0.232,0,0,0,0,0,0,0,0,0,0,0,0,0,0,0,0,0,0,0,0,0
4-184_199_224_999_4_4_0_0_0_0,4,260,2.231,36.365,"{'1-184_': {'VS': 0.567, 'HS': np.float64(1.408), 'MMD': np.float64(38.19)}, '2-184_199_4': {'VS': 0.327, 'HS': np.float64(3.102), 'MMD': np.float64(44.077)}, '3-184_199_224_4_4_0': {'VS': 0.06, 'HS': np.float64(4.357), 'MMD': np.float64(42.739)}, '4-184_199_224_999_4_4_0_0_0_0': {'VS': 0.0, 'HS': 0.0, 'MMD': 0.0}}","{'1-184_': {'VS': 0.989, 'HS': np.float64(1.183), 'MMD': np.float64(29.321)}, '2-184_199_4': {'VS': 0.52, 'HS': np.float64(1.824), 'MMD': np.float64(32.665)}, '3-184_199_224_4_4_0': {'VS': 0.233, 'HS': np.float64(2.556), 'MMD': np.float64(34.323)}, '4-184_199_224_999_4_4_0_0_0_0': {'VS': 0.211, 'HS': np.float64(2.231), 'MMD': np.float64(36.365)}}",260,0.173,93.241,0.263,0,0,0,0,0,0,0,0,0,0,0,0,0,0,0,0,0,0,0,0,0
4-184_199_213_999_4_4_0_0_0_0,4,395,2.808,36.446,"{'1-184_': {'VS': 0.567, 'HS': np.float64(1.408), 'MMD': np.float64(38.19)}, '2-184_199_4': {'VS': 0.327, 'HS': np.float64(3.102), 'MMD': np.float64(44.077)}, '3-184_199_213_4_4_0': {'VS': 0.272, 'HS': np.float64(7.826), 'MMD': np.float64(45.876)}, '4-184_199_213_999_4_4_0_0_0_0': {'VS': 0.0, 'HS': 0.0, 'MMD': 0.0}}","{'1-184_': {'VS': 0.989, 'HS': np.float64(1.183), 'MMD': np.float64(29.321)}, '2-184_199_4': {'VS': 0.52, 'HS': np.float64(1.824), 'MMD': np.float64(32.665)}, '3-184_199_213_4_4_0': {'VS': 0.346, 'HS': np.float64(3.272), 'MMD': np.float64(34.205)}, '4-184_199_213_999_4_4_0_0_0_0': {'VS': 0.32, 'HS': np.float64(2.808), 'MMD': np.float64(36.446)}}",395,0.074,115.035,0.23,0,0,0,0,0,0,0,0,0,0,0,0,0,0,0,0,0,0,0,0,0
3-184_199_999_4_0_0,3,623,1.705,35.105,"{'1-184_': {'VS': 0.567, 'HS': np.float64(1.408), 'MMD': np.float64(38.19)}, '2-184_199_4': {'VS': 0.327, 'HS': np.float64(3.102), 'MMD': np.float64(44.077)}, '3-184_199_999_4_0_0': {'VS': 0.0, 'HS': 0.0, 'MMD': 0.0}}","{'1-184_': {'VS': 0.989, 'HS': np.float64(1.183), 'MMD': np.float64(29.321)}, '2-184_199_4': {'VS': 0.52, 'HS': np.float64(1.824), 'MMD': np.float64(32.665)}, '3-184_199_999_4_0_0': {'VS': 0.505, 'HS': np.float64(1.705), 'MMD': np.float64(35.105)}}",623,0.193,104.446,0.307,0,0,0,0,0,0,0,0,0,0,0,0,0,0,0,0,0,0,0,0,0
3-184_211_999_4_0_0,3,360,1.803,34.842,"{'1-184_': {'VS': 0.567, 'HS': np.float64(1.408), 'MMD': np.float64(38.19)}, '2-184_211_4': {'VS': 0.268, 'HS': np.float64(3.039), 'MMD': np.float64(42.932)}, '3-184_211_999_4_0_0': {'VS': 0.0, 'HS': 0.0, 'MMD': 0.0}}","{'1-184_': {'VS': 0.989, 'HS': np.float64(1.183), 'MMD': np.float64(29.321)}, '2-184_211_4': {'VS': 0.303, 'HS': np.float64(1.888), 'MMD': np.float64(32.385)}, '3-184_211_999_4_0_0': {'VS': 0.292, 'HS': np.float64(1.803), 'MMD': np.float64(34.842)}}",360,0.035,94.949,0.229,0,0,0,0,0,0,0,0,0,0,0,0,0,0,0,0,0,0,0,0,0
4-184_221_212_999_4_4_0_0_0_0,4,340,3.262,35.829,"{'1-184_': {'VS': 0.567, 'HS': np.float64(1.408), 'MMD': np.float64(38.19)}, '2-184_221_4': {'VS': 0.277, 'HS': np.float64(3.602), 'MMD': np.float64(43.256)}, '3-184_221_212_4_4_0': {'VS': 0.238, 'HS': np.float64(10.589), 'MMD': np.float64(45.64)}, '4-184_221_212_999_4_4_0_0_0_0': {'VS': 0.0, 'HS': 0.0, 'MMD': 0.0}}","{'1-184_': {'VS': 0.989, 'HS': np.float64(1.183), 'MMD': np.float64(29.321)}, '2-184_221_4': {'VS': 0.401, 'HS': np.float64(2.115), 'MMD': np.float64(31.884)}, '3-184_221_212_4_4_0': {'VS': 0.297, 'HS': np.float64(3.773), 'MMD': np.float64(33.656)}, '4-184_221_212_999_4_4_0_0_0_0': {'VS': 0.276, 'HS': np.float64(3.262), 'MMD': np.float64(35.829)}}",340,0.059,117.199,0.202,0,0,0,0,0,0,0,0,0,0,0,0,0,0,0,0,0,0,0,0,0
4-184_221_213_999_4_4_0_0_0_0,4,321,3.128,35.648,"{'1-184_': {'VS': 0.567, 'HS': np.float64(1.408), 'MMD': np.float64(38.19)}, '2-184_221_4': {'VS': 0.277, 'HS': np.float64(3.602), 'MMD': np.float64(43.256)}, '3-184_221_213_4_4_0': {'VS': 0.231, 'HS': np.float64(9.778), 'MMD': np.float64(45.672)}, '4-184_221_213_999_4_4_0_0_0_0': {'VS': 0.0, 'HS': 0.0, 'MMD': 0.0}}","{'1-184_': {'VS': 0.989, 'HS': np.float64(1.183), 'MMD': np.float64(29.321)}, '2-184_221_4': {'VS': 0.401, 'HS': np.float64(2.115), 'MMD': np.float64(31.884)}, '3-184_221_213_4_4_0': {'VS': 0.277, 'HS': np.float64(3.67), 'MMD': np.float64(33.409)}, '4-184_221_213_999_4_4_0_0_0_0': {'VS': 0.26, 'HS': np.float64(3.128), 'MMD': np.float64(35.648)}}",321,0.046,119.454,0.197,0,0,0,0,0,0,0,0,0,0,0,0,0,0,0,0,0,0,0,0,0
3-184_221_999_4_0_0,3,482,1.988,34.363,"{'1-184_': {'VS': 0.567, 'HS': np.float64(1.408), 'MMD': np.float64(38.19)}, '2-184_221_4': {'VS': 0.277, 'HS': np.float64(3.602), 'MMD': np.float64(43.256)}, '3-184_221_999_4_0_0': {'VS': 0.0, 'HS': 0.0, 'MMD': 0.0}}","{'1-184_': {'VS': 0.989, 'HS': np.float64(1.183), 'MMD': np.float64(29.321)}, '2-184_221_4': {'VS': 0.401, 'HS': np.float64(2.115), 'MMD': np.float64(31.884)}, '3-184_221_999_4_0_0': {'VS': 0.391, 'HS': np.float64(1.988), 'MMD': np.float64(34.363)}}",482,0.124,103.991,0.273,0,0,0,0,0,0,0,0,0,0,0,0,0,0,0,0,0,0,0,0,0
4-184_169_212_999_4_4_0_0_0_0,4,260,2.627,35.546,"{'1-184_': {'VS': 0.567, 'HS': np.float64(1.408), 'MMD': np.float64(38.19)}, '2-184_169_4': {'VS': 0.25, 'HS': np.float64(2.376), 'MMD': np.float64(44.256)}, '3-184_169_212_4_4_0': {'VS': 0.216, 'HS': np.float64(6.648), 'MMD': np.float64(45.659)}, '4-184_169_212_999_4_4_0_0_0_0': {'VS': 0.0, 'HS': 0.0, 'MMD': 0.0}}","{'1-184_': {'VS': 0.989, 'HS': np.float64(1.183), 'MMD': np.float64(29.321)}, '2-184_169_4': {'VS': 0.415, 'HS': np.float64(1.535), 'MMD': np.float64(32.159)}, '3-184_169_212_4_4_0': {'VS': 0.233, 'HS': np.float64(2.955), 'MMD': np.float64(33.372)}, '4-184_169_212_999_4_4_0_0_0_0': {'VS': 0.211, 'HS': np.float64(2.627), 'MMD': np.float64(35.546)}}",260,0.017,125.322,0.201,0,0,0,0,0,0,0,0,0,0,0,0,1,0,0,0,0,0,0,0,1
4-184_169_213_999_4_4_0_0_0_0,4,254,2.465,35.909,"{'1-184_': {'VS': 0.567, 'HS': np.float64(1.408), 'MMD': np.float64(38.19)}, '2-184_169_4': {'VS': 0.25, 'HS': np.float64(2.376), 'MMD': np.float64(44.256)}, '3-184_169_213_4_4_0': {'VS': 0.201, 'HS': np.float64(6.326), 'MMD': np.float64(46.176)}, '4-184_169_213_999_4_4_0_0_0_0': {'VS': 0.0, 'HS': 0.0, 'MMD': 0.0}}","{'1-184_': {'VS': 0.989, 'HS': np.float64(1.183), 'MMD': np.float64(29.321)}, '2-184_169_4': {'VS': 0.415, 'HS': np.float64(1.535), 'MMD': np.float64(32.159)}, '3-184_169_213_4_4_0': {'VS': 0.224, 'HS': np.float64(2.866), 'MMD': np.float64(33.7)}, '4-184_169_213_999_4_4_0_0_0_0': {'VS': 0.206, 'HS': np.float64(2.465), 'MMD': np.float64(35.909)}}",254,0.023,126.882,0.203,0,0,0,0,0,0,0,0,0,0,0,0,1,0,0,0,0,0,0,0,1
3-184_169_999_4_0_0,3,495,1.473,34.597,"{'1-184_': {'VS': 0.567, 'HS': np.float64(1.408), 'MMD': np.float64(38.19)}, '2-184_169_4': {'VS': 0.25, 'HS': np.float64(2.376), 'MMD': np.float64(44.256)}, '3-184_169_999_4_0_0': {'VS': 0.0, 'HS': 0.0, 'MMD': 0.0}}","{'1-184_': {'VS': 0.989, 'HS': np.float64(1.183), 'MMD': np.float64(29.321)}, '2-184_169_4': {'VS': 0.415, 'HS': np.float64(1.535), 'MMD': np.float64(32.159)}, '3-184_169_999_4_0_0': {'VS': 0.401, 'HS': np.float64(1.473), 'MMD': np.float64(34.597)}}",495,0.165,112.498,0.293,1,1,0,0,0,0,0,0,0,0,0,0,0,0,0,0,0,0,0,0,1
3-184_175_999_4_0_0,3,264,1.193,34.752,"{'1-184_': {'VS': 0.567, 'HS': np.float64(1.408), 'MMD': np.float64(38.19)}, '2-184_175_4': {'VS': 0.177, 'HS': np.float64(1.541), 'MMD': np.float64(44.182)}, '3-184_175_999_4_0_0': {'VS': 0.0, 'HS': 0.0, 'MMD': 0.0}}","{'1-184_': {'VS': 0.989, 'HS': np.float64(1.183), 'MMD': np.float64(29.321)}, '2-184_175_4': {'VS': 0.22, 'HS': np.float64(1.21), 'MMD': np.float64(32.294)}, '3-184_175_999_4_0_0': {'VS': 0.214, 'HS': np.float64(1.193), 'MMD': np.float64(34.752)}}",264,0.043,109.992,0.233,0,0,0,0,0,0,0,0,0,0,0,0,0,0,0,0,0,0,0,0,0
2-184_999_0,2,1219,1.158,32.304,"{'1-184_': {'VS': 0.567, 'HS': np.float64(1.408), 'MMD': np.float64(38.19)}, '2-184_999_0': {'VS': 0.0, 'HS': 0.0, 'MMD': 0.0}}","{'1-184_': {'VS': 0.989, 'HS': np.float64(1.183), 'MMD': np.float64(29.321)}, '2-184_999_0': {'VS': 0.988, 'HS': np.float64(1.158), 'MMD': np.float64(32.304)}}",1219,0.422,78.659,0.422,0,0,0,0,1,1,1,1,1,1,1,0,0,0,0,0,1,1,0,0,1
3-184_163_999_4_0_0,3,285,1.558,34.064,"{'1-184_': {'VS': 0.567, 'HS': np.float64(1.408), 'MMD': np.float64(38.19)}, '2-184_163_4': {'VS': 0.149, 'HS': np.float64(2.81), 'MMD': np.float64(44.127)}, '3-184_163_999_4_0_0': {'VS': 0.0, 'HS': 0.0, 'MMD': 0.0}}","{'1-184_': {'VS': 0.989, 'HS': np.float64(1.183), 'MMD': np.float64(29.321)}, '2-184_163_4': {'VS': 0.237, 'HS': np.float64(1.666), 'MMD': np.float64(31.355)}, '3-184_163_999_4_0_0': {'VS': 0.231, 'HS': np.float64(1.558), 'MMD': np.float64(34.064)}}",285,0.088,120.892,0.255,0,0,0,0,0,0,0,0,0,0,0,0,0,0,0,0,0,0,0,0,0
3-184_229_999_4_0_0,3,331,1.202,33.127,"{'1-184_': {'VS': 0.567, 'HS': np.float64(1.408), 'MMD': np.float64(38.19)}, '2-184_229_4': {'VS': 0.099, 'HS': np.float64(1.3), 'MMD': np.float64(43.451)}, '3-184_229_999_4_0_0': {'VS': 0.0, 'HS': 0.0, 'MMD': 0.0}}","{'1-184_': {'VS': 0.989, 'HS': np.float64(1.183), 'MMD': np.float64(29.321)}, '2-184_229_4': {'VS': 0.276, 'HS': np.float64(1.206), 'MMD': np.float64(30.715)}, '3-184_229_999_4_0_0': {'VS': 0.268, 'HS': np.float64(1.202), 'MMD': np.float64(33.127)}}",331,0.177,120.432,0.3,0,0,0,0,0,0,0,0,0,0,0,0,0,0,0,0,0,0,0,0,0
4-184_157_212_999_4_4_0_0_0_0,4,302,2.722,36.099,"{'1-184_': {'VS': 0.567, 'HS': np.float64(1.408), 'MMD': np.float64(38.19)}, '2-184_157_4': {'VS': 0.271, 'HS': np.float64(2.605), 'MMD': np.float64(44.826)}, '3-184_157_212_4_4_0': {'VS': 0.233, 'HS': np.float64(7.316), 'MMD': np.float64(46.463)}, '4-184_157_212_999_4_4_0_0_0_0': {'VS': 0.0, 'HS': 0.0, 'MMD': 0.0}}","{'1-184_': {'VS': 0.989, 'HS': np.float64(1.183), 'MMD': np.float64(29.321)}, '2-184_157_4': {'VS': 0.415, 'HS': np.float64(1.588), 'MMD': np.float64(32.235)}, '3-184_157_212_4_4_0': {'VS': 0.266, 'HS': np.float64(3.061), 'MMD': np.float64(33.948)}, '4-184_157_212_999_4_4_0_0_0_0': {'VS': 0.245, 'HS': np.float64(2.722), 'MMD': np.float64(36.099)}}",302,0.033,131.273,0.2,0,0,0,0,0,0,0,0,0,0,0,0,1,0,0,0,0,0,0,0,1
4-184_157_213_999_4_4_0_0_0_0,4,294,2.609,36.051,"{'1-184_': {'VS': 0.567, 'HS': np.float64(1.408), 'MMD': np.float64(38.19)}, '2-184_157_4': {'VS': 0.271, 'HS': np.float64(2.605), 'MMD': np.float64(44.826)}, '3-184_157_213_4_4_0': {'VS': 0.224, 'HS': np.float64(6.788), 'MMD': np.float64(46.608)}, '4-184_157_213_999_4_4_0_0_0_0': {'VS': 0.0, 'HS': 0.0, 'MMD': 0.0}}","{'1-184_': {'VS': 0.989, 'HS': np.float64(1.183), 'MMD': np.float64(29.321)}, '2-184_157_4': {'VS': 0.415, 'HS': np.float64(1.588), 'MMD': np.float64(32.235)}, '3-184_157_213_4_4_0': {'VS': 0.262, 'HS': np.float64(2.904), 'MMD': np.float64(33.851)}, '4-184_157_213_999_4_4_0_0_0_0': {'VS': 0.238, 'HS': np.float64(2.609), 'MMD': np.float64(36.051)}}",294,0.038,133.311,0.201,0,0,0,0,0,0,0,0,0,0,0,0,1,0,0,0,0,0,0,0,1
3-184_157_999_4_0_0,3,491,1.519,34.554,"{'1-184_': {'VS': 0.567, 'HS': np.float64(1.408), 'MMD': np.float64(38.19)}, '2-184_157_4': {'VS': 0.271, 'HS': np.float64(2.605), 'MMD': np.float64(44.826)}, '3-184_157_999_4_0_0': {'VS': 0.0, 'HS': 0.0, 'MMD': 0.0}}","{'1-184_': {'VS': 0.989, 'HS': np.float64(1.183), 'MMD': np.float64(29.321)}, '2-184_157_4': {'VS': 0.415, 'HS': np.float64(1.588), 'MMD': np.float64(32.235)}, '3-184_157_999_4_0_0': {'VS': 0.398, 'HS': np.float64(1.519), 'MMD': np.float64(34.554)}}",491,0.144,118.596,0.283,0,0,0,0,0,0,0,0,0,0,0,0,0,0,0,0,0,0,0,0,0
3-184_178_999_4_0_0,3,428,1.215,33.954,"{'1-184_': {'VS': 0.567, 'HS': np.float64(1.408), 'MMD': np.float64(38.19)}, '2-184_178_4': {'VS': 0.178, 'HS': np.float64(1.539), 'MMD': np.float64(43.838)}, '3-184_178_999_4_0_0': {'VS': 0.0, 'HS': 0.0, 'MMD': 0.0}}","{'1-184_': {'VS': 0.989, 'HS': np.float64(1.183), 'MMD': np.float64(29.321)}, '2-184_178_4': {'VS': 0.361, 'HS': np.float64(1.236), 'MMD': np.float64(31.731)}, '3-184_178_999_4_0_0': {'VS': 0.347, 'HS': np.float64(1.215), 'MMD': np.float64(33.954)}}",428,0.183,112.619,0.302,0,0,0,0,0,0,0,0,0,0,0,0,0,0,0,0,0,0,0,0,0
4-184_215_212_999_4_4_0_0_0_0,4,315,4.46,35.952,"{'1-184_': {'VS': 0.567, 'HS': np.float64(1.408), 'MMD': np.float64(38.19)}, '2-184_215_4': {'VS': 0.237, 'HS': np.float64(5.109), 'MMD': np.float64(43.409)}, '3-184_215_212_4_4_0': {'VS': 0.216, 'HS': np.float64(14.327), 'MMD': np.float64(45.507)}, '4-184_215_212_999_4_4_0_0_0_0': {'VS': 0.0, 'HS': 0.0, 'MMD': 0.0}}","{'1-184_': {'VS': 0.989, 'HS': np.float64(1.183), 'MMD': np.float64(29.321)}, '2-184_215_4': {'VS': 0.349, 'HS': np.float64(2.854), 'MMD': np.float64(31.766)}, '3-184_215_212_4_4_0': {'VS': 0.272, 'HS': np.float64(5.321), 'MMD': np.float64(33.652)}, '4-184_215_212_999_4_4_0_0_0_0': {'VS': 0.255, 'HS': np.float64(4.46), 'MMD': np.float64(35.952)}}",315,0.056,118.253,0.197,0,0,0,0,0,0,0,0,0,0,0,0,0,0,0,0,0,0,0,0,0
4-184_215_213_999_4_4_0_0_0_0,4,295,4.349,35.729,"{'1-184_': {'VS': 0.567, 'HS': np.float64(1.408), 'MMD': np.float64(38.19)}, '2-184_215_4': {'VS': 0.237, 'HS': np.float64(5.109), 'MMD': np.float64(43.409)}, '3-184_215_213_4_4_0': {'VS': 0.205, 'HS': np.float64(13.776), 'MMD': np.float64(45.596)}, '4-184_215_213_999_4_4_0_0_0_0': {'VS': 0.0, 'HS': 0.0, 'MMD': 0.0}}","{'1-184_': {'VS': 0.989, 'HS': np.float64(1.183), 'MMD': np.float64(29.321)}, '2-184_215_4': {'VS': 0.349, 'HS': np.float64(2.854), 'MMD': np.float64(31.766)}, '3-184_215_213_4_4_0': {'VS': 0.259, 'HS': np.float64(5.141), 'MMD': np.float64(33.394)}, '4-184_215_213_999_4_4_0_0_0_0': {'VS': 0.239, 'HS': np.float64(4.349), 'MMD': np.float64(35.729)}}",295,0.054,121.036,0.196,0,0,0,0,0,0,0,0,0,0,0,0,0,0,0,0,0,0,0,0,0
3-184_215_999_4_0_0,3,421,2.648,34.365,"{'1-184_': {'VS': 0.567, 'HS': np.float64(1.408), 'MMD': np.float64(38.19)}, '2-184_215_4': {'VS': 0.237, 'HS': np.float64(5.109), 'MMD': np.float64(43.409)}, '3-184_215_999_4_0_0': {'VS': 0.0, 'HS': 0.0, 'MMD': 0.0}}","{'1-184_': {'VS': 0.989, 'HS': np.float64(1.183), 'MMD': np.float64(29.321)}, '2-184_215_4': {'VS': 0.349, 'HS': np.float64(2.854), 'MMD': np.float64(31.766)}, '3-184_215_999_4_0_0': {'VS': 0.341, 'HS': np.float64(2.648), 'MMD': np.float64(34.365)}}",421,0.112,107.109,0.267,0,0,0,0,0,0,0,0,0,0,0,0,0,0,0,0,0,0,0,0,0
3-184_16_999_4_0_0,3,284,1.099,34.155,"{'1-184_': {'VS': 0.567, 'HS': np.float64(1.408), 'MMD': np.float64(38.19)}, '2-184_16_4': {'VS': 0.043, 'HS': np.float64(1.353), 'MMD': np.float64(35.142)}, '3-184_16_999_4_0_0': {'VS': 0.0, 'HS': 0.0, 'MMD': 0.0}}","{'1-184_': {'VS': 0.989, 'HS': np.float64(1.183), 'MMD': np.float64(29.321)}, '2-184_16_4': {'VS': 0.262, 'HS': np.float64(1.093), 'MMD': np.float64(32.082)}, '3-184_16_999_4_0_0': {'VS': 0.23, 'HS': np.float64(1.099), 'MMD': np.float64(34.155)}}",284,0.219,44.011,0.321,0,0,0,0,0,0,0,0,0,0,0,0,0,0,0,0,0,0,0,0,0
3-184_19_999_4_0_0,3,250,1.028,34.1,"{'1-184_': {'VS': 0.567, 'HS': np.float64(1.408), 'MMD': np.float64(38.19)}, '2-184_19_4': {'VS': 0.04, 'HS': np.float64(1.277), 'MMD': np.float64(35.436)}, '3-184_19_999_4_0_0': {'VS': 0.0, 'HS': 0.0, 'MMD': 0.0}}","{'1-184_': {'VS': 0.989, 'HS': np.float64(1.183), 'MMD': np.float64(29.321)}, '2-184_19_4': {'VS': 0.231, 'HS': np.float64(1.035), 'MMD': np.float64(31.923)}, '3-184_19_999_4_0_0': {'VS': 0.203, 'HS': np.float64(1.028), 'MMD': np.float64(34.1)}}",250,0.191,45.5,0.306,0,0,0,0,0,0,0,0,0,0,0,0,0,0,0,0,0,0,0,0,0
3-184_22_999_4_0_0,3,268,1.067,34.787,"{'1-184_': {'VS': 0.567, 'HS': np.float64(1.408), 'MMD': np.float64(38.19)}, '2-184_22_4': {'VS': 0.037, 'HS': np.float64(1.432), 'MMD': np.float64(37.79)}, '3-184_22_999_4_0_0': {'VS': 0.0, 'HS': 0.0, 'MMD': 0.0}}","{'1-184_': {'VS': 0.989, 'HS': np.float64(1.183), 'MMD': np.float64(29.321)}, '2-184_22_4': {'VS': 0.245, 'HS': np.float64(1.076), 'MMD': np.float64(32.573)}, '3-184_22_999_4_0_0': {'VS': 0.217, 'HS': np.float64(1.067), 'MMD': np.float64(34.787)}}",268,0.208,52.938,0.315,0,0,0,0,0,0,0,0,0,0,0,0,0,0,0,0,0,0,0,0,0
4-184_22_97_999_4_4_6_0_0_0,4,255,1.051,34.651,"{'1-184_': {'VS': 0.567, 'HS': np.float64(1.408), 'MMD': np.float64(38.19)}, '2-184_22_4': {'VS': 0.037, 'HS': np.float64(1.432), 'MMD': np.float64(37.79)}, '3-184_22_97_4_4_6': {'VS': 0.036, 'HS': np.float64(1.417), 'MMD': np.float64(37.351)}, '4-184_22_97_999_4_4_6_0_0_0': {'VS': 0.0, 'HS': 0.0, 'MMD': 0.0}}","{'1-184_': {'VS': 0.989, 'HS': np.float64(1.183), 'MMD': np.float64(29.321)}, '2-184_22_4': {'VS': 0.245, 'HS': np.float64(1.076), 'MMD': np.float64(32.573)}, '3-184_22_97_4_4_6': {'VS': 0.233, 'HS': np.float64(1.063), 'MMD': np.float64(32.422)}, '4-184_22_97_999_4_4_6_0_0_0': {'VS': 0.207, 'HS': np.float64(1.051), 'MMD': np.float64(34.651)}}",255,0.197,43.39,0.276,0,0,0,0,0,0,0,0,0,0,0,0,0,0,0,0,0,0,0,0,0
3-184_31_999_4_0_0,3,247,1.04,34.425,"{'1-184_': {'VS': 0.567, 'HS': np.float64(1.408), 'MMD': np.float64(38.19)}, '2-184_31_4': {'VS': 0.036, 'HS': np.float64(1.314), 'MMD': np.float64(35.424)}, '3-184_31_999_4_0_0': {'VS': 0.0, 'HS': 0.0, 'MMD': 0.0}}","{'1-184_': {'VS': 0.989, 'HS': np.float64(1.183), 'MMD': np.float64(29.321)}, '2-184_31_4': {'VS': 0.229, 'HS': np.float64(1.039), 'MMD': np.float64(32.297)}, '3-184_31_999_4_0_0': {'VS': 0.2, 'HS': np.float64(1.04), 'MMD': np.float64(34.425)}}",247,0.193,44.219,0.307,0,0,0,0,0,0,0,0,0,0,0,0,0,0,0,0,0,0,0,0,0
3-184_97_999_4_0_0,3,260,1.058,34.642,"{'1-184_': {'VS': 0.567, 'HS': np.float64(1.408), 'MMD': np.float64(38.19)}, '2-184_97_4': {'VS': 0.036, 'HS': np.float64(1.412), 'MMD': np.float64(37.029)}, '3-184_97_999_4_0_0': {'VS': 0.0, 'HS': 0.0, 'MMD': 0.0}}","{'1-184_': {'VS': 0.989, 'HS': np.float64(1.183), 'MMD': np.float64(29.321)}, '2-184_97_4': {'VS': 0.237, 'HS': np.float64(1.068), 'MMD': np.float64(32.39)}, '3-184_97_999_4_0_0': {'VS': 0.211, 'HS': np.float64(1.058), 'MMD': np.float64(34.642)}}",260,0.201,50.09,0.311,0,0,0,0,0,0,0,0,0,0,0,0,0,0,0,0,0,0,0,0,0
4-184_136_212_999_4_4_0_0_0_0,4,266,2.586,35.128,"{'1-184_': {'VS': 0.567, 'HS': np.float64(1.408), 'MMD': np.float64(38.19)}, '2-184_136_4': {'VS': 0.062, 'HS': np.float64(1.857), 'MMD': np.float64(34.861)}, '3-184_136_212_4_4_0': {'VS': 0.053, 'HS': np.float64(5.31), 'MMD': np.float64(37.972)}, '4-184_136_212_999_4_4_0_0_0_0': {'VS': 0.0, 'HS': 0.0, 'MMD': 0.0}}","{'1-184_': {'VS': 0.989, 'HS': np.float64(1.183), 'MMD': np.float64(29.321)}, '2-184_136_4': {'VS': 0.342, 'HS': np.float64(1.358), 'MMD': np.float64(31.538)}, '3-184_136_212_4_4_0': {'VS': 0.241, 'HS': np.float64(2.737), 'MMD': np.float64(33.104)}, '4-184_136_212_999_4_4_0_0_0_0': {'VS': 0.216, 'HS': np.float64(2.586), 'MMD': np.float64(35.128)}}",266,0.188,37.8,0.297,0,0,0,0,0,0,0,0,0,0,0,0,0,0,0,0,0,0,0,0,0
4-184_136_213_999_4_4_0_0_0_0,4,247,2.632,35.186,"{'1-184_': {'VS': 0.567, 'HS': np.float64(1.408), 'MMD': np.float64(38.19)}, '2-184_136_4': {'VS': 0.062, 'HS': np.float64(1.857), 'MMD': np.float64(34.861)}, '3-184_136_213_4_4_0': {'VS': 0.048, 'HS': np.float64(4.895), 'MMD': np.float64(38.167)}, '4-184_136_213_999_4_4_0_0_0_0': {'VS': 0.0, 'HS': 0.0, 'MMD': 0.0}}","{'1-184_': {'VS': 0.989, 'HS': np.float64(1.183), 'MMD': np.float64(29.321)}, '2-184_136_4': {'VS': 0.342, 'HS': np.float64(1.358), 'MMD': np.float64(31.538)}, '3-184_136_213_4_4_0': {'VS': 0.224, 'HS': np.float64(2.757), 'MMD': np.float64(33.04)}, '4-184_136_213_999_4_4_0_0_0_0': {'VS': 0.2, 'HS': np.float64(2.632), 'MMD': np.float64(35.186)}}",247,0.176,38.663,0.293,1,1,0,0,0,0,0,0,0,0,0,0,0,0,0,0,0,0,0,0,1
3-184_136_999_4_0_0,3,391,1.348,33.76,"{'1-184_': {'VS': 0.567, 'HS': np.float64(1.408), 'MMD': np.float64(38.19)}, '2-184_136_4': {'VS': 0.062, 'HS': np.float64(1.857), 'MMD': np.float64(34.861)}, '3-184_136_999_4_0_0': {'VS': 0.0, 'HS': 0.0, 'MMD': 0.0}}","{'1-184_': {'VS': 0.989, 'HS': np.float64(1.183), 'MMD': np.float64(29.321)}, '2-184_136_4': {'VS': 0.342, 'HS': np.float64(1.358), 'MMD': np.float64(31.538)}, '3-184_136_999_4_0_0': {'VS': 0.317, 'HS': np.float64(1.348), 'MMD': np.float64(33.76)}}",391,0.28,44.851,0.351,0,0,0,0,0,0,0,0,0,0,0,0,0,0,0,0,0,0,0,0,0
3-214_193_999_4_0_0,3,354,1.534,31.33,"{'1-214_': {'VS': 0.711, 'HS': np.float64(3.365), 'MMD': np.float64(18.37)}, '2-214_193_4': {'VS': 0.22, 'HS': np.float64(2.421), 'MMD': np.float64(31.719)}, '3-214_193_999_4_0_0': {'VS': 0.0, 'HS': 0.0, 'MMD': 0.0}}","{'1-214_': {'VS': 0.979, 'HS': np.float64(2.121), 'MMD': np.float64(18.924)}, '2-214_193_4': {'VS': 0.303, 'HS': np.float64(1.588), 'MMD': np.float64(27.955)}, '3-214_193_999_4_0_0': {'VS': 0.287, 'HS': np.float64(1.534), 'MMD': np.float64(31.33)}}",354,0.083,7.237,0.175,0,0,0,0,0,0,0,0,0,0,0,0,0,0,0,0,0,0,0,0,0
4-214_226_212_999_6_4_4_0_0_0,4,322,3.506,34.579,"{'1-214_': {'VS': 0.711, 'HS': np.float64(3.365), 'MMD': np.float64(18.37)}, '2-214_226_6': {'VS': 0.159, 'HS': np.float64(1.088), 'MMD': np.float64(38.353)}, '3-214_226_212_6_4_4': {'VS': 0.134, 'HS': np.float64(7.805), 'MMD': np.float64(44.995)}, '4-214_226_212_999_6_4_4_0_0_0': {'VS': 0.0, 'HS': 0.0, 'MMD': 0.0}}","{'1-214_': {'VS': 0.979, 'HS': np.float64(2.121), 'MMD': np.float64(18.924)}, '2-214_226_6': {'VS': 0.318, 'HS': np.float64(1.02), 'MMD': np.float64(28.629)}, '3-214_226_212_6_4_4': {'VS': 0.263, 'HS': np.float64(3.84), 'MMD': np.float64(32.39)}, '4-214_226_212_999_6_4_4_0_0_0': {'VS': 0.261, 'HS': np.float64(3.506), 'MMD': np.float64(34.579)}}",322,0.129,84.583,0.185,0,0,0,0,0,0,0,0,0,0,0,0,0,0,0,0,0,0,0,0,0
4-214_226_224_999_6_4_4_0_0_0,4,251,2.582,34.769,"{'1-214_': {'VS': 0.711, 'HS': np.float64(3.365), 'MMD': np.float64(18.37)}, '2-214_226_6': {'VS': 0.159, 'HS': np.float64(1.088), 'MMD': np.float64(38.353)}, '3-214_226_224_6_4_4': {'VS': 0.026, 'HS': np.float64(3.754), 'MMD': np.float64(39.366)}, '4-214_226_224_999_6_4_4_0_0_0': {'VS': 0.0, 'HS': 0.0, 'MMD': 0.0}}","{'1-214_': {'VS': 0.979, 'HS': np.float64(2.121), 'MMD': np.float64(18.924)}, '2-214_226_6': {'VS': 0.318, 'HS': np.float64(1.02), 'MMD': np.float64(28.629)}, '3-214_226_224_6_4_4': {'VS': 0.207, 'HS': np.float64(2.753), 'MMD': np.float64(32.665)}, '4-214_226_224_999_6_4_4_0_0_0': {'VS': 0.203, 'HS': np.float64(2.582), 'MMD': np.float64(34.769)}}",251,0.181,46.589,0.203,0,0,0,0,0,0,0,0,0,0,0,0,0,0,0,0,0,0,0,0,0
4-214_226_213_999_6_4_4_0_0_0,4,308,3.344,34.576,"{'1-214_': {'VS': 0.711, 'HS': np.float64(3.365), 'MMD': np.float64(18.37)}, '2-214_226_6': {'VS': 0.159, 'HS': np.float64(1.088), 'MMD': np.float64(38.353)}, '3-214_226_213_6_4_4': {'VS': 0.129, 'HS': np.float64(7.388), 'MMD': np.float64(45.305)}, '4-214_226_213_999_6_4_4_0_0_0': {'VS': 0.0, 'HS': 0.0, 'MMD': 0.0}}","{'1-214_': {'VS': 0.979, 'HS': np.float64(2.121), 'MMD': np.float64(18.924)}, '2-214_226_6': {'VS': 0.318, 'HS': np.float64(1.02), 'MMD': np.float64(28.629)}, '3-214_226_213_6_4_4': {'VS': 0.251, 'HS': np.float64(3.623), 'MMD': np.float64(32.381)}, '4-214_226_213_999_6_4_4_0_0_0': {'VS': 0.25, 'HS': np.float64(3.344), 'MMD': np.float64(34.576)}}",308,0.122,87.298,0.183,0,0,0,0,0,0,0,0,0,0,0,0,0,0,0,0,0,0,0,0,0
3-214_226_999_6_0_0,3,390,1.021,31.113,"{'1-214_': {'VS': 0.711, 'HS': np.float64(3.365), 'MMD': np.float64(18.37)}, '2-214_226_6': {'VS': 0.159, 'HS': np.float64(1.088), 'MMD': np.float64(38.353)}, '3-214_226_999_6_0_0': {'VS': 0.0, 'HS': 0.0, 'MMD': 0.0}}","{'1-214_': {'VS': 0.979, 'HS': np.float64(2.121), 'MMD': np.float64(18.924)}, '2-214_226_6': {'VS': 0.318, 'HS': np.float64(1.02), 'MMD': np.float64(28.629)}, '3-214_226_999_6_0_0': {'VS': 0.316, 'HS': np.float64(1.021), 'MMD': np.float64(31.113)}}",390,0.159,47.432,0.214,0,0,0,0,0,0,0,0,0,0,0,0,0,0,0,0,0,0,0,0,0
3-214_202_999_0_0_0,3,304,2.336,23.02,"{'1-214_': {'VS': 0.711, 'HS': np.float64(3.365), 'MMD': np.float64(18.37)}, '2-214_202_0': {'VS': 0.303, 'HS': np.float64(5.49), 'MMD': np.float64(20.83)}, '3-214_202_999_0_0_0': {'VS': 0.0, 'HS': 0.0, 'MMD': 0.0}}","{'1-214_': {'VS': 0.979, 'HS': np.float64(2.121), 'MMD': np.float64(18.924)}, '2-214_202_0': {'VS': 0.268, 'HS': np.float64(2.634), 'MMD': np.float64(18.378)}, '3-214_202_999_0_0_0': {'VS': 0.246, 'HS': np.float64(2.336), 'MMD': np.float64(23.02)}}",304,-0.035,3.16,0.117,0,0,0,0,0,0,0,0,0,0,0,0,0,0,0,0,0,0,0,0,0
4-214_202_212_999_4_4_0_0_0_0,4,343,2.458,33.423,"{'1-214_': {'VS': 0.711, 'HS': np.float64(3.365), 'MMD': np.float64(18.37)}, '2-214_202_4': {'VS': 0.362, 'HS': np.float64(2.799), 'MMD': np.float64(31.72)}, '3-214_202_212_4_4_0': {'VS': 0.267, 'HS': np.float64(7.662), 'MMD': np.float64(38.457)}, '4-214_202_212_999_4_4_0_0_0_0': {'VS': 0.0, 'HS': 0.0, 'MMD': 0.0}}","{'1-214_': {'VS': 0.979, 'HS': np.float64(2.121), 'MMD': np.float64(18.924)}, '2-214_202_4': {'VS': 0.486, 'HS': np.float64(1.8), 'MMD': np.float64(27.042)}, '3-214_202_212_4_4_0': {'VS': 0.303, 'HS': np.float64(2.922), 'MMD': np.float64(30.697)}, '4-214_202_212_999_4_4_0_0_0_0': {'VS': 0.278, 'HS': np.float64(2.458), 'MMD': np.float64(33.423)}}",343,0.036,27.469,0.143,1,0,0,0,0,0,0,0,0,0,0,0,0,0,0,0,0,0,0,0,1
4-214_202_213_999_4_4_0_0_0_0,4,315,2.524,33.292,"{'1-214_': {'VS': 0.711, 'HS': np.float64(3.365), 'MMD': np.float64(18.37)}, '2-214_202_4': {'VS': 0.362, 'HS': np.float64(2.799), 'MMD': np.float64(31.72)}, '3-214_202_213_4_4_0': {'VS': 0.242, 'HS': np.float64(7.384), 'MMD': np.float64(39.315)}, '4-214_202_213_999_4_4_0_0_0_0': {'VS': 0.0, 'HS': 0.0, 'MMD': 0.0}}","{'1-214_': {'VS': 0.979, 'HS': np.float64(2.121), 'MMD': np.float64(18.924)}, '2-214_202_4': {'VS': 0.486, 'HS': np.float64(1.8), 'MMD': np.float64(27.042)}, '3-214_202_213_4_4_0': {'VS': 0.28, 'HS': np.float64(2.98), 'MMD': np.float64(30.663)}, '4-214_202_213_999_4_4_0_0_0_0': {'VS': 0.255, 'HS': np.float64(2.524), 'MMD': np.float64(33.292)}}",315,0.038,32.349,0.143,0,0,0,0,0,0,0,0,0,0,0,0,0,0,0,0,0,0,0,0,0
3-214_202_999_4_0_0,3,584,1.673,30.809,"{'1-214_': {'VS': 0.711, 'HS': np.float64(3.365), 'MMD': np.float64(18.37)}, '2-214_202_4': {'VS': 0.362, 'HS': np.float64(2.799), 'MMD': np.float64(31.72)}, '3-214_202_999_4_0_0': {'VS': 0.0, 'HS': 0.0, 'MMD': 0.0}}","{'1-214_': {'VS': 0.979, 'HS': np.float64(2.121), 'MMD': np.float64(18.924)}, '2-214_202_4': {'VS': 0.486, 'HS': np.float64(1.8), 'MMD': np.float64(27.042)}, '3-214_202_999_4_0_0': {'VS': 0.473, 'HS': np.float64(1.673), 'MMD': np.float64(30.809)}}",584,0.124,11.095,0.196,0,0,0,0,0,0,0,0,0,0,0,0,0,0,0,0,0,0,0,0,0
3-214_225_999_0_0_0,3,300,3.557,22.788,"{'1-214_': {'VS': 0.711, 'HS': np.float64(3.365), 'MMD': np.float64(18.37)}, '2-214_225_0': {'VS': 0.129, 'HS': np.float64(3.543), 'MMD': np.float64(12.883)}, '3-214_225_999_0_0_0': {'VS': 0.0, 'HS': 0.0, 'MMD': 0.0}}","{'1-214_': {'VS': 0.979, 'HS': np.float64(2.121), 'MMD': np.float64(18.924)}, '2-214_225_0': {'VS': 0.268, 'HS': np.float64(3.997), 'MMD': np.float64(16.059)}, '3-214_225_999_0_0_0': {'VS': 0.243, 'HS': np.float64(3.557), 'MMD': np.float64(22.788)}}",300,0.139,5.197,0.204,0,0,0,0,0,0,0,0,0,0,0,0,0,0,0,0,0,0,0,0,0
4-214_225_212_999_4_4_0_0_0_0,4,384,3.458,32.32,"{'1-214_': {'VS': 0.711, 'HS': np.float64(3.365), 'MMD': np.float64(18.37)}, '2-214_225_4': {'VS': 0.137, 'HS': np.float64(2.809), 'MMD': np.float64(24.044)}, '3-214_225_212_4_4_0': {'VS': 0.085, 'HS': np.float64(8.245), 'MMD': np.float64(32.866)}, '4-214_225_212_999_4_4_0_0_0_0': {'VS': 0.0, 'HS': 0.0, 'MMD': 0.0}}","{'1-214_': {'VS': 0.979, 'HS': np.float64(2.121), 'MMD': np.float64(18.924)}, '2-214_225_4': {'VS': 0.522, 'HS': np.float64(2.29), 'MMD': np.float64(24.956)}, '3-214_225_212_4_4_0': {'VS': 0.339, 'HS': np.float64(4.024), 'MMD': np.float64(29.209)}, '4-214_225_212_999_4_4_0_0_0_0': {'VS': 0.311, 'HS': np.float64(3.458), 'MMD': np.float64(32.32)}}",384,0.254,4.837,0.302,0,0,0,0,0,0,0,0,0,0,0,0,0,0,0,0,0,0,0,0,0
4-214_225_213_999_4_4_0_0_0_0,4,380,3.216,32.158,"{'1-214_': {'VS': 0.711, 'HS': np.float64(3.365), 'MMD': np.float64(18.37)}, '2-214_225_4': {'VS': 0.137, 'HS': np.float64(2.809), 'MMD': np.float64(24.044)}, '3-214_225_213_4_4_0': {'VS': 0.08, 'HS': np.float64(7.127), 'MMD': np.float64(32.663)}, '4-214_225_213_999_4_4_0_0_0_0': {'VS': 0.0, 'HS': 0.0, 'MMD': 0.0}}","{'1-214_': {'VS': 0.979, 'HS': np.float64(2.121), 'MMD': np.float64(18.924)}, '2-214_225_4': {'VS': 0.522, 'HS': np.float64(2.29), 'MMD': np.float64(24.956)}, '3-214_225_213_4_4_0': {'VS': 0.33, 'HS': np.float64(3.781), 'MMD': np.float64(29.115)}, '4-214_225_213_999_4_4_0_0_0_0': {'VS': 0.308, 'HS': np.float64(3.216), 'MMD': np.float64(32.158)}}",380,0.25,4.576,0.301,0,0,0,0,0,0,0,0,0,0,0,0,0,0,0,0,0,0,0,0,0
3-214_225_999_4_0_0,3,617,2.139,29.221,"{'1-214_': {'VS': 0.711, 'HS': np.float64(3.365), 'MMD': np.float64(18.37)}, '2-214_225_4': {'VS': 0.137, 'HS': np.float64(2.809), 'MMD': np.float64(24.044)}, '3-214_225_999_4_0_0': {'VS': 0.0, 'HS': 0.0, 'MMD': 0.0}}","{'1-214_': {'VS': 0.979, 'HS': np.float64(2.121), 'MMD': np.float64(18.924)}, '2-214_225_4': {'VS': 0.522, 'HS': np.float64(2.29), 'MMD': np.float64(24.956)}, '3-214_225_999_4_0_0': {'VS': 0.5, 'HS': np.float64(2.139), 'MMD': np.float64(29.221)}}",617,0.385,0.569,0.327,0,0,0,0,0,0,0,0,1,1,0,0,0,0,0,0,0,0,0,0,1
3-214_212_999_0_0_0,3,465,4.695,23.074,"{'1-214_': {'VS': 0.711, 'HS': np.float64(3.365), 'MMD': np.float64(18.37)}, '2-214_212_0': {'VS': 0.419, 'HS': np.float64(10.685), 'MMD': np.float64(17.473)}, '3-214_212_999_0_0_0': {'VS': 0.0, 'HS': 0.0, 'MMD': 0.0}}","{'1-214_': {'VS': 0.979, 'HS': np.float64(2.121), 'MMD': np.float64(18.924)}, '2-214_212_0': {'VS': 0.404, 'HS': np.float64(5.428), 'MMD': np.float64(17.598)}, '3-214_212_999_0_0_0': {'VS': 0.377, 'HS': np.float64(4.695), 'MMD': np.float64(23.074)}}",465,-0.015,0.161,0.127,0,0,0,0,0,0,0,0,0,0,0,0,0,0,0,0,0,0,0,0,0
3-214_212_999_3_0_0,3,502,1.088,25.843,"{'1-214_': {'VS': 0.711, 'HS': np.float64(3.365), 'MMD': np.float64(18.37)}, '2-214_212_3': {'VS': 0.275, 'HS': np.float64(1.3), 'MMD': np.float64(20.896)}, '3-214_212_999_3_0_0': {'VS': 0.0, 'HS': 0.0, 'MMD': 0.0}}","{'1-214_': {'VS': 0.979, 'HS': np.float64(2.121), 'MMD': np.float64(18.924)}, '2-214_212_3': {'VS': 0.413, 'HS': np.float64(1.104), 'MMD': np.float64(21.245)}, '3-214_212_999_3_0_0': {'VS': 0.407, 'HS': np.float64(1.088), 'MMD': np.float64(25.843)}}",502,0.138,0.214,0.203,0,0,0,0,0,0,0,0,0,0,0,0,0,0,0,0,0,0,0,0,0
4-214_212_202_999_4_4_0_0_0_0,4,347,2.767,33.109,"{'1-214_': {'VS': 0.711, 'HS': np.float64(3.365), 'MMD': np.float64(18.37)}, '2-214_212_4': {'VS': 0.506, 'HS': np.float64(5.922), 'MMD': np.float64(28.216)}, '3-214_212_202_4_4_0': {'VS': 0.273, 'HS': np.float64(7.36), 'MMD': np.float64(38.416)}, '4-214_212_202_999_4_4_0_0_0_0': {'VS': 0.0, 'HS': 0.0, 'MMD': 0.0}}","{'1-214_': {'VS': 0.979, 'HS': np.float64(2.121), 'MMD': np.float64(18.924)}, '2-214_212_4': {'VS': 0.741, 'HS': np.float64(3.268), 'MMD': np.float64(24.394)}, '3-214_212_202_4_4_0': {'VS': 0.305, 'HS': np.float64(3.154), 'MMD': np.float64(30.274)}, '4-214_212_202_999_4_4_0_0_0_0': {'VS': 0.281, 'HS': np.float64(2.767), 'MMD': np.float64(33.109)}}",347,0.032,27.069,0.178,0,0,0,0,0,0,0,0,0,0,0,0,0,0,0,0,0,0,0,0,0
4-214_212_225_999_4_4_0_0_0_0,4,407,3.462,32.294,"{'1-214_': {'VS': 0.711, 'HS': np.float64(3.365), 'MMD': np.float64(18.37)}, '2-214_212_4': {'VS': 0.506, 'HS': np.float64(5.922), 'MMD': np.float64(28.216)}, '3-214_212_225_4_4_0': {'VS': 0.085, 'HS': np.float64(7.791), 'MMD': np.float64(32.287)}, '4-214_212_225_999_4_4_0_0_0_0': {'VS': 0.0, 'HS': 0.0, 'MMD': 0.0}}","{'1-214_': {'VS': 0.979, 'HS': np.float64(2.121), 'MMD': np.float64(18.924)}, '2-214_212_4': {'VS': 0.741, 'HS': np.float64(3.268), 'MMD': np.float64(24.394)}, '3-214_212_225_4_4_0': {'VS': 0.344, 'HS': np.float64(4.085), 'MMD': np.float64(29.334)}, '4-214_212_225_999_4_4_0_0_0_0': {'VS': 0.33, 'HS': np.float64(3.462), 'MMD': np.float64(32.294)}}",407,0.259,7.878,0.254,0,0,0,0,0,0,0,0,0,0,0,0,0,0,0,0,0,0,0,0,0
4-214_212_220_999_4_4_0_0_0_0,4,283,2.806,32.588,"{'1-214_': {'VS': 0.711, 'HS': np.float64(3.365), 'MMD': np.float64(18.37)}, '2-214_212_4': {'VS': 0.506, 'HS': np.float64(5.922), 'MMD': np.float64(28.216)}, '3-214_212_220_4_4_0': {'VS': 0.203, 'HS': np.float64(7.821), 'MMD': np.float64(38.052)}, '4-214_212_220_999_4_4_0_0_0_0': {'VS': 0.0, 'HS': 0.0, 'MMD': 0.0}}","{'1-214_': {'VS': 0.979, 'HS': np.float64(2.121), 'MMD': np.float64(18.924)}, '2-214_212_4': {'VS': 0.741, 'HS': np.float64(3.268), 'MMD': np.float64(24.394)}, '3-214_212_220_4_4_0': {'VS': 0.243, 'HS': np.float64(3.27), 'MMD': np.float64(29.597)}, '4-214_212_220_999_4_4_0_0_0_0': {'VS': 0.229, 'HS': np.float64(2.806), 'MMD': np.float64(32.588)}}",283,0.04,28.801,0.181,0,0,0,0,0,0,0,0,0,0,0,0,0,0,0,0,0,0,0,0,0
4-214_212_208_999_4_4_0_0_0_0,4,282,2.578,32.819,"{'1-214_': {'VS': 0.711, 'HS': np.float64(3.365), 'MMD': np.float64(18.37)}, '2-214_212_4': {'VS': 0.506, 'HS': np.float64(5.922), 'MMD': np.float64(28.216)}, '3-214_212_208_4_4_0': {'VS': 0.225, 'HS': np.float64(6.576), 'MMD': np.float64(37.82)}, '4-214_212_208_999_4_4_0_0_0_0': {'VS': 0.0, 'HS': 0.0, 'MMD': 0.0}}","{'1-214_': {'VS': 0.979, 'HS': np.float64(2.121), 'MMD': np.float64(18.924)}, '2-214_212_4': {'VS': 0.741, 'HS': np.float64(3.268), 'MMD': np.float64(24.394)}, '3-214_212_208_4_4_0': {'VS': 0.25, 'HS': np.float64(2.945), 'MMD': np.float64(30.041)}, '4-214_212_208_999_4_4_0_0_0_0': {'VS': 0.229, 'HS': np.float64(2.578), 'MMD': np.float64(32.819)}}",282,0.025,25.142,0.176,0,0,0,0,0,0,0,0,0,0,0,0,0,0,0,0,0,0,0,0,0
4-214_212_224_999_4_3_0_0_0_0,4,250,2.516,30.942,"{'1-214_': {'VS': 0.711, 'HS': np.float64(3.365), 'MMD': np.float64(18.37)}, '2-214_212_4': {'VS': 0.506, 'HS': np.float64(5.922), 'MMD': np.float64(28.216)}, '3-214_212_224_4_3_0': {'VS': 0.037, 'HS': np.float64(2.954), 'MMD': np.float64(29.894)}, '4-214_212_224_999_4_3_0_0_0_0': {'VS': 0.0, 'HS': 0.0, 'MMD': 0.0}}","{'1-214_': {'VS': 0.979, 'HS': np.float64(2.121), 'MMD': np.float64(18.924)}, '2-214_212_4': {'VS': 0.741, 'HS': np.float64(3.268), 'MMD': np.float64(24.394)}, '3-214_212_224_4_3_0': {'VS': 0.207, 'HS': np.float64(2.776), 'MMD': np.float64(28.129)}, '4-214_212_224_999_4_3_0_0_0_0': {'VS': 0.203, 'HS': np.float64(2.516), 'MMD': np.float64(30.942)}}",250,0.17,6.01,0.224,0,0,0,0,0,0,0,0,0,0,0,0,0,0,0,0,0,0,0,0,0
4-214_212_224_999_4_4_0_0_0_0,4,383,3.389,32.403,"{'1-214_': {'VS': 0.711, 'HS': np.float64(3.365), 'MMD': np.float64(18.37)}, '2-214_212_4': {'VS': 0.506, 'HS': np.float64(5.922), 'MMD': np.float64(28.216)}, '3-214_212_224_4_4_0': {'VS': 0.085, 'HS': np.float64(8.406), 'MMD': np.float64(33.41)}, '4-214_212_224_999_4_4_0_0_0_0': {'VS': 0.0, 'HS': 0.0, 'MMD': 0.0}}","{'1-214_': {'VS': 0.979, 'HS': np.float64(2.121), 'MMD': np.float64(18.924)}, '2-214_212_4': {'VS': 0.741, 'HS': np.float64(3.268), 'MMD': np.float64(24.394)}, '3-214_212_224_4_4_0': {'VS': 0.327, 'HS': np.float64(4.025), 'MMD': np.float64(29.444)}, '4-214_212_224_999_4_4_0_0_0_0': {'VS': 0.31, 'HS': np.float64(3.389), 'MMD': np.float64(32.403)}}",383,0.242,10.215,0.248,0,0,0,0,0,0,0,0,0,0,0,0,0,0,0,0,0,0,0,0,0
4-214_212_172_999_4_4_0_0_0_0,4,338,2.568,32.34,"{'1-214_': {'VS': 0.711, 'HS': np.float64(3.365), 'MMD': np.float64(18.37)}, '2-214_212_4': {'VS': 0.506, 'HS': np.float64(5.922), 'MMD': np.float64(28.216)}, '3-214_212_172_4_4_0': {'VS': 0.227, 'HS': np.float64(5.656), 'MMD': np.float64(38.289)}, '4-214_212_172_999_4_4_0_0_0_0': {'VS': 0.0, 'HS': 0.0, 'MMD': 0.0}}","{'1-214_': {'VS': 0.979, 'HS': np.float64(2.121), 'MMD': np.float64(18.924)}, '2-214_212_4': {'VS': 0.741, 'HS': np.float64(3.268), 'MMD': np.float64(24.394)}, '3-214_212_172_4_4_0': {'VS': 0.294, 'HS': np.float64(2.909), 'MMD': np.float64(29.888)}, '4-214_212_172_999_4_4_0_0_0_0': {'VS': 0.274, 'HS': np.float64(2.568), 'MMD': np.float64(32.34)}}",338,0.067,28.497,0.19,0,0,0,0,0,0,0,0,0,0,0,0,0,0,0,0,0,0,0,0,0
4-214_212_199_999_4_4_0_0_0_0,4,267,2.652,33.669,"{'1-214_': {'VS': 0.711, 'HS': np.float64(3.365), 'MMD': np.float64(18.37)}, '2-214_212_4': {'VS': 0.506, 'HS': np.float64(5.922), 'MMD': np.float64(28.216)}, '3-214_212_199_4_4_0': {'VS': 0.214, 'HS': np.float64(6.866), 'MMD': np.float64(39.205)}, '4-214_212_199_999_4_4_0_0_0_0': {'VS': 0.0, 'HS': 0.0, 'MMD': 0.0}}","{'1-214_': {'VS': 0.979, 'HS': np.float64(2.121), 'MMD': np.float64(18.924)}, '2-214_212_4': {'VS': 0.741, 'HS': np.float64(3.268), 'MMD': np.float64(24.394)}, '3-214_212_199_4_4_0': {'VS': 0.227, 'HS': np.float64(3.107), 'MMD': np.float64(31.039)}, '4-214_212_199_999_4_4_0_0_0_0': {'VS': 0.216, 'HS': np.float64(2.652), 'MMD': np.float64(33.669)}}",267,0.013,27.199,0.172,0,0,0,0,0,0,0,0,0,0,0,0,0,0,0,0,0,0,0,0,0
4-214_212_169_999_4_4_0_0_0_0,4,253,2.636,32.128,"{'1-214_': {'VS': 0.711, 'HS': np.float64(3.365), 'MMD': np.float64(18.37)}, '2-214_212_4': {'VS': 0.506, 'HS': np.float64(5.922), 'MMD': np.float64(28.216)}, '3-214_212_169_4_4_0': {'VS': 0.154, 'HS': np.float64(5.357), 'MMD': np.float64(37.431)}, '4-214_212_169_999_4_4_0_0_0_0': {'VS': 0.0, 'HS': 0.0, 'MMD': 0.0}}","{'1-214_': {'VS': 0.979, 'HS': np.float64(2.121), 'MMD': np.float64(18.924)}, '2-214_212_4': {'VS': 0.741, 'HS': np.float64(3.268), 'MMD': np.float64(24.394)}, '3-214_212_169_4_4_0': {'VS': 0.22, 'HS': np.float64(2.923), 'MMD': np.float64(29.323)}, '4-214_212_169_999_4_4_0_0_0_0': {'VS': 0.205, 'HS': np.float64(2.636), 'MMD': np.float64(32.128)}}",253,0.066,26.885,0.19,0,0,0,0,0,0,0,0,0,0,0,0,0,0,0,0,0,0,0,0,0
3-214_212_999_4_0_0,3,902,3.024,28.712,"{'1-214_': {'VS': 0.711, 'HS': np.float64(3.365), 'MMD': np.float64(18.37)}, '2-214_212_4': {'VS': 0.506, 'HS': np.float64(5.922), 'MMD': np.float64(28.216)}, '3-214_212_999_4_0_0': {'VS': 0.0, 'HS': 0.0, 'MMD': 0.0}}","{'1-214_': {'VS': 0.979, 'HS': np.float64(2.121), 'MMD': np.float64(18.924)}, '2-214_212_4': {'VS': 0.741, 'HS': np.float64(3.268), 'MMD': np.float64(24.394)}, '3-214_212_999_4_0_0': {'VS': 0.731, 'HS': np.float64(3.024), 'MMD': np.float64(28.712)}}",902,0.235,7.457,0.252,0,0,0,0,1,1,0,0,0,0,0,0,0,0,0,0,0,0,0,0,1
3-214_220_999_0_0_0,3,254,2.949,22.486,"{'1-214_': {'VS': 0.711, 'HS': np.float64(3.365), 'MMD': np.float64(18.37)}, '2-214_220_0': {'VS': 0.234, 'HS': np.float64(5.665), 'MMD': np.float64(19.802)}, '3-214_220_999_0_0_0': {'VS': 0.0, 'HS': 0.0, 'MMD': 0.0}}","{'1-214_': {'VS': 0.979, 'HS': np.float64(2.121), 'MMD': np.float64(18.924)}, '2-214_220_0': {'VS': 0.225, 'HS': np.float64(3.284), 'MMD': np.float64(17.712)}, '3-214_220_999_0_0_0': {'VS': 0.206, 'HS': np.float64(2.949), 'MMD': np.float64(22.486)}}",254,-0.009,2.338,0.13,0,0,0,0,0,0,0,0,0,0,0,0,0,0,0,0,0,0,0,0,0
4-214_220_212_999_4_4_0_0_0_0,4,269,3.071,33.532,"{'1-214_': {'VS': 0.711, 'HS': np.float64(3.365), 'MMD': np.float64(18.37)}, '2-214_220_4': {'VS': 0.282, 'HS': np.float64(2.862), 'MMD': np.float64(31.404)}, '3-214_220_212_4_4_0': {'VS': 0.204, 'HS': np.float64(7.733), 'MMD': np.float64(37.911)}, '4-214_220_212_999_4_4_0_0_0_0': {'VS': 0.0, 'HS': 0.0, 'MMD': 0.0}}","{'1-214_': {'VS': 0.979, 'HS': np.float64(2.121), 'MMD': np.float64(18.924)}, '2-214_220_4': {'VS': 0.408, 'HS': np.float64(1.779), 'MMD': np.float64(26.061)}, '3-214_220_212_4_4_0': {'VS': 0.24, 'HS': np.float64(3.524), 'MMD': np.float64(30.186)}, '4-214_220_212_999_4_4_0_0_0_0': {'VS': 0.218, 'HS': np.float64(3.071), 'MMD': np.float64(33.532)}}",269,0.036,29.51,0.143,0,0,0,0,0,0,0,0,0,0,0,0,0,0,0,0,0,0,0,0,0
4-214_220_213_999_4_4_0_0_0_0,4,263,2.882,33.354,"{'1-214_': {'VS': 0.711, 'HS': np.float64(3.365), 'MMD': np.float64(18.37)}, '2-214_220_4': {'VS': 0.282, 'HS': np.float64(2.862), 'MMD': np.float64(31.404)}, '3-214_220_213_4_4_0': {'VS': 0.183, 'HS': np.float64(7.413), 'MMD': np.float64(38.586)}, '4-214_220_213_999_4_4_0_0_0_0': {'VS': 0.0, 'HS': 0.0, 'MMD': 0.0}}","{'1-214_': {'VS': 0.979, 'HS': np.float64(2.121), 'MMD': np.float64(18.924)}, '2-214_220_4': {'VS': 0.408, 'HS': np.float64(1.779), 'MMD': np.float64(26.061)}, '3-214_220_213_4_4_0': {'VS': 0.231, 'HS': np.float64(3.34), 'MMD': np.float64(30.389)}, '4-214_220_213_999_4_4_0_0_0_0': {'VS': 0.213, 'HS': np.float64(2.882), 'MMD': np.float64(33.354)}}",263,0.048,32.015,0.147,0,0,0,0,0,0,0,0,0,0,0,0,0,0,0,0,0,0,0,0,0
3-214_220_999_4_0_0,3,480,1.683,30.039,"{'1-214_': {'VS': 0.711, 'HS': np.float64(3.365), 'MMD': np.float64(18.37)}, '2-214_220_4': {'VS': 0.282, 'HS': np.float64(2.862), 'MMD': np.float64(31.404)}, '3-214_220_999_4_0_0': {'VS': 0.0, 'HS': 0.0, 'MMD': 0.0}}","{'1-214_': {'VS': 0.979, 'HS': np.float64(2.121), 'MMD': np.float64(18.924)}, '2-214_220_4': {'VS': 0.408, 'HS': np.float64(1.779), 'MMD': np.float64(26.061)}, '3-214_220_999_4_0_0': {'VS': 0.389, 'HS': np.float64(1.683), 'MMD': np.float64(30.039)}}",480,0.126,14.427,0.197,0,0,0,0,0,0,0,0,0,0,0,0,0,0,0,0,0,0,0,0,0
3-214_208_999_0_0_0,3,266,2.417,23.143,"{'1-214_': {'VS': 0.711, 'HS': np.float64(3.365), 'MMD': np.float64(18.37)}, '2-214_208_0': {'VS': 0.263, 'HS': np.float64(5.278), 'MMD': np.float64(20.264)}, '3-214_208_999_0_0_0': {'VS': 0.0, 'HS': 0.0, 'MMD': 0.0}}","{'1-214_': {'VS': 0.979, 'HS': np.float64(2.121), 'MMD': np.float64(18.924)}, '2-214_208_0': {'VS': 0.238, 'HS': np.float64(2.724), 'MMD': np.float64(18.625)}, '3-214_208_999_0_0_0': {'VS': 0.216, 'HS': np.float64(2.417), 'MMD': np.float64(23.143)}}",266,-0.025,1.497,0.121,0,0,0,0,0,0,0,0,0,0,0,0,0,0,0,0,0,0,0,0,0
3-214_208_999_3_0_0,3,247,1.024,27.516,"{'1-214_': {'VS': 0.711, 'HS': np.float64(3.365), 'MMD': np.float64(18.37)}, '2-214_208_3': {'VS': 0.093, 'HS': np.float64(1.059), 'MMD': np.float64(27.784)}, '3-214_208_999_3_0_0': {'VS': 0.0, 'HS': 0.0, 'MMD': 0.0}}","{'1-214_': {'VS': 0.979, 'HS': np.float64(2.121), 'MMD': np.float64(18.924)}, '2-214_208_3': {'VS': 0.203, 'HS': np.float64(1.036), 'MMD': np.float64(23.482)}, '3-214_208_999_3_0_0': {'VS': 0.2, 'HS': np.float64(1.024), 'MMD': np.float64(27.516)}}",247,0.11,9.407,0.189,0,0,0,0,0,0,0,0,0,0,0,0,0,0,0,0,0,0,0,0,0
4-214_208_212_999_4_4_0_0_0_0,4,289,2.574,33.781,"{'1-214_': {'VS': 0.711, 'HS': np.float64(3.365), 'MMD': np.float64(18.37)}, '2-214_208_4': {'VS': 0.308, 'HS': np.float64(2.532), 'MMD': np.float64(31.457)}, '3-214_208_212_4_4_0': {'VS': 0.219, 'HS': np.float64(6.798), 'MMD': np.float64(38.416)}, '4-214_208_212_999_4_4_0_0_0_0': {'VS': 0.0, 'HS': 0.0, 'MMD': 0.0}}","{'1-214_': {'VS': 0.979, 'HS': np.float64(2.121), 'MMD': np.float64(18.924)}, '2-214_208_4': {'VS': 0.437, 'HS': np.float64(1.67), 'MMD': np.float64(26.393)}, '3-214_208_212_4_4_0': {'VS': 0.259, 'HS': np.float64(2.997), 'MMD': np.float64(30.795)}, '4-214_208_212_999_4_4_0_0_0_0': {'VS': 0.234, 'HS': np.float64(2.574), 'MMD': np.float64(33.781)}}",289,0.04,28.01,0.146,0,0,0,0,0,0,0,0,0,0,0,0,0,0,0,0,0,0,0,0,0
4-214_208_213_999_4_4_0_0_0_0,4,290,2.469,33.063,"{'1-214_': {'VS': 0.711, 'HS': np.float64(3.365), 'MMD': np.float64(18.37)}, '2-214_208_4': {'VS': 0.308, 'HS': np.float64(2.532), 'MMD': np.float64(31.457)}, '3-214_208_213_4_4_0': {'VS': 0.2, 'HS': np.float64(6.671), 'MMD': np.float64(38.865)}, '4-214_208_213_999_4_4_0_0_0_0': {'VS': 0.0, 'HS': 0.0, 'MMD': 0.0}}","{'1-214_': {'VS': 0.979, 'HS': np.float64(2.121), 'MMD': np.float64(18.924)}, '2-214_208_4': {'VS': 0.437, 'HS': np.float64(1.67), 'MMD': np.float64(26.393)}, '3-214_208_213_4_4_0': {'VS': 0.254, 'HS': np.float64(2.882), 'MMD': np.float64(30.196)}, '4-214_208_213_999_4_4_0_0_0_0': {'VS': 0.235, 'HS': np.float64(2.469), 'MMD': np.float64(33.063)}}",290,0.054,33.701,0.15,0,0,0,0,0,0,0,0,0,0,0,0,0,0,0,0,0,0,0,0,0
3-214_208_999_4_0_0,3,522,1.573,30.396,"{'1-214_': {'VS': 0.711, 'HS': np.float64(3.365), 'MMD': np.float64(18.37)}, '2-214_208_4': {'VS': 0.308, 'HS': np.float64(2.532), 'MMD': np.float64(31.457)}, '3-214_208_999_4_0_0': {'VS': 0.0, 'HS': 0.0, 'MMD': 0.0}}","{'1-214_': {'VS': 0.979, 'HS': np.float64(2.121), 'MMD': np.float64(18.924)}, '2-214_208_4': {'VS': 0.437, 'HS': np.float64(1.67), 'MMD': np.float64(26.393)}, '3-214_208_999_4_0_0': {'VS': 0.423, 'HS': np.float64(1.573), 'MMD': np.float64(30.396)}}",522,0.129,12.976,0.199,0,0,0,0,0,0,0,0,0,0,0,0,0,0,0,0,0,0,0,0,0
3-214_196_999_4_0_0,3,419,1.403,28.595,"{'1-214_': {'VS': 0.711, 'HS': np.float64(3.365), 'MMD': np.float64(18.37)}, '2-214_196_4': {'VS': 0.234, 'HS': np.float64(2.007), 'MMD': np.float64(31.288)}, '3-214_196_999_4_0_0': {'VS': 0.0, 'HS': 0.0, 'MMD': 0.0}}","{'1-214_': {'VS': 0.979, 'HS': np.float64(2.121), 'MMD': np.float64(18.924)}, '2-214_196_4': {'VS': 0.357, 'HS': np.float64(1.429), 'MMD': np.float64(25.006)}, '3-214_196_999_4_0_0': {'VS': 0.34, 'HS': np.float64(1.403), 'MMD': np.float64(28.595)}}",419,0.123,19.885,0.196,0,0,0,0,0,0,0,0,0,0,0,0,0,0,0,0,0,0,0,0,0
3-214_224_999_0_0_0,3,337,3.531,23.013,"{'1-214_': {'VS': 0.711, 'HS': np.float64(3.365), 'MMD': np.float64(18.37)}, '2-214_224_0': {'VS': 0.14, 'HS': np.float64(3.708), 'MMD': np.float64(16.268)}, '3-214_224_999_0_0_0': {'VS': 0.0, 'HS': 0.0, 'MMD': 0.0}}","{'1-214_': {'VS': 0.979, 'HS': np.float64(2.121), 'MMD': np.float64(18.924)}, '2-214_224_0': {'VS': 0.301, 'HS': np.float64(4.008), 'MMD': np.float64(18.726)}, '3-214_224_999_0_0_0': {'VS': 0.273, 'HS': np.float64(3.531), 'MMD': np.float64(23.013)}}",337,0.161,3.174,0.214,0,0,0,0,0,0,0,0,0,0,0,0,0,0,0,0,0,0,0,0,0
3-214_224_999_3_0_0,3,395,1.043,27.895,"{'1-214_': {'VS': 0.711, 'HS': np.float64(3.365), 'MMD': np.float64(18.37)}, '2-214_224_3': {'VS': 0.064, 'HS': np.float64(1.092), 'MMD': np.float64(19.822)}, '3-214_224_999_3_0_0': {'VS': 0.0, 'HS': 0.0, 'MMD': 0.0}}","{'1-214_': {'VS': 0.979, 'HS': np.float64(2.121), 'MMD': np.float64(18.924)}, '2-214_224_3': {'VS': 0.327, 'HS': np.float64(1.05), 'MMD': np.float64(24.048)}, '3-214_224_999_3_0_0': {'VS': 0.32, 'HS': np.float64(1.043), 'MMD': np.float64(27.895)}}",395,0.263,9.083,0.266,0,0,0,0,0,0,0,0,0,0,0,0,0,0,0,0,0,0,0,0,0
4-214_224_212_999_4_4_0_0_0_0,4,404,3.678,32.721,"{'1-214_': {'VS': 0.711, 'HS': np.float64(3.365), 'MMD': np.float64(18.37)}, '2-214_224_4': {'VS': 0.132, 'HS': np.float64(3.09), 'MMD': np.float64(25.945)}, '3-214_224_212_4_4_0': {'VS': 0.085, 'HS': np.float64(8.567), 'MMD': np.float64(34.123)}, '4-214_224_212_999_4_4_0_0_0_0': {'VS': 0.0, 'HS': 0.0, 'MMD': 0.0}}","{'1-214_': {'VS': 0.979, 'HS': np.float64(2.121), 'MMD': np.float64(18.924)}, '2-214_224_4': {'VS': 0.534, 'HS': np.float64(2.398), 'MMD': np.float64(25.811)}, '3-214_224_212_4_4_0': {'VS': 0.349, 'HS': np.float64(4.155), 'MMD': np.float64(29.511)}, '4-214_224_212_999_4_4_0_0_0_0': {'VS': 0.327, 'HS': np.float64(3.678), 'MMD': np.float64(32.721)}}",404,0.264,7.198,0.311,0,0,0,0,0,0,0,0,0,0,0,0,0,0,0,0,0,0,0,0,0
4-214_224_213_999_4_4_0_0_0_0,4,402,3.425,32.719,"{'1-214_': {'VS': 0.711, 'HS': np.float64(3.365), 'MMD': np.float64(18.37)}, '2-214_224_4': {'VS': 0.132, 'HS': np.float64(3.09), 'MMD': np.float64(25.945)}, '3-214_224_213_4_4_0': {'VS': 0.077, 'HS': np.float64(7.527), 'MMD': np.float64(34.32)}, '4-214_224_213_999_4_4_0_0_0_0': {'VS': 0.0, 'HS': 0.0, 'MMD': 0.0}}","{'1-214_': {'VS': 0.979, 'HS': np.float64(2.121), 'MMD': np.float64(18.924)}, '2-214_224_4': {'VS': 0.534, 'HS': np.float64(2.398), 'MMD': np.float64(25.811)}, '3-214_224_213_4_4_0': {'VS': 0.343, 'HS': np.float64(3.882), 'MMD': np.float64(29.459)}, '4-214_224_213_999_4_4_0_0_0_0': {'VS': 0.326, 'HS': np.float64(3.425), 'MMD': np.float64(32.719)}}",402,0.266,7.985,0.312,1,0,0,0,0,0,0,0,0,0,0,0,0,0,0,0,0,0,0,0,1
3-214_224_999_4_0_0,3,636,2.283,30.001,"{'1-214_': {'VS': 0.711, 'HS': np.float64(3.365), 'MMD': np.float64(18.37)}, '2-214_224_4': {'VS': 0.132, 'HS': np.float64(3.09), 'MMD': np.float64(25.945)}, '3-214_224_999_4_0_0': {'VS': 0.0, 'HS': 0.0, 'MMD': 0.0}}","{'1-214_': {'VS': 0.979, 'HS': np.float64(2.121), 'MMD': np.float64(18.924)}, '2-214_224_4': {'VS': 0.534, 'HS': np.float64(2.398), 'MMD': np.float64(25.811)}, '3-214_224_999_4_0_0': {'VS': 0.515, 'HS': np.float64(2.283), 'MMD': np.float64(30.001)}}",636,0.402,0.162,0.335,1,0,0,0,0,0,0,0,1,1,0,0,0,0,0,0,0,0,0,0,1
3-214_213_999_0_0_0,3,431,4.719,23.148,"{'1-214_': {'VS': 0.711, 'HS': np.float64(3.365), 'MMD': np.float64(18.37)}, '2-214_213_0': {'VS': 0.396, 'HS': np.float64(10.187), 'MMD': np.float64(17.299)}, '3-214_213_999_0_0_0': {'VS': 0.0, 'HS': 0.0, 'MMD': 0.0}}","{'1-214_': {'VS': 0.979, 'HS': np.float64(2.121), 'MMD': np.float64(18.924)}, '2-214_213_0': {'VS': 0.374, 'HS': np.float64(5.46), 'MMD': np.float64(17.674)}, '3-214_213_999_0_0_0': {'VS': 0.349, 'HS': np.float64(4.719), 'MMD': np.float64(23.148)}}",431,-0.022,0.224,0.123,0,0,0,0,0,0,0,0,0,0,0,0,0,0,0,0,0,0,0,0,0
3-214_213_999_3_0_0,3,411,1.092,24.355,"{'1-214_': {'VS': 0.711, 'HS': np.float64(3.365), 'MMD': np.float64(18.37)}, '2-214_213_3': {'VS': 0.243, 'HS': np.float64(1.231), 'MMD': np.float64(20.906)}, '3-214_213_999_3_0_0': {'VS': 0.0, 'HS': 0.0, 'MMD': 0.0}}","{'1-214_': {'VS': 0.979, 'HS': np.float64(2.121), 'MMD': np.float64(18.924)}, '2-214_213_3': {'VS': 0.34, 'HS': np.float64(1.107), 'MMD': np.float64(19.645)}, '3-214_213_999_3_0_0': {'VS': 0.333, 'HS': np.float64(1.092), 'MMD': np.float64(24.355)}}",411,0.097,0.949,0.183,0,0,0,0,0,0,0,0,0,0,0,0,0,0,0,0,0,0,0,0,0
4-214_213_202_999_4_4_0_0_0_0,4,323,2.678,32.848,"{'1-214_': {'VS': 0.711, 'HS': np.float64(3.365), 'MMD': np.float64(18.37)}, '2-214_213_4': {'VS': 0.477, 'HS': np.float64(5.564), 'MMD': np.float64(28.814)}, '3-214_213_202_4_4_0': {'VS': 0.251, 'HS': np.float64(7.118), 'MMD': np.float64(39.105)}, '4-214_213_202_999_4_4_0_0_0_0': {'VS': 0.0, 'HS': 0.0, 'MMD': 0.0}}","{'1-214_': {'VS': 0.979, 'HS': np.float64(2.121), 'MMD': np.float64(18.924)}, '2-214_213_4': {'VS': 0.707, 'HS': np.float64(3.115), 'MMD': np.float64(24.613)}, '3-214_213_202_4_4_0': {'VS': 0.284, 'HS': np.float64(2.943), 'MMD': np.float64(30.114)}, '4-214_213_202_999_4_4_0_0_0_0': {'VS': 0.262, 'HS': np.float64(2.678), 'MMD': np.float64(32.848)}}",323,0.033,32.931,0.177,0,0,0,0,0,0,0,0,0,0,0,0,0,0,0,0,0,0,0,0,0
4-214_213_225_999_4_4_0_0_0_0,4,381,3.507,32.91,"{'1-214_': {'VS': 0.711, 'HS': np.float64(3.365), 'MMD': np.float64(18.37)}, '2-214_213_4': {'VS': 0.477, 'HS': np.float64(5.564), 'MMD': np.float64(28.814)}, '3-214_213_225_4_4_0': {'VS': 0.078, 'HS': np.float64(7.27), 'MMD': np.float64(33.074)}, '4-214_213_225_999_4_4_0_0_0_0': {'VS': 0.0, 'HS': 0.0, 'MMD': 0.0}}","{'1-214_': {'VS': 0.979, 'HS': np.float64(2.121), 'MMD': np.float64(18.924)}, '2-214_213_4': {'VS': 0.707, 'HS': np.float64(3.115), 'MMD': np.float64(24.613)}, '3-214_213_225_4_4_0': {'VS': 0.327, 'HS': np.float64(3.916), 'MMD': np.float64(29.745)}, '4-214_213_225_999_4_4_0_0_0_0': {'VS': 0.309, 'HS': np.float64(3.507), 'MMD': np.float64(32.91)}}",381,0.249,9.679,0.249,0,0,0,0,0,0,0,0,0,0,0,0,0,0,0,0,0,0,0,0,0
4-214_213_220_999_4_4_0_0_0_0,4,252,2.925,32.587,"{'1-214_': {'VS': 0.711, 'HS': np.float64(3.365), 'MMD': np.float64(18.37)}, '2-214_213_4': {'VS': 0.477, 'HS': np.float64(5.564), 'MMD': np.float64(28.814)}, '3-214_213_220_4_4_0': {'VS': 0.19, 'HS': np.float64(7.513), 'MMD': np.float64(38.478)}, '4-214_213_220_999_4_4_0_0_0_0': {'VS': 0.0, 'HS': 0.0, 'MMD': 0.0}}","{'1-214_': {'VS': 0.979, 'HS': np.float64(2.121), 'MMD': np.float64(18.924)}, '2-214_213_4': {'VS': 0.707, 'HS': np.float64(3.115), 'MMD': np.float64(24.613)}, '3-214_213_220_4_4_0': {'VS': 0.223, 'HS': np.float64(3.196), 'MMD': np.float64(29.82)}, '4-214_213_220_999_4_4_0_0_0_0': {'VS': 0.204, 'HS': np.float64(2.925), 'MMD': np.float64(32.587)}}",252,0.033,30.972,0.177,0,0,0,0,0,0,0,0,0,0,0,0,0,0,0,0,0,0,0,0,0
4-214_213_208_999_4_4_0_0_0_0,4,268,2.519,33.198,"{'1-214_': {'VS': 0.711, 'HS': np.float64(3.365), 'MMD': np.float64(18.37)}, '2-214_213_4': {'VS': 0.477, 'HS': np.float64(5.564), 'MMD': np.float64(28.814)}, '3-214_213_208_4_4_0': {'VS': 0.207, 'HS': np.float64(6.418), 'MMD': np.float64(38.578)}, '4-214_213_208_999_4_4_0_0_0_0': {'VS': 0.0, 'HS': 0.0, 'MMD': 0.0}}","{'1-214_': {'VS': 0.979, 'HS': np.float64(2.121), 'MMD': np.float64(18.924)}, '2-214_213_4': {'VS': 0.707, 'HS': np.float64(3.115), 'MMD': np.float64(24.613)}, '3-214_213_208_4_4_0': {'VS': 0.233, 'HS': np.float64(2.844), 'MMD': np.float64(30.356)}, '4-214_213_208_999_4_4_0_0_0_0': {'VS': 0.217, 'HS': np.float64(2.519), 'MMD': np.float64(33.198)}}",268,0.026,28.519,0.175,1,1,0,0,0,0,0,0,0,0,0,0,0,0,0,0,0,0,0,0,1
4-214_213_224_999_4_4_0_0_0_0,4,358,3.425,32.642,"{'1-214_': {'VS': 0.711, 'HS': np.float64(3.365), 'MMD': np.float64(18.37)}, '2-214_213_4': {'VS': 0.477, 'HS': np.float64(5.564), 'MMD': np.float64(28.814)}, '3-214_213_224_4_4_0': {'VS': 0.079, 'HS': np.float64(7.634), 'MMD': np.float64(34.116)}, '4-214_213_224_999_4_4_0_0_0_0': {'VS': 0.0, 'HS': 0.0, 'MMD': 0.0}}","{'1-214_': {'VS': 0.979, 'HS': np.float64(2.121), 'MMD': np.float64(18.924)}, '2-214_213_4': {'VS': 0.707, 'HS': np.float64(3.115), 'MMD': np.float64(24.613)}, '3-214_213_224_4_4_0': {'VS': 0.306, 'HS': np.float64(3.867), 'MMD': np.float64(29.834)}, '4-214_213_224_999_4_4_0_0_0_0': {'VS': 0.29, 'HS': np.float64(3.425), 'MMD': np.float64(32.642)}}",358,0.227,12.097,0.242,0,0,0,0,0,0,0,0,0,0,0,0,0,0,0,0,0,0,0,0,0
4-214_213_172_999_4_4_0_0_0_0,4,316,2.592,32.323,"{'1-214_': {'VS': 0.711, 'HS': np.float64(3.365), 'MMD': np.float64(18.37)}, '2-214_213_4': {'VS': 0.477, 'HS': np.float64(5.564), 'MMD': np.float64(28.814)}, '3-214_213_172_4_4_0': {'VS': 0.213, 'HS': np.float64(5.201), 'MMD': np.float64(39.16)}, '4-214_213_172_999_4_4_0_0_0_0': {'VS': 0.0, 'HS': 0.0, 'MMD': 0.0}}","{'1-214_': {'VS': 0.979, 'HS': np.float64(2.121), 'MMD': np.float64(18.924)}, '2-214_213_4': {'VS': 0.707, 'HS': np.float64(3.115), 'MMD': np.float64(24.613)}, '3-214_213_172_4_4_0': {'VS': 0.273, 'HS': np.float64(2.819), 'MMD': np.float64(29.628)}, '4-214_213_172_999_4_4_0_0_0_0': {'VS': 0.256, 'HS': np.float64(2.592), 'MMD': np.float64(32.323)}}",316,0.06,36.271,0.186,0,0,0,0,0,0,0,0,0,0,0,0,0,0,0,0,0,0,0,0,0
3-214_213_999_4_0_0,3,857,2.901,28.962,"{'1-214_': {'VS': 0.711, 'HS': np.float64(3.365), 'MMD': np.float64(18.37)}, '2-214_213_4': {'VS': 0.477, 'HS': np.float64(5.564), 'MMD': np.float64(28.814)}, '3-214_213_999_4_0_0': {'VS': 0.0, 'HS': 0.0, 'MMD': 0.0}}","{'1-214_': {'VS': 0.979, 'HS': np.float64(2.121), 'MMD': np.float64(18.924)}, '2-214_213_4': {'VS': 0.707, 'HS': np.float64(3.115), 'MMD': np.float64(24.613)}, '3-214_213_999_4_0_0': {'VS': 0.694, 'HS': np.float64(2.901), 'MMD': np.float64(28.962)}}",857,0.23,8.978,0.249,0,0,0,0,1,0,0,0,0,0,0,0,0,0,0,0,0,0,0,0,1
3-214_172_999_0_0_0,3,352,2.551,22.668,"{'1-214_': {'VS': 0.711, 'HS': np.float64(3.365), 'MMD': np.float64(18.37)}, '2-214_172_0': {'VS': 0.266, 'HS': np.float64(4.056), 'MMD': np.float64(17.851)}, '3-214_172_999_0_0_0': {'VS': 0.0, 'HS': 0.0, 'MMD': 0.0}}","{'1-214_': {'VS': 0.979, 'HS': np.float64(2.121), 'MMD': np.float64(18.924)}, '2-214_172_0': {'VS': 0.306, 'HS': np.float64(2.854), 'MMD': np.float64(18.122)}, '3-214_172_999_0_0_0': {'VS': 0.285, 'HS': np.float64(2.551), 'MMD': np.float64(22.668)}}",352,0.04,0.19,0.154,0,0,0,0,0,0,0,0,0,0,0,0,0,0,0,0,0,0,0,0,0
4-214_172_212_999_4_4_0_0_0_0,4,247,2.445,32.73,"{'1-214_': {'VS': 0.711, 'HS': np.float64(3.365), 'MMD': np.float64(18.37)}, '2-214_172_4': {'VS': 0.323, 'HS': np.float64(2.09), 'MMD': np.float64(31.403)}, '3-214_172_212_4_4_0': {'VS': 0.237, 'HS': np.float64(5.468), 'MMD': np.float64(37.498)}, '4-214_172_212_999_4_4_0_0_0_0': {'VS': 0.0, 'HS': 0.0, 'MMD': 0.0}}","{'1-214_': {'VS': 0.979, 'HS': np.float64(2.121), 'MMD': np.float64(18.924)}, '2-214_172_4': {'VS': 0.455, 'HS': np.float64(1.48), 'MMD': np.float64(25.517)}, '3-214_172_212_4_4_0': {'VS': 0.227, 'HS': np.float64(2.714), 'MMD': np.float64(30.123)}, '4-214_172_212_999_4_4_0_0_0_0': {'VS': 0.2, 'HS': np.float64(2.445), 'MMD': np.float64(32.73)}}",247,-0.01,29.781,0.13,0,0,0,0,0,0,0,0,0,0,0,0,0,0,0,0,0,0,0,0,0
4-214_172_213_999_4_4_0_0_0_0,4,259,2.201,32.519,"{'1-214_': {'VS': 0.711, 'HS': np.float64(3.365), 'MMD': np.float64(18.37)}, '2-214_172_4': {'VS': 0.323, 'HS': np.float64(2.09), 'MMD': np.float64(31.403)}, '3-214_172_213_4_4_0': {'VS': 0.211, 'HS': np.float64(5.164), 'MMD': np.float64(38.611)}, '4-214_172_213_999_4_4_0_0_0_0': {'VS': 0.0, 'HS': 0.0, 'MMD': 0.0}}","{'1-214_': {'VS': 0.979, 'HS': np.float64(2.121), 'MMD': np.float64(18.924)}, '2-214_172_4': {'VS': 0.455, 'HS': np.float64(1.48), 'MMD': np.float64(25.517)}, '3-214_172_213_4_4_0': {'VS': 0.239, 'HS': np.float64(2.451), 'MMD': np.float64(29.766)}, '4-214_172_213_999_4_4_0_0_0_0': {'VS': 0.21, 'HS': np.float64(2.201), 'MMD': np.float64(32.519)}}",259,0.028,37.729,0.143,0,0,0,0,0,0,0,0,0,0,0,0,0,0,0,0,0,0,0,0,0
3-214_172_999_4_0_0,3,533,1.409,29.129,"{'1-214_': {'VS': 0.711, 'HS': np.float64(3.365), 'MMD': np.float64(18.37)}, '2-214_172_4': {'VS': 0.323, 'HS': np.float64(2.09), 'MMD': np.float64(31.403)}, '3-214_172_999_4_0_0': {'VS': 0.0, 'HS': 0.0, 'MMD': 0.0}}","{'1-214_': {'VS': 0.979, 'HS': np.float64(2.121), 'MMD': np.float64(18.924)}, '2-214_172_4': {'VS': 0.455, 'HS': np.float64(1.48), 'MMD': np.float64(25.517)}, '3-214_172_999_4_0_0': {'VS': 0.432, 'HS': np.float64(1.409), 'MMD': np.float64(29.129)}}",533,0.132,17.476,0.2,0,0,0,0,0,0,0,0,0,0,0,0,0,0,0,0,0,0,0,0,0
4-214_199_212_999_4_4_0_0_0_0,4,277,2.578,33.859,"{'1-214_': {'VS': 0.711, 'HS': np.float64(3.365), 'MMD': np.float64(18.37)}, '2-214_199_4': {'VS': 0.289, 'HS': np.float64(2.637), 'MMD': np.float64(32.864)}, '3-214_199_212_4_4_0': {'VS': 0.211, 'HS': np.float64(7.0), 'MMD': np.float64(39.363)}, '4-214_199_212_999_4_4_0_0_0_0': {'VS': 0.0, 'HS': 0.0, 'MMD': 0.0}}","{'1-214_': {'VS': 0.979, 'HS': np.float64(2.121), 'MMD': np.float64(18.924)}, '2-214_199_4': {'VS': 0.394, 'HS': np.float64(1.683), 'MMD': np.float64(27.661)}, '3-214_199_212_4_4_0': {'VS': 0.241, 'HS': np.float64(3.138), 'MMD': np.float64(31.107)}, '4-214_199_212_999_4_4_0_0_0_0': {'VS': 0.224, 'HS': np.float64(2.578), 'MMD': np.float64(33.859)}}",277,0.03,31.847,0.134,0,0,0,0,0,0,0,0,0,0,0,0,0,0,0,0,0,0,0,0,0
4-214_199_213_999_4_4_0_0_0_0,4,269,2.539,33.911,"{'1-214_': {'VS': 0.711, 'HS': np.float64(3.365), 'MMD': np.float64(18.37)}, '2-214_199_4': {'VS': 0.289, 'HS': np.float64(2.637), 'MMD': np.float64(32.864)}, '3-214_199_213_4_4_0': {'VS': 0.198, 'HS': np.float64(6.597), 'MMD': np.float64(39.813)}, '4-214_199_213_999_4_4_0_0_0_0': {'VS': 0.0, 'HS': 0.0, 'MMD': 0.0}}","{'1-214_': {'VS': 0.979, 'HS': np.float64(2.121), 'MMD': np.float64(18.924)}, '2-214_199_4': {'VS': 0.394, 'HS': np.float64(1.683), 'MMD': np.float64(27.661)}, '3-214_199_213_4_4_0': {'VS': 0.238, 'HS': np.float64(2.99), 'MMD': np.float64(30.901)}, '4-214_199_213_999_4_4_0_0_0_0': {'VS': 0.218, 'HS': np.float64(2.539), 'MMD': np.float64(33.911)}}",269,0.04,35.601,0.138,0,0,0,0,0,0,0,0,0,0,0,0,0,0,0,0,0,0,0,0,0
3-214_199_999_4_0_0,3,469,1.576,31.373,"{'1-214_': {'VS': 0.711, 'HS': np.float64(3.365), 'MMD': np.float64(18.37)}, '2-214_199_4': {'VS': 0.289, 'HS': np.float64(2.637), 'MMD': np.float64(32.864)}, '3-214_199_999_4_0_0': {'VS': 0.0, 'HS': 0.0, 'MMD': 0.0}}","{'1-214_': {'VS': 0.979, 'HS': np.float64(2.121), 'MMD': np.float64(18.924)}, '2-214_199_4': {'VS': 0.394, 'HS': np.float64(1.683), 'MMD': np.float64(27.661)}, '3-214_199_999_4_0_0': {'VS': 0.38, 'HS': np.float64(1.576), 'MMD': np.float64(31.373)}}",469,0.105,13.689,0.187,0,0,0,0,0,0,0,0,0,0,0,0,0,0,0,0,0,0,0,0,0
3-214_211_999_4_0_0,3,304,1.806,30.452,"{'1-214_': {'VS': 0.711, 'HS': np.float64(3.365), 'MMD': np.float64(18.37)}, '2-214_211_4': {'VS': 0.25, 'HS': np.float64(2.846), 'MMD': np.float64(31.929)}, '3-214_211_999_4_0_0': {'VS': 0.0, 'HS': 0.0, 'MMD': 0.0}}","{'1-214_': {'VS': 0.979, 'HS': np.float64(2.121), 'MMD': np.float64(18.924)}, '2-214_211_4': {'VS': 0.26, 'HS': np.float64(1.872), 'MMD': np.float64(26.704)}, '3-214_211_999_4_0_0': {'VS': 0.246, 'HS': np.float64(1.806), 'MMD': np.float64(30.452)}}",304,0.01,13.804,0.139,0,0,0,0,0,0,0,0,0,0,0,0,0,0,0,0,0,0,0,0,0
3-214_221_999_4_0_0,3,386,1.798,28.981,"{'1-214_': {'VS': 0.711, 'HS': np.float64(3.365), 'MMD': np.float64(18.37)}, '2-214_221_4': {'VS': 0.247, 'HS': np.float64(3.086), 'MMD': np.float64(30.287)}, '3-214_221_999_4_0_0': {'VS': 0.0, 'HS': 0.0, 'MMD': 0.0}}","{'1-214_': {'VS': 0.979, 'HS': np.float64(2.121), 'MMD': np.float64(18.924)}, '2-214_221_4': {'VS': 0.331, 'HS': np.float64(1.887), 'MMD': np.float64(24.889)}, '3-214_221_999_4_0_0': {'VS': 0.313, 'HS': np.float64(1.798), 'MMD': np.float64(28.981)}}",386,0.084,14.723,0.176,0,0,0,0,0,0,0,0,0,0,0,0,0,0,0,0,0,0,0,0,0
3-214_169_999_0_0_0,3,257,2.525,22.286,"{'1-214_': {'VS': 0.711, 'HS': np.float64(3.365), 'MMD': np.float64(18.37)}, '2-214_169_0': {'VS': 0.175, 'HS': np.float64(4.434), 'MMD': np.float64(17.849)}, '3-214_169_999_0_0_0': {'VS': 0.0, 'HS': 0.0, 'MMD': 0.0}}","{'1-214_': {'VS': 0.979, 'HS': np.float64(2.121), 'MMD': np.float64(18.924)}, '2-214_169_0': {'VS': 0.22, 'HS': np.float64(2.82), 'MMD': np.float64(18.037)}, '3-214_169_999_0_0_0': {'VS': 0.208, 'HS': np.float64(2.525), 'MMD': np.float64(22.286)}}",257,0.045,0.171,0.157,0,0,0,0,0,0,0,0,0,0,0,0,0,0,0,0,0,0,0,0,0
3-214_169_999_4_0_0,3,385,1.387,29.132,"{'1-214_': {'VS': 0.711, 'HS': np.float64(3.365), 'MMD': np.float64(18.37)}, '2-214_169_4': {'VS': 0.221, 'HS': np.float64(2.067), 'MMD': np.float64(30.872)}, '3-214_169_999_4_0_0': {'VS': 0.0, 'HS': 0.0, 'MMD': 0.0}}","{'1-214_': {'VS': 0.979, 'HS': np.float64(2.121), 'MMD': np.float64(18.924)}, '2-214_169_4': {'VS': 0.325, 'HS': np.float64(1.441), 'MMD': np.float64(25.833)}, '3-214_169_999_4_0_0': {'VS': 0.312, 'HS': np.float64(1.387), 'MMD': np.float64(29.132)}}",385,0.104,12.849,0.186,0,0,0,0,0,0,0,0,0,0,0,0,0,0,0,0,0,0,0,0,0
2-214_999_0,2,1207,2.002,24.423,"{'1-214_': {'VS': 0.711, 'HS': np.float64(3.365), 'MMD': np.float64(18.37)}, '2-214_999_0': {'VS': 0.0, 'HS': 0.0, 'MMD': 0.0}}","{'1-214_': {'VS': 0.979, 'HS': np.float64(2.121), 'MMD': np.float64(18.924)}, '2-214_999_0': {'VS': 0.978, 'HS': np.float64(2.002), 'MMD': np.float64(24.423)}}",1207,0.268,0.307,0.268,0,0,0,0,1,1,1,0,0,0,0,0,0,0,0,0,0,0,0,0,1
3-214_157_999_4_0_0,3,380,1.421,29.621,"{'1-214_': {'VS': 0.711, 'HS': np.float64(3.365), 'MMD': np.float64(18.37)}, '2-214_157_4': {'VS': 0.235, 'HS': np.float64(2.2), 'MMD': np.float64(32.152)}, '3-214_157_999_4_0_0': {'VS': 0.0, 'HS': 0.0, 'MMD': 0.0}}","{'1-214_': {'VS': 0.979, 'HS': np.float64(2.121), 'MMD': np.float64(18.924)}, '2-214_157_4': {'VS': 0.326, 'HS': np.float64(1.49), 'MMD': np.float64(26.168)}, '3-214_157_999_4_0_0': {'VS': 0.308, 'HS': np.float64(1.421), 'MMD': np.float64(29.621)}}",380,0.091,18.058,0.18,0,0,0,0,0,0,0,0,0,0,0,0,0,0,0,0,0,0,0,0,0
3-214_178_999_0_0_0,3,266,2.372,21.99,"{'1-214_': {'VS': 0.711, 'HS': np.float64(3.365), 'MMD': np.float64(18.37)}, '2-214_178_0': {'VS': 0.147, 'HS': np.float64(3.009), 'MMD': np.float64(18.295)}, '3-214_178_999_0_0_0': {'VS': 0.0, 'HS': 0.0, 'MMD': 0.0}}","{'1-214_': {'VS': 0.979, 'HS': np.float64(2.121), 'MMD': np.float64(18.924)}, '2-214_178_0': {'VS': 0.231, 'HS': np.float64(2.596), 'MMD': np.float64(18.845)}, '3-214_178_999_0_0_0': {'VS': 0.216, 'HS': np.float64(2.372), 'MMD': np.float64(21.99)}}",266,0.084,0.305,0.176,0,0,0,0,0,0,0,0,0,0,0,0,0,0,0,0,0,0,0,0,0
3-214_178_999_4_0_0,3,324,1.207,27.978,"{'1-214_': {'VS': 0.711, 'HS': np.float64(3.365), 'MMD': np.float64(18.37)}, '2-214_178_4': {'VS': 0.151, 'HS': np.float64(1.391), 'MMD': np.float64(30.13)}, '3-214_178_999_4_0_0': {'VS': 0.0, 'HS': 0.0, 'MMD': 0.0}}","{'1-214_': {'VS': 0.979, 'HS': np.float64(2.121), 'MMD': np.float64(18.924)}, '2-214_178_4': {'VS': 0.272, 'HS': np.float64(1.226), 'MMD': np.float64(25.161)}, '3-214_178_999_4_0_0': {'VS': 0.263, 'HS': np.float64(1.207), 'MMD': np.float64(27.978)}}",324,0.121,12.499,0.195,0,0,0,0,0,0,0,0,0,0,0,0,0,0,0,0,0,0,0,0,0
3-214_215_999_0_0_0,3,302,4.967,21.711,"{'1-214_': {'VS': 0.711, 'HS': np.float64(3.365), 'MMD': np.float64(18.37)}, '2-214_215_0': {'VS': 0.269, 'HS': np.float64(12.393), 'MMD': np.float64(15.342)}, '3-214_215_999_0_0_0': {'VS': 0.0, 'HS': 0.0, 'MMD': 0.0}}","{'1-214_': {'VS': 0.979, 'HS': np.float64(2.121), 'MMD': np.float64(18.924)}, '2-214_215_0': {'VS': 0.262, 'HS': np.float64(5.765), 'MMD': np.float64(15.915)}, '3-214_215_999_0_0_0': {'VS': 0.245, 'HS': np.float64(4.967), 'MMD': np.float64(21.711)}}",302,-0.007,0.318,0.131,0,0,0,0,0,0,0,0,0,0,0,0,0,0,0,0,0,0,0,0,0
4-214_215_212_999_1_0_0_0_0_0,4,356,4.469,23.37,"{'1-214_': {'VS': 0.711, 'HS': np.float64(3.365), 'MMD': np.float64(18.37)}, '2-214_215_1': {'VS': 0.377, 'HS': np.float64(4.147), 'MMD': np.float64(8.573)}, '3-214_215_212_1_0_0': {'VS': 0.312, 'HS': np.float64(11.343), 'MMD': np.float64(18.058)}, '4-214_215_212_999_1_0_0_0_0_0': {'VS': 0.0, 'HS': 0.0, 'MMD': 0.0}}","{'1-214_': {'VS': 0.979, 'HS': np.float64(2.121), 'MMD': np.float64(18.924)}, '2-214_215_1': {'VS': 0.372, 'HS': np.float64(2.813), 'MMD': np.float64(10.784)}, '3-214_215_212_1_0_0': {'VS': 0.306, 'HS': np.float64(5.283), 'MMD': np.float64(18.266)}, '4-214_215_212_999_1_0_0_0_0_0': {'VS': 0.288, 'HS': np.float64(4.469), 'MMD': np.float64(23.37)}}",356,-0.006,1.746,0.086,0,0,0,0,0,0,0,0,0,0,0,0,0,0,0,0,0,0,0,0,0
4-214_215_224_999_1_0_0_0_0_0,4,254,3.37,23.485,"{'1-214_': {'VS': 0.711, 'HS': np.float64(3.365), 'MMD': np.float64(18.37)}, '2-214_215_1': {'VS': 0.377, 'HS': np.float64(4.147), 'MMD': np.float64(8.573)}, '3-214_215_224_1_0_0': {'VS': 0.098, 'HS': np.float64(3.927), 'MMD': np.float64(17.095)}, '4-214_215_224_999_1_0_0_0_0_0': {'VS': 0.0, 'HS': 0.0, 'MMD': 0.0}}","{'1-214_': {'VS': 0.979, 'HS': np.float64(2.121), 'MMD': np.float64(18.924)}, '2-214_215_1': {'VS': 0.372, 'HS': np.float64(2.813), 'MMD': np.float64(10.784)}, '3-214_215_224_1_0_0': {'VS': 0.224, 'HS': np.float64(3.913), 'MMD': np.float64(19.527)}, '4-214_215_224_999_1_0_0_0_0_0': {'VS': 0.206, 'HS': np.float64(3.37), 'MMD': np.float64(23.485)}}",254,0.126,3.703,0.13,0,0,0,0,0,0,0,0,0,0,0,0,0,0,0,0,0,0,0,0,0
4-214_215_213_999_1_0_0_0_0_0,4,344,4.532,23.574,"{'1-214_': {'VS': 0.711, 'HS': np.float64(3.365), 'MMD': np.float64(18.37)}, '2-214_215_1': {'VS': 0.377, 'HS': np.float64(4.147), 'MMD': np.float64(8.573)}, '3-214_215_213_1_0_0': {'VS': 0.306, 'HS': np.float64(10.725), 'MMD': np.float64(18.206)}, '4-214_215_213_999_1_0_0_0_0_0': {'VS': 0.0, 'HS': 0.0, 'MMD': 0.0}}","{'1-214_': {'VS': 0.979, 'HS': np.float64(2.121), 'MMD': np.float64(18.924)}, '2-214_215_1': {'VS': 0.372, 'HS': np.float64(2.813), 'MMD': np.float64(10.784)}, '3-214_215_213_1_0_0': {'VS': 0.297, 'HS': np.float64(5.347), 'MMD': np.float64(18.501)}, '4-214_215_213_999_1_0_0_0_0_0': {'VS': 0.279, 'HS': np.float64(4.532), 'MMD': np.float64(23.574)}}",344,-0.009,1.761,0.085,0,0,0,0,0,0,0,0,0,0,0,0,0,0,0,0,0,0,0,0,0
4-214_215_172_999_1_0_0_0_0_0,4,259,2.413,23.351,"{'1-214_': {'VS': 0.711, 'HS': np.float64(3.365), 'MMD': np.float64(18.37)}, '2-214_215_1': {'VS': 0.377, 'HS': np.float64(4.147), 'MMD': np.float64(8.573)}, '3-214_215_172_1_0_0': {'VS': 0.184, 'HS': np.float64(4.224), 'MMD': np.float64(18.131)}, '4-214_215_172_999_1_0_0_0_0_0': {'VS': 0.0, 'HS': 0.0, 'MMD': 0.0}}","{'1-214_': {'VS': 0.979, 'HS': np.float64(2.121), 'MMD': np.float64(18.924)}, '2-214_215_1': {'VS': 0.372, 'HS': np.float64(2.813), 'MMD': np.float64(10.784)}, '3-214_215_172_1_0_0': {'VS': 0.225, 'HS': np.float64(2.759), 'MMD': np.float64(19.495)}, '4-214_215_172_999_1_0_0_0_0_0': {'VS': 0.21, 'HS': np.float64(2.413), 'MMD': np.float64(23.351)}}",259,0.041,2.352,0.101,0,0,0,0,0,0,0,0,0,0,0,0,0,0,0,0,0,0,0,0,0
3-214_215_999_1_0_0,3,449,2.608,20.639,"{'1-214_': {'VS': 0.711, 'HS': np.float64(3.365), 'MMD': np.float64(18.37)}, '2-214_215_1': {'VS': 0.377, 'HS': np.float64(4.147), 'MMD': np.float64(8.573)}, '3-214_215_999_1_0_0': {'VS': 0.0, 'HS': 0.0, 'MMD': 0.0}}","{'1-214_': {'VS': 0.979, 'HS': np.float64(2.121), 'MMD': np.float64(18.924)}, '2-214_215_1': {'VS': 0.372, 'HS': np.float64(2.813), 'MMD': np.float64(10.784)}, '3-214_215_999_1_0_0': {'VS': 0.364, 'HS': np.float64(2.608), 'MMD': np.float64(20.639)}}",449,-0.005,2.598,0.132,0,0,0,0,0,0,0,0,0,0,0,0,0,0,0,0,0,0,0,0,0
3-214_136_999_4_0_0,3,316,1.313,29.02,"{'1-214_': {'VS': 0.711, 'HS': np.float64(3.365), 'MMD': np.float64(18.37)}, '2-214_136_4': {'VS': 0.058, 'HS': np.float64(1.659), 'MMD': np.float64(26.653)}, '3-214_136_999_4_0_0': {'VS': 0.0, 'HS': 0.0, 'MMD': 0.0}}","{'1-214_': {'VS': 0.979, 'HS': np.float64(2.121), 'MMD': np.float64(18.924)}, '2-214_136_4': {'VS': 0.275, 'HS': np.float64(1.322), 'MMD': np.float64(25.437)}, '3-214_136_999_4_0_0': {'VS': 0.256, 'HS': np.float64(1.313), 'MMD': np.float64(29.02)}}",316,0.217,0.893,0.243,0,0,0,0,0,0,0,0,0,0,0,0,0,0,0,0,0,0,0,0,0
4-226_193_212_999_4_4_0_0_0_0,4,290,2.81,36.321,"{'1-226_': {'VS': 0.587, 'HS': np.float64(1.929), 'MMD': np.float64(33.524)}, '2-226_193_4': {'VS': 0.262, 'HS': np.float64(2.853), 'MMD': np.float64(43.493)}, '3-226_193_212_4_4_0': {'VS': 0.219, 'HS': np.float64(7.717), 'MMD': np.float64(45.318)}, '4-226_193_212_999_4_4_0_0_0_0': {'VS': 0.0, 'HS': 0.0, 'MMD': 0.0}}","{'1-226_': {'VS': 0.992, 'HS': np.float64(1.375), 'MMD': np.float64(27.415)}, '2-226_193_4': {'VS': 0.402, 'HS': np.float64(1.714), 'MMD': np.float64(32.83)}, '3-226_193_212_4_4_0': {'VS': 0.262, 'HS': np.float64(3.167), 'MMD': np.float64(34.272)}, '4-226_193_212_999_4_4_0_0_0_0': {'VS': 0.235, 'HS': np.float64(2.81), 'MMD': np.float64(36.321)}}",290,0.043,91.011,0.196,0,0,0,0,0,0,0,0,0,0,0,0,0,0,0,0,0,0,0,0,0
4-226_193_213_999_4_4_0_0_0_0,4,287,2.666,36.206,"{'1-226_': {'VS': 0.587, 'HS': np.float64(1.929), 'MMD': np.float64(33.524)}, '2-226_193_4': {'VS': 0.262, 'HS': np.float64(2.853), 'MMD': np.float64(43.493)}, '3-226_193_213_4_4_0': {'VS': 0.205, 'HS': np.float64(7.347), 'MMD': np.float64(45.835)}, '4-226_193_213_999_4_4_0_0_0_0': {'VS': 0.0, 'HS': 0.0, 'MMD': 0.0}}","{'1-226_': {'VS': 0.992, 'HS': np.float64(1.375), 'MMD': np.float64(27.415)}, '2-226_193_4': {'VS': 0.402, 'HS': np.float64(1.714), 'MMD': np.float64(32.83)}, '3-226_193_213_4_4_0': {'VS': 0.259, 'HS': np.float64(2.991), 'MMD': np.float64(34.194)}, '4-226_193_213_999_4_4_0_0_0_0': {'VS': 0.233, 'HS': np.float64(2.666), 'MMD': np.float64(36.206)}}",287,0.054,95.511,0.2,0,0,0,0,0,0,0,0,0,0,0,0,0,0,0,0,0,0,0,0,0
3-226_193_999_4_0_0,3,473,1.653,34.988,"{'1-226_': {'VS': 0.587, 'HS': np.float64(1.929), 'MMD': np.float64(33.524)}, '2-226_193_4': {'VS': 0.262, 'HS': np.float64(2.853), 'MMD': np.float64(43.493)}, '3-226_193_999_4_0_0': {'VS': 0.0, 'HS': 0.0, 'MMD': 0.0}}","{'1-226_': {'VS': 0.992, 'HS': np.float64(1.375), 'MMD': np.float64(27.415)}, '2-226_193_4': {'VS': 0.402, 'HS': np.float64(1.714), 'MMD': np.float64(32.83)}, '3-226_193_999_4_0_0': {'VS': 0.383, 'HS': np.float64(1.653), 'MMD': np.float64(34.988)}}",473,0.14,75.51,0.273,0,0,0,0,0,0,0,0,0,0,0,0,0,0,0,0,0,0,0,0,0
3-226_214_999_3_0_0,3,413,1.034,32.161,"{'1-226_': {'VS': 0.587, 'HS': np.float64(1.929), 'MMD': np.float64(33.524)}, '2-226_214_3': {'VS': 0.198, 'HS': np.float64(1.085), 'MMD': np.float64(40.194)}, '3-226_214_999_3_0_0': {'VS': 0.0, 'HS': 0.0, 'MMD': 0.0}}","{'1-226_': {'VS': 0.992, 'HS': np.float64(1.375), 'MMD': np.float64(27.415)}, '2-226_214_3': {'VS': 0.335, 'HS': np.float64(1.046), 'MMD': np.float64(29.699)}, '3-226_214_999_3_0_0': {'VS': 0.335, 'HS': np.float64(1.034), 'MMD': np.float64(32.161)}}",413,0.137,73.732,0.271,0,0,0,0,0,0,0,0,0,0,0,0,0,0,0,0,0,0,0,0,0
4-226_214_212_999_4_4_0_0_0_0,4,277,4.357,35.46,"{'1-226_': {'VS': 0.587, 'HS': np.float64(1.929), 'MMD': np.float64(33.524)}, '2-226_214_4': {'VS': 0.248, 'HS': np.float64(4.592), 'MMD': np.float64(41.328)}, '3-226_214_212_4_4_0': {'VS': 0.198, 'HS': np.float64(11.893), 'MMD': np.float64(44.003)}, '4-226_214_212_999_4_4_0_0_0_0': {'VS': 0.0, 'HS': 0.0, 'MMD': 0.0}}","{'1-226_': {'VS': 0.992, 'HS': np.float64(1.375), 'MMD': np.float64(27.415)}, '2-226_214_4': {'VS': 0.36, 'HS': np.float64(2.577), 'MMD': np.float64(31.435)}, '3-226_214_212_4_4_0': {'VS': 0.24, 'HS': np.float64(5.084), 'MMD': np.float64(33.093)}, '4-226_214_212_999_4_4_0_0_0_0': {'VS': 0.224, 'HS': np.float64(4.357), 'MMD': np.float64(35.46)}}",277,0.042,84.74,0.186,0,0,0,0,0,0,0,0,0,0,0,0,0,0,0,0,0,0,0,0,0
4-226_214_213_999_4_4_0_0_0_0,4,255,4.2,35.122,"{'1-226_': {'VS': 0.587, 'HS': np.float64(1.929), 'MMD': np.float64(33.524)}, '2-226_214_4': {'VS': 0.248, 'HS': np.float64(4.592), 'MMD': np.float64(41.328)}, '3-226_214_213_4_4_0': {'VS': 0.179, 'HS': np.float64(11.79), 'MMD': np.float64(44.445)}, '4-226_214_213_999_4_4_0_0_0_0': {'VS': 0.0, 'HS': 0.0, 'MMD': 0.0}}","{'1-226_': {'VS': 0.992, 'HS': np.float64(1.375), 'MMD': np.float64(27.415)}, '2-226_214_4': {'VS': 0.36, 'HS': np.float64(2.577), 'MMD': np.float64(31.435)}, '3-226_214_213_4_4_0': {'VS': 0.221, 'HS': np.float64(4.956), 'MMD': np.float64(32.946)}, '4-226_214_213_999_4_4_0_0_0_0': {'VS': 0.207, 'HS': np.float64(4.2), 'MMD': np.float64(35.122)}}",255,0.042,89.139,0.186,0,0,0,0,0,0,0,0,0,0,0,0,0,0,0,0,0,0,0,0,0
3-226_214_999_4_0_0,3,436,2.383,34.132,"{'1-226_': {'VS': 0.587, 'HS': np.float64(1.929), 'MMD': np.float64(33.524)}, '2-226_214_4': {'VS': 0.248, 'HS': np.float64(4.592), 'MMD': np.float64(41.328)}, '3-226_214_999_4_0_0': {'VS': 0.0, 'HS': 0.0, 'MMD': 0.0}}","{'1-226_': {'VS': 0.992, 'HS': np.float64(1.375), 'MMD': np.float64(27.415)}, '2-226_214_4': {'VS': 0.36, 'HS': np.float64(2.577), 'MMD': np.float64(31.435)}, '3-226_214_999_4_0_0': {'VS': 0.353, 'HS': np.float64(2.383), 'MMD': np.float64(34.132)}}",436,0.112,67.596,0.259,0,0,0,0,0,0,0,0,0,0,0,0,0,0,0,0,0,0,0,0,0
3-226_202_999_3_0_0,3,252,1.02,32.252,"{'1-226_': {'VS': 0.587, 'HS': np.float64(1.929), 'MMD': np.float64(33.524)}, '2-226_202_3': {'VS': 0.115, 'HS': np.float64(1.033), 'MMD': np.float64(39.361)}, '3-226_202_999_3_0_0': {'VS': 0.0, 'HS': 0.0, 'MMD': 0.0}}","{'1-226_': {'VS': 0.992, 'HS': np.float64(1.375), 'MMD': np.float64(27.415)}, '2-226_202_3': {'VS': 0.206, 'HS': np.float64(1.02), 'MMD': np.float64(29.62)}, '3-226_202_999_3_0_0': {'VS': 0.204, 'HS': np.float64(1.02), 'MMD': np.float64(32.252)}}",252,0.091,66.103,0.248,0,0,0,0,0,0,0,0,0,0,0,0,0,0,0,0,0,0,0,0,0
4-226_202_225_999_4_4_0_0_0_0,4,312,2.224,35.801,"{'1-226_': {'VS': 0.587, 'HS': np.float64(1.929), 'MMD': np.float64(33.524)}, '2-226_202_4': {'VS': 0.405, 'HS': np.float64(3.304), 'MMD': np.float64(41.59)}, '3-226_202_225_4_4_0': {'VS': 0.065, 'HS': np.float64(4.412), 'MMD': np.float64(38.968)}, '4-226_202_225_999_4_4_0_0_0_0': {'VS': 0.0, 'HS': 0.0, 'MMD': 0.0}}","{'1-226_': {'VS': 0.992, 'HS': np.float64(1.375), 'MMD': np.float64(27.415)}, '2-226_202_4': {'VS': 0.613, 'HS': np.float64(1.918), 'MMD': np.float64(31.881)}, '3-226_202_225_4_4_0': {'VS': 0.276, 'HS': np.float64(2.544), 'MMD': np.float64(33.521)}, '4-226_202_225_999_4_4_0_0_0_0': {'VS': 0.253, 'HS': np.float64(2.224), 'MMD': np.float64(35.801)}}",312,0.211,53.751,0.275,0,0,0,0,0,0,0,0,0,0,0,0,0,0,0,0,0,0,0,0,0
4-226_202_212_999_4_4_0_0_0_0,4,477,2.809,35.997,"{'1-226_': {'VS': 0.587, 'HS': np.float64(1.929), 'MMD': np.float64(33.524)}, '2-226_202_4': {'VS': 0.405, 'HS': np.float64(3.304), 'MMD': np.float64(41.59)}, '3-226_202_212_4_4_0': {'VS': 0.342, 'HS': np.float64(8.656), 'MMD': np.float64(43.986)}, '4-226_202_212_999_4_4_0_0_0_0': {'VS': 0.0, 'HS': 0.0, 'MMD': 0.0}}","{'1-226_': {'VS': 0.992, 'HS': np.float64(1.375), 'MMD': np.float64(27.415)}, '2-226_202_4': {'VS': 0.613, 'HS': np.float64(1.918), 'MMD': np.float64(31.881)}, '3-226_202_212_4_4_0': {'VS': 0.42, 'HS': np.float64(3.257), 'MMD': np.float64(33.66)}, '4-226_202_212_999_4_4_0_0_0_0': {'VS': 0.387, 'HS': np.float64(2.809), 'MMD': np.float64(35.997)}}",477,0.078,79.404,0.23,0,0,0,0,0,0,0,0,0,0,0,0,0,0,0,0,0,0,0,0,0
4-226_202_208_999_4_4_0_0_0_0,4,288,1.67,36.299,"{'1-226_': {'VS': 0.587, 'HS': np.float64(1.929), 'MMD': np.float64(33.524)}, '2-226_202_4': {'VS': 0.405, 'HS': np.float64(3.304), 'MMD': np.float64(41.59)}, '3-226_202_208_4_4_0': {'VS': 0.223, 'HS': np.float64(3.865), 'MMD': np.float64(46.046)}, '4-226_202_208_999_4_4_0_0_0_0': {'VS': 0.0, 'HS': 0.0, 'MMD': 0.0}}","{'1-226_': {'VS': 0.992, 'HS': np.float64(1.375), 'MMD': np.float64(27.415)}, '2-226_202_4': {'VS': 0.613, 'HS': np.float64(1.918), 'MMD': np.float64(31.881)}, '3-226_202_208_4_4_0': {'VS': 0.255, 'HS': np.float64(1.841), 'MMD': np.float64(34.238)}, '4-226_202_208_999_4_4_0_0_0_0': {'VS': 0.233, 'HS': np.float64(1.67), 'MMD': np.float64(36.299)}}",288,0.032,90.338,0.215,0,0,0,0,0,0,0,0,0,0,0,0,0,0,0,0,0,0,0,0,0
4-226_202_224_999_4_4_0_0_0_0,4,299,2.274,35.896,"{'1-226_': {'VS': 0.587, 'HS': np.float64(1.929), 'MMD': np.float64(33.524)}, '2-226_202_4': {'VS': 0.405, 'HS': np.float64(3.304), 'MMD': np.float64(41.59)}, '3-226_202_224_4_4_0': {'VS': 0.066, 'HS': np.float64(5.166), 'MMD': np.float64(40.59)}, '4-226_202_224_999_4_4_0_0_0_0': {'VS': 0.0, 'HS': 0.0, 'MMD': 0.0}}","{'1-226_': {'VS': 0.992, 'HS': np.float64(1.375), 'MMD': np.float64(27.415)}, '2-226_202_4': {'VS': 0.613, 'HS': np.float64(1.918), 'MMD': np.float64(31.881)}, '3-226_202_224_4_4_0': {'VS': 0.267, 'HS': np.float64(2.564), 'MMD': np.float64(33.679)}, '4-226_202_224_999_4_4_0_0_0_0': {'VS': 0.242, 'HS': np.float64(2.274), 'MMD': np.float64(35.896)}}",299,0.201,59.782,0.271,0,0,0,0,0,0,0,0,0,0,0,0,0,0,0,0,0,0,0,0,0
4-226_202_213_999_4_4_0_0_0_0,4,443,2.808,35.822,"{'1-226_': {'VS': 0.587, 'HS': np.float64(1.929), 'MMD': np.float64(33.524)}, '2-226_202_4': {'VS': 0.405, 'HS': np.float64(3.304), 'MMD': np.float64(41.59)}, '3-226_202_213_4_4_0': {'VS': 0.317, 'HS': np.float64(8.253), 'MMD': np.float64(44.375)}, '4-226_202_213_999_4_4_0_0_0_0': {'VS': 0.0, 'HS': 0.0, 'MMD': 0.0}}","{'1-226_': {'VS': 0.992, 'HS': np.float64(1.375), 'MMD': np.float64(27.415)}, '2-226_202_4': {'VS': 0.613, 'HS': np.float64(1.918), 'MMD': np.float64(31.881)}, '3-226_202_213_4_4_0': {'VS': 0.392, 'HS': np.float64(3.258), 'MMD': np.float64(33.566)}, '4-226_202_213_999_4_4_0_0_0_0': {'VS': 0.359, 'HS': np.float64(2.808), 'MMD': np.float64(35.822)}}",443,0.075,82.806,0.229,0,0,0,0,0,0,0,0,0,0,0,0,0,0,0,0,0,0,0,0,0
4-226_202_172_999_4_4_0_0_0_0,4,290,1.662,35.769,"{'1-226_': {'VS': 0.587, 'HS': np.float64(1.929), 'MMD': np.float64(33.524)}, '2-226_202_4': {'VS': 0.405, 'HS': np.float64(3.304), 'MMD': np.float64(41.59)}, '3-226_202_172_4_4_0': {'VS': 0.214, 'HS': np.float64(3.004), 'MMD': np.float64(45.005)}, '4-226_202_172_999_4_4_0_0_0_0': {'VS': 0.0, 'HS': 0.0, 'MMD': 0.0}}","{'1-226_': {'VS': 0.992, 'HS': np.float64(1.375), 'MMD': np.float64(27.415)}, '2-226_202_4': {'VS': 0.613, 'HS': np.float64(1.918), 'MMD': np.float64(31.881)}, '3-226_202_172_4_4_0': {'VS': 0.259, 'HS': np.float64(1.846), 'MMD': np.float64(33.658)}, '4-226_202_172_999_4_4_0_0_0_0': {'VS': 0.235, 'HS': np.float64(1.662), 'MMD': np.float64(35.769)}}",290,0.045,86.78,0.219,0,0,0,0,0,0,0,0,0,0,0,0,0,0,0,0,0,0,0,0,0
3-226_202_999_4_0_0,3,744,1.785,34.344,"{'1-226_': {'VS': 0.587, 'HS': np.float64(1.929), 'MMD': np.float64(33.524)}, '2-226_202_4': {'VS': 0.405, 'HS': np.float64(3.304), 'MMD': np.float64(41.59)}, '3-226_202_999_4_0_0': {'VS': 0.0, 'HS': 0.0, 'MMD': 0.0}}","{'1-226_': {'VS': 0.992, 'HS': np.float64(1.375), 'MMD': np.float64(27.415)}, '2-226_202_4': {'VS': 0.613, 'HS': np.float64(1.918), 'MMD': np.float64(31.881)}, '3-226_202_999_4_0_0': {'VS': 0.603, 'HS': np.float64(1.785), 'MMD': np.float64(34.344)}}",744,0.208,65.792,0.306,0,0,0,0,1,0,0,0,0,0,0,0,0,0,0,0,0,0,0,0,1
4-226_225_202_999_4_4_0_0_0_0,4,296,2.243,35.797,"{'1-226_': {'VS': 0.587, 'HS': np.float64(1.929), 'MMD': np.float64(33.524)}, '2-226_225_4': {'VS': 0.12, 'HS': np.float64(3.204), 'MMD': np.float64(32.024)}, '3-226_225_202_4_4_0': {'VS': 0.063, 'HS': np.float64(4.557), 'MMD': np.float64(39.985)}, '4-226_225_202_999_4_4_0_0_0_0': {'VS': 0.0, 'HS': 0.0, 'MMD': 0.0}}","{'1-226_': {'VS': 0.992, 'HS': np.float64(1.375), 'MMD': np.float64(27.415)}, '2-226_225_4': {'VS': 0.596, 'HS': np.float64(2.549), 'MMD': np.float64(30.763)}, '3-226_225_202_4_4_0': {'VS': 0.267, 'HS': np.float64(2.544), 'MMD': np.float64(33.815)}, '4-226_225_202_999_4_4_0_0_0_0': {'VS': 0.24, 'HS': np.float64(2.243), 'MMD': np.float64(35.797)}}",296,0.204,25.66,0.362,0,0,0,0,0,0,0,0,0,0,0,0,0,0,0,0,0,0,0,0,0
4-226_225_212_999_4_3_0_0_0_0,4,274,2.077,35.033,"{'1-226_': {'VS': 0.587, 'HS': np.float64(1.929), 'MMD': np.float64(33.524)}, '2-226_225_4': {'VS': 0.12, 'HS': np.float64(3.204), 'MMD': np.float64(32.024)}, '3-226_225_212_4_3_0': {'VS': 0.019, 'HS': np.float64(2.178), 'MMD': np.float64(33.215)}, '4-226_225_212_999_4_3_0_0_0_0': {'VS': 0.0, 'HS': 0.0, 'MMD': 0.0}}","{'1-226_': {'VS': 0.992, 'HS': np.float64(1.375), 'MMD': np.float64(27.415)}, '2-226_225_4': {'VS': 0.596, 'HS': np.float64(2.549), 'MMD': np.float64(30.763)}, '3-226_225_212_4_3_0': {'VS': 0.231, 'HS': np.float64(2.27), 'MMD': np.float64(32.579)}, '4-226_225_212_999_4_3_0_0_0_0': {'VS': 0.222, 'HS': np.float64(2.077), 'MMD': np.float64(35.033)}}",274,0.212,13.105,0.364,0,0,0,0,0,0,0,0,0,0,0,0,0,0,0,0,0,0,0,0,0
4-226_225_212_999_4_4_0_0_0_0,4,519,3.829,35.446,"{'1-226_': {'VS': 0.587, 'HS': np.float64(1.929), 'MMD': np.float64(33.524)}, '2-226_225_4': {'VS': 0.12, 'HS': np.float64(3.204), 'MMD': np.float64(32.024)}, '3-226_225_212_4_4_0': {'VS': 0.089, 'HS': np.float64(9.872), 'MMD': np.float64(37.948)}, '4-226_225_212_999_4_4_0_0_0_0': {'VS': 0.0, 'HS': 0.0, 'MMD': 0.0}}","{'1-226_': {'VS': 0.992, 'HS': np.float64(1.375), 'MMD': np.float64(27.415)}, '2-226_225_4': {'VS': 0.596, 'HS': np.float64(2.549), 'MMD': np.float64(30.763)}, '3-226_225_212_4_4_0': {'VS': 0.447, 'HS': np.float64(4.658), 'MMD': np.float64(33.074)}, '4-226_225_212_999_4_4_0_0_0_0': {'VS': 0.421, 'HS': np.float64(3.829), 'MMD': np.float64(35.446)}}",519,0.358,20.889,0.413,0,0,0,0,0,0,0,0,1,0,0,0,0,0,0,0,1,1,0,0,1
4-226_225_208_999_4_4_0_0_0_0,4,272,2.129,35.426,"{'1-226_': {'VS': 0.587, 'HS': np.float64(1.929), 'MMD': np.float64(33.524)}, '2-226_225_4': {'VS': 0.12, 'HS': np.float64(3.204), 'MMD': np.float64(32.024)}, '3-226_225_208_4_4_0': {'VS': 0.057, 'HS': np.float64(4.418), 'MMD': np.float64(40.888)}, '4-226_225_208_999_4_4_0_0_0_0': {'VS': 0.0, 'HS': 0.0, 'MMD': 0.0}}","{'1-226_': {'VS': 0.992, 'HS': np.float64(1.375), 'MMD': np.float64(27.415)}, '2-226_225_4': {'VS': 0.596, 'HS': np.float64(2.549), 'MMD': np.float64(30.763)}, '3-226_225_208_4_4_0': {'VS': 0.246, 'HS': np.float64(2.434), 'MMD': np.float64(33.439)}, '4-226_225_208_999_4_4_0_0_0_0': {'VS': 0.22, 'HS': np.float64(2.129), 'MMD': np.float64(35.426)}}",272,0.189,31.466,0.357,0,0,0,0,0,0,0,0,0,0,0,0,0,0,0,0,0,0,0,0,0
4-226_225_213_999_4_4_0_0_0_0,4,504,3.671,35.45,"{'1-226_': {'VS': 0.587, 'HS': np.float64(1.929), 'MMD': np.float64(33.524)}, '2-226_225_4': {'VS': 0.12, 'HS': np.float64(3.204), 'MMD': np.float64(32.024)}, '3-226_225_213_4_4_0': {'VS': 0.079, 'HS': np.float64(9.0), 'MMD': np.float64(39.088)}, '4-226_225_213_999_4_4_0_0_0_0': {'VS': 0.0, 'HS': 0.0, 'MMD': 0.0}}","{'1-226_': {'VS': 0.992, 'HS': np.float64(1.375), 'MMD': np.float64(27.415)}, '2-226_225_4': {'VS': 0.596, 'HS': np.float64(2.549), 'MMD': np.float64(30.763)}, '3-226_225_213_4_4_0': {'VS': 0.434, 'HS': np.float64(4.45), 'MMD': np.float64(33.062)}, '4-226_225_213_999_4_4_0_0_0_0': {'VS': 0.408, 'HS': np.float64(3.671), 'MMD': np.float64(35.45)}}",504,0.355,25.074,0.412,0,0,0,0,0,0,0,0,1,0,0,0,0,0,0,0,1,1,0,0,1
4-226_225_172_999_4_4_0_0_0_0,4,303,2.149,35.098,"{'1-226_': {'VS': 0.587, 'HS': np.float64(1.929), 'MMD': np.float64(33.524)}, '2-226_225_4': {'VS': 0.12, 'HS': np.float64(3.204), 'MMD': np.float64(32.024)}, '3-226_225_172_4_4_0': {'VS': 0.061, 'HS': np.float64(3.924), 'MMD': np.float64(39.416)}, '4-226_225_172_999_4_4_0_0_0_0': {'VS': 0.0, 'HS': 0.0, 'MMD': 0.0}}","{'1-226_': {'VS': 0.992, 'HS': np.float64(1.375), 'MMD': np.float64(27.415)}, '2-226_225_4': {'VS': 0.596, 'HS': np.float64(2.549), 'MMD': np.float64(30.763)}, '3-226_225_172_4_4_0': {'VS': 0.268, 'HS': np.float64(2.48), 'MMD': np.float64(32.842)}, '4-226_225_172_999_4_4_0_0_0_0': {'VS': 0.246, 'HS': np.float64(2.149), 'MMD': np.float64(35.098)}}",303,0.207,27.376,0.363,0,0,0,0,0,0,0,0,0,0,0,0,0,0,0,0,0,0,0,0,0
3-226_225_999_4_0_0,3,718,2.343,33.533,"{'1-226_': {'VS': 0.587, 'HS': np.float64(1.929), 'MMD': np.float64(33.524)}, '2-226_225_4': {'VS': 0.12, 'HS': np.float64(3.204), 'MMD': np.float64(32.024)}, '3-226_225_999_4_0_0': {'VS': 0.0, 'HS': 0.0, 'MMD': 0.0}}","{'1-226_': {'VS': 0.992, 'HS': np.float64(1.375), 'MMD': np.float64(27.415)}, '2-226_225_4': {'VS': 0.596, 'HS': np.float64(2.549), 'MMD': np.float64(30.763)}, '3-226_225_999_4_0_0': {'VS': 0.582, 'HS': np.float64(2.343), 'MMD': np.float64(33.533)}}",718,0.476,19.455,0.441,0,0,0,0,1,0,0,0,1,1,1,0,0,0,0,0,1,1,1,0,1
3-226_212_999_3_0_0,3,486,1.029,31.659,"{'1-226_': {'VS': 0.587, 'HS': np.float64(1.929), 'MMD': np.float64(33.524)}, '2-226_212_3': {'VS': 0.212, 'HS': np.float64(1.116), 'MMD': np.float64(36.395)}, '3-226_212_999_3_0_0': {'VS': 0.0, 'HS': 0.0, 'MMD': 0.0}}","{'1-226_': {'VS': 0.992, 'HS': np.float64(1.375), 'MMD': np.float64(27.415)}, '2-226_212_3': {'VS': 0.396, 'HS': np.float64(1.031), 'MMD': np.float64(28.52)}, '3-226_212_999_3_0_0': {'VS': 0.394, 'HS': np.float64(1.029), 'MMD': np.float64(31.659)}}",486,0.184,49.668,0.295,0,0,0,0,0,0,0,0,0,0,0,0,0,0,0,0,0,0,0,0,0
4-226_212_193_999_4_4_0_0_0_0,4,299,2.863,35.903,"{'1-226_': {'VS': 0.587, 'HS': np.float64(1.929), 'MMD': np.float64(33.524)}, '2-226_212_4': {'VS': 0.496, 'HS': np.float64(7.198), 'MMD': np.float64(39.592)}, '3-226_212_193_4_4_0': {'VS': 0.21, 'HS': np.float64(8.153), 'MMD': np.float64(46.142)}, '4-226_212_193_999_4_4_0_0_0_0': {'VS': 0.0, 'HS': 0.0, 'MMD': 0.0}}","{'1-226_': {'VS': 0.992, 'HS': np.float64(1.375), 'MMD': np.float64(27.415)}, '2-226_212_4': {'VS': 0.841, 'HS': np.float64(3.632), 'MMD': np.float64(30.385)}, '3-226_212_193_4_4_0': {'VS': 0.266, 'HS': np.float64(3.277), 'MMD': np.float64(33.814)}, '4-226_212_193_999_4_4_0_0_0_0': {'VS': 0.242, 'HS': np.float64(2.863), 'MMD': np.float64(35.903)}}",299,0.056,91.356,0.269,0,0,0,0,0,0,0,0,0,0,0,0,0,0,0,0,0,0,0,0,0
4-226_212_214_999_4_4_0_0_0_0,4,250,3.992,35.03,"{'1-226_': {'VS': 0.587, 'HS': np.float64(1.929), 'MMD': np.float64(33.524)}, '2-226_212_4': {'VS': 0.496, 'HS': np.float64(7.198), 'MMD': np.float64(39.592)}, '3-226_212_214_4_4_0': {'VS': 0.204, 'HS': np.float64(11.381), 'MMD': np.float64(43.706)}, '4-226_212_214_999_4_4_0_0_0_0': {'VS': 0.0, 'HS': 0.0, 'MMD': 0.0}}","{'1-226_': {'VS': 0.992, 'HS': np.float64(1.375), 'MMD': np.float64(27.415)}, '2-226_212_4': {'VS': 0.841, 'HS': np.float64(3.632), 'MMD': np.float64(30.385)}, '3-226_212_214_4_4_0': {'VS': 0.22, 'HS': np.float64(4.574), 'MMD': np.float64(32.677)}, '4-226_212_214_999_4_4_0_0_0_0': {'VS': 0.203, 'HS': np.float64(3.992), 'MMD': np.float64(35.03)}}",250,0.016,81.243,0.255,0,0,0,0,0,0,0,0,0,0,0,0,0,0,0,0,0,0,0,0,0
4-226_212_202_999_4_4_0_0_0_0,4,476,2.931,35.298,"{'1-226_': {'VS': 0.587, 'HS': np.float64(1.929), 'MMD': np.float64(33.524)}, '2-226_212_4': {'VS': 0.496, 'HS': np.float64(7.198), 'MMD': np.float64(39.592)}, '3-226_212_202_4_4_0': {'VS': 0.348, 'HS': np.float64(8.339), 'MMD': np.float64(43.737)}, '4-226_212_202_999_4_4_0_0_0_0': {'VS': 0.0, 'HS': 0.0, 'MMD': 0.0}}","{'1-226_': {'VS': 0.992, 'HS': np.float64(1.375), 'MMD': np.float64(27.415)}, '2-226_212_4': {'VS': 0.841, 'HS': np.float64(3.632), 'MMD': np.float64(30.385)}, '3-226_212_202_4_4_0': {'VS': 0.415, 'HS': np.float64(3.359), 'MMD': np.float64(33.265)}, '4-226_212_202_999_4_4_0_0_0_0': {'VS': 0.386, 'HS': np.float64(2.931), 'MMD': np.float64(35.298)}}",476,0.067,77.251,0.272,0,0,0,0,0,0,0,0,0,0,0,0,0,0,0,0,0,0,0,0,0
4-226_212_225_999_4_4_0_0_0_0,4,534,3.961,35.204,"{'1-226_': {'VS': 0.587, 'HS': np.float64(1.929), 'MMD': np.float64(33.524)}, '2-226_212_4': {'VS': 0.496, 'HS': np.float64(7.198), 'MMD': np.float64(39.592)}, '3-226_212_225_4_4_0': {'VS': 0.09, 'HS': np.float64(9.259), 'MMD': np.float64(37.388)}, '4-226_212_225_999_4_4_0_0_0_0': {'VS': 0.0, 'HS': 0.0, 'MMD': 0.0}}","{'1-226_': {'VS': 0.992, 'HS': np.float64(1.375), 'MMD': np.float64(27.415)}, '2-226_212_4': {'VS': 0.841, 'HS': np.float64(3.632), 'MMD': np.float64(30.385)}, '3-226_212_225_4_4_0': {'VS': 0.458, 'HS': np.float64(4.671), 'MMD': np.float64(32.847)}, '4-226_212_225_999_4_4_0_0_0_0': {'VS': 0.433, 'HS': np.float64(3.961), 'MMD': np.float64(35.204)}}",534,0.368,47.57,0.373,0,0,0,0,0,0,0,0,1,1,0,0,0,0,0,0,0,0,0,0,1
4-226_212_220_999_4_4_0_0_0_0,4,379,3.124,35.592,"{'1-226_': {'VS': 0.587, 'HS': np.float64(1.929), 'MMD': np.float64(33.524)}, '2-226_212_4': {'VS': 0.496, 'HS': np.float64(7.198), 'MMD': np.float64(39.592)}, '3-226_212_220_4_4_0': {'VS': 0.253, 'HS': np.float64(8.977), 'MMD': np.float64(43.818)}, '4-226_212_220_999_4_4_0_0_0_0': {'VS': 0.0, 'HS': 0.0, 'MMD': 0.0}}","{'1-226_': {'VS': 0.992, 'HS': np.float64(1.375), 'MMD': np.float64(27.415)}, '2-226_212_4': {'VS': 0.841, 'HS': np.float64(3.632), 'MMD': np.float64(30.385)}, '3-226_212_220_4_4_0': {'VS': 0.327, 'HS': np.float64(3.581), 'MMD': np.float64(33.19)}, '4-226_212_220_999_4_4_0_0_0_0': {'VS': 0.307, 'HS': np.float64(3.124), 'MMD': np.float64(35.592)}}",379,0.074,78.348,0.275,0,0,0,0,0,0,0,0,0,0,0,0,0,0,0,0,0,0,0,0,0
4-226_212_208_999_4_4_0_0_0_0,4,432,2.808,35.646,"{'1-226_': {'VS': 0.587, 'HS': np.float64(1.929), 'MMD': np.float64(33.524)}, '2-226_212_4': {'VS': 0.496, 'HS': np.float64(7.198), 'MMD': np.float64(39.592)}, '3-226_212_208_4_4_0': {'VS': 0.282, 'HS': np.float64(8.233), 'MMD': np.float64(45.247)}, '4-226_212_208_999_4_4_0_0_0_0': {'VS': 0.0, 'HS': 0.0, 'MMD': 0.0}}","{'1-226_': {'VS': 0.992, 'HS': np.float64(1.375), 'MMD': np.float64(27.415)}, '2-226_212_4': {'VS': 0.841, 'HS': np.float64(3.632), 'MMD': np.float64(30.385)}, '3-226_212_208_4_4_0': {'VS': 0.382, 'HS': np.float64(3.184), 'MMD': np.float64(33.466)}, '4-226_212_208_999_4_4_0_0_0_0': {'VS': 0.35, 'HS': np.float64(2.808), 'MMD': np.float64(35.646)}}",432,0.1,86.96,0.283,0,0,0,0,0,0,0,0,0,0,0,0,0,0,0,0,0,0,0,0,0
4-226_212_196_999_4_4_0_0_0_0,4,335,2.77,34.513,"{'1-226_': {'VS': 0.587, 'HS': np.float64(1.929), 'MMD': np.float64(33.524)}, '2-226_212_4': {'VS': 0.496, 'HS': np.float64(7.198), 'MMD': np.float64(39.592)}, '3-226_212_196_4_4_0': {'VS': 0.209, 'HS': np.float64(6.573), 'MMD': np.float64(44.236)}, '4-226_212_196_999_4_4_0_0_0_0': {'VS': 0.0, 'HS': 0.0, 'MMD': 0.0}}","{'1-226_': {'VS': 0.992, 'HS': np.float64(1.375), 'MMD': np.float64(27.415)}, '2-226_212_4': {'VS': 0.841, 'HS': np.float64(3.632), 'MMD': np.float64(30.385)}, '3-226_212_196_4_4_0': {'VS': 0.304, 'HS': np.float64(3.051), 'MMD': np.float64(32.392)}, '4-226_212_196_999_4_4_0_0_0_0': {'VS': 0.271, 'HS': np.float64(2.77), 'MMD': np.float64(34.513)}}",335,0.095,87.456,0.282,0,0,0,0,0,0,0,0,0,0,0,0,0,0,0,0,0,0,0,0,0
4-226_212_224_999_4_3_0_0_0_0,4,308,2.688,34.231,"{'1-226_': {'VS': 0.587, 'HS': np.float64(1.929), 'MMD': np.float64(33.524)}, '2-226_212_4': {'VS': 0.496, 'HS': np.float64(7.198), 'MMD': np.float64(39.592)}, '3-226_212_224_4_3_0': {'VS': 0.032, 'HS': np.float64(3.16), 'MMD': np.float64(35.736)}, '4-226_212_224_999_4_3_0_0_0_0': {'VS': 0.0, 'HS': 0.0, 'MMD': 0.0}}","{'1-226_': {'VS': 0.992, 'HS': np.float64(1.375), 'MMD': np.float64(27.415)}, '2-226_212_4': {'VS': 0.841, 'HS': np.float64(3.632), 'MMD': np.float64(30.385)}, '3-226_212_224_4_3_0': {'VS': 0.256, 'HS': np.float64(3.0), 'MMD': np.float64(32.104)}, '4-226_212_224_999_4_3_0_0_0_0': {'VS': 0.25, 'HS': np.float64(2.688), 'MMD': np.float64(34.231)}}",308,0.224,45.093,0.325,0,0,0,0,0,0,0,0,0,0,0,0,0,0,0,0,0,0,0,0,0
4-226_212_224_999_4_4_0_0_0_0,4,510,3.933,35.433,"{'1-226_': {'VS': 0.587, 'HS': np.float64(1.929), 'MMD': np.float64(33.524)}, '2-226_212_4': {'VS': 0.496, 'HS': np.float64(7.198), 'MMD': np.float64(39.592)}, '3-226_212_224_4_4_0': {'VS': 0.093, 'HS': np.float64(10.19), 'MMD': np.float64(38.769)}, '4-226_212_224_999_4_4_0_0_0_0': {'VS': 0.0, 'HS': 0.0, 'MMD': 0.0}}","{'1-226_': {'VS': 0.992, 'HS': np.float64(1.375), 'MMD': np.float64(27.415)}, '2-226_212_4': {'VS': 0.841, 'HS': np.float64(3.632), 'MMD': np.float64(30.385)}, '3-226_212_224_4_4_0': {'VS': 0.439, 'HS': np.float64(4.648), 'MMD': np.float64(33.172)}, '4-226_212_224_999_4_4_0_0_0_0': {'VS': 0.413, 'HS': np.float64(3.933), 'MMD': np.float64(35.433)}}",510,0.346,51.138,0.365,0,0,0,0,0,0,0,0,1,0,0,0,0,0,0,0,0,0,0,0,1
4-226_212_172_999_4_4_0_0_0_0,4,466,2.873,35.172,"{'1-226_': {'VS': 0.587, 'HS': np.float64(1.929), 'MMD': np.float64(33.524)}, '2-226_212_4': {'VS': 0.496, 'HS': np.float64(7.198), 'MMD': np.float64(39.592)}, '3-226_212_172_4_4_0': {'VS': 0.285, 'HS': np.float64(6.276), 'MMD': np.float64(44.127)}, '4-226_212_172_999_4_4_0_0_0_0': {'VS': 0.0, 'HS': 0.0, 'MMD': 0.0}}","{'1-226_': {'VS': 0.992, 'HS': np.float64(1.375), 'MMD': np.float64(27.415)}, '2-226_212_4': {'VS': 0.841, 'HS': np.float64(3.632), 'MMD': np.float64(30.385)}, '3-226_212_172_4_4_0': {'VS': 0.408, 'HS': np.float64(3.185), 'MMD': np.float64(32.907)}, '4-226_212_172_999_4_4_0_0_0_0': {'VS': 0.378, 'HS': np.float64(2.873), 'MMD': np.float64(35.172)}}",466,0.123,82.659,0.291,0,0,0,0,0,0,0,0,0,0,0,0,0,0,0,0,0,0,0,0,0
4-226_212_199_999_4_4_0_0_0_0,4,367,2.801,35.613,"{'1-226_': {'VS': 0.587, 'HS': np.float64(1.929), 'MMD': np.float64(33.524)}, '2-226_212_4': {'VS': 0.496, 'HS': np.float64(7.198), 'MMD': np.float64(39.592)}, '3-226_212_199_4_4_0': {'VS': 0.273, 'HS': np.float64(8.043), 'MMD': np.float64(45.049)}, '4-226_212_199_999_4_4_0_0_0_0': {'VS': 0.0, 'HS': 0.0, 'MMD': 0.0}}","{'1-226_': {'VS': 0.992, 'HS': np.float64(1.375), 'MMD': np.float64(27.415)}, '2-226_212_4': {'VS': 0.841, 'HS': np.float64(3.632), 'MMD': np.float64(30.385)}, '3-226_212_199_4_4_0': {'VS': 0.318, 'HS': np.float64(3.226), 'MMD': np.float64(33.517)}, '4-226_212_199_999_4_4_0_0_0_0': {'VS': 0.297, 'HS': np.float64(2.801), 'MMD': np.float64(35.613)}}",367,0.045,85.025,0.265,0,0,0,0,0,0,0,0,0,0,0,0,0,0,0,0,0,0,0,0,0
4-226_212_221_999_4_4_0_0_0_0,4,318,3.214,35.302,"{'1-226_': {'VS': 0.587, 'HS': np.float64(1.929), 'MMD': np.float64(33.524)}, '2-226_212_4': {'VS': 0.496, 'HS': np.float64(7.198), 'MMD': np.float64(39.592)}, '3-226_212_221_4_4_0': {'VS': 0.222, 'HS': np.float64(8.909), 'MMD': np.float64(42.505)}, '4-226_212_221_999_4_4_0_0_0_0': {'VS': 0.0, 'HS': 0.0, 'MMD': 0.0}}","{'1-226_': {'VS': 0.992, 'HS': np.float64(1.375), 'MMD': np.float64(27.415)}, '2-226_212_4': {'VS': 0.841, 'HS': np.float64(3.632), 'MMD': np.float64(30.385)}, '3-226_212_221_4_4_0': {'VS': 0.277, 'HS': np.float64(3.716), 'MMD': np.float64(32.962)}, '4-226_212_221_999_4_4_0_0_0_0': {'VS': 0.258, 'HS': np.float64(3.214), 'MMD': np.float64(35.302)}}",318,0.055,71.053,0.268,0,0,0,0,0,0,0,0,0,0,0,0,0,0,0,0,0,0,0,0,0
4-226_212_169_999_4_4_0_0_0_0,4,336,3.0,35.411,"{'1-226_': {'VS': 0.587, 'HS': np.float64(1.929), 'MMD': np.float64(33.524)}, '2-226_212_4': {'VS': 0.496, 'HS': np.float64(7.198), 'MMD': np.float64(39.592)}, '3-226_212_169_4_4_0': {'VS': 0.189, 'HS': np.float64(5.989), 'MMD': np.float64(43.333)}, '4-226_212_169_999_4_4_0_0_0_0': {'VS': 0.0, 'HS': 0.0, 'MMD': 0.0}}","{'1-226_': {'VS': 0.992, 'HS': np.float64(1.375), 'MMD': np.float64(27.415)}, '2-226_212_4': {'VS': 0.841, 'HS': np.float64(3.632), 'MMD': np.float64(30.385)}, '3-226_212_169_4_4_0': {'VS': 0.291, 'HS': np.float64(3.32), 'MMD': np.float64(33.111)}, '4-226_212_169_999_4_4_0_0_0_0': {'VS': 0.272, 'HS': np.float64(3.0), 'MMD': np.float64(35.411)}}",336,0.102,75.526,0.284,0,0,0,0,0,0,0,0,0,0,0,0,0,0,0,0,0,0,0,0,0
3-226_212_999_4_0_0,3,1025,3.362,33.184,"{'1-226_': {'VS': 0.587, 'HS': np.float64(1.929), 'MMD': np.float64(33.524)}, '2-226_212_4': {'VS': 0.496, 'HS': np.float64(7.198), 'MMD': np.float64(39.592)}, '3-226_212_999_4_0_0': {'VS': 0.0, 'HS': 0.0, 'MMD': 0.0}}","{'1-226_': {'VS': 0.992, 'HS': np.float64(1.375), 'MMD': np.float64(27.415)}, '2-226_212_4': {'VS': 0.841, 'HS': np.float64(3.632), 'MMD': np.float64(30.385)}, '3-226_212_999_4_0_0': {'VS': 0.831, 'HS': np.float64(3.362), 'MMD': np.float64(33.184)}}",1025,0.345,61.044,0.375,0,0,0,0,1,1,0,0,1,0,0,0,0,0,0,0,1,0,0,0,1
4-226_212_157_999_4_4_0_0_0_0,4,323,2.901,35.393,"{'1-226_': {'VS': 0.587, 'HS': np.float64(1.929), 'MMD': np.float64(33.524)}, '2-226_212_4': {'VS': 0.496, 'HS': np.float64(7.198), 'MMD': np.float64(39.592)}, '3-226_212_157_4_4_0': {'VS': 0.218, 'HS': np.float64(6.488), 'MMD': np.float64(44.998)}, '4-226_212_157_999_4_4_0_0_0_0': {'VS': 0.0, 'HS': 0.0, 'MMD': 0.0}}","{'1-226_': {'VS': 0.992, 'HS': np.float64(1.375), 'MMD': np.float64(27.415)}, '2-226_212_4': {'VS': 0.841, 'HS': np.float64(3.632), 'MMD': np.float64(30.385)}, '3-226_212_157_4_4_0': {'VS': 0.28, 'HS': np.float64(3.238), 'MMD': np.float64(33.249)}, '4-226_212_157_999_4_4_0_0_0_0': {'VS': 0.262, 'HS': np.float64(2.901), 'MMD': np.float64(35.393)}}",323,0.062,86.709,0.271,0,0,0,0,0,0,0,0,0,0,0,0,0,0,0,0,0,0,0,0,0
4-226_212_178_999_4_4_0_0_0_0,4,328,2.966,34.607,"{'1-226_': {'VS': 0.587, 'HS': np.float64(1.929), 'MMD': np.float64(33.524)}, '2-226_212_4': {'VS': 0.496, 'HS': np.float64(7.198), 'MMD': np.float64(39.592)}, '3-226_212_178_4_4_0': {'VS': 0.127, 'HS': np.float64(4.219), 'MMD': np.float64(44.361)}, '4-226_212_178_999_4_4_0_0_0_0': {'VS': 0.0, 'HS': 0.0, 'MMD': 0.0}}","{'1-226_': {'VS': 0.992, 'HS': np.float64(1.375), 'MMD': np.float64(27.415)}, '2-226_212_4': {'VS': 0.841, 'HS': np.float64(3.632), 'MMD': np.float64(30.385)}, '3-226_212_178_4_4_0': {'VS': 0.277, 'HS': np.float64(3.284), 'MMD': np.float64(32.456)}, '4-226_212_178_999_4_4_0_0_0_0': {'VS': 0.266, 'HS': np.float64(2.966), 'MMD': np.float64(34.607)}}",328,0.15,87.939,0.3,0,0,0,0,0,0,0,0,0,0,0,0,0,0,0,0,0,0,0,0,0
4-226_212_215_999_4_4_0_0_0_0,4,285,4.295,34.793,"{'1-226_': {'VS': 0.587, 'HS': np.float64(1.929), 'MMD': np.float64(33.524)}, '2-226_212_4': {'VS': 0.496, 'HS': np.float64(7.198), 'MMD': np.float64(39.592)}, '3-226_212_215_4_4_0': {'VS': 0.192, 'HS': np.float64(12.444), 'MMD': np.float64(42.396)}, '4-226_212_215_999_4_4_0_0_0_0': {'VS': 0.0, 'HS': 0.0, 'MMD': 0.0}}","{'1-226_': {'VS': 0.992, 'HS': np.float64(1.375), 'MMD': np.float64(27.415)}, '2-226_212_4': {'VS': 0.841, 'HS': np.float64(3.632), 'MMD': np.float64(30.385)}, '3-226_212_215_4_4_0': {'VS': 0.246, 'HS': np.float64(4.905), 'MMD': np.float64(32.292)}, '4-226_212_215_999_4_4_0_0_0_0': {'VS': 0.231, 'HS': np.float64(4.295), 'MMD': np.float64(34.793)}}",285,0.054,74.727,0.268,0,0,0,0,0,0,0,0,0,0,0,0,0,0,0,0,0,0,0,0,0
3-226_220_999_3_0_0,3,255,1.012,32.647,"{'1-226_': {'VS': 0.587, 'HS': np.float64(1.929), 'MMD': np.float64(33.524)}, '2-226_220_3': {'VS': 0.09, 'HS': np.float64(1.052), 'MMD': np.float64(37.15)}, '3-226_220_999_3_0_0': {'VS': 0.0, 'HS': 0.0, 'MMD': 0.0}}","{'1-226_': {'VS': 0.992, 'HS': np.float64(1.375), 'MMD': np.float64(27.415)}, '2-226_220_3': {'VS': 0.207, 'HS': np.float64(1.012), 'MMD': np.float64(29.896)}, '3-226_220_999_3_0_0': {'VS': 0.207, 'HS': np.float64(1.012), 'MMD': np.float64(32.647)}}",255,0.117,44.97,0.261,0,0,0,0,0,0,0,0,0,0,0,0,0,0,0,0,0,0,0,0,0
4-226_220_225_999_4_4_0_0_0_0,4,251,2.458,35.546,"{'1-226_': {'VS': 0.587, 'HS': np.float64(1.929), 'MMD': np.float64(33.524)}, '2-226_220_4': {'VS': 0.309, 'HS': np.float64(3.304), 'MMD': np.float64(41.008)}, '3-226_220_225_4_4_0': {'VS': 0.051, 'HS': np.float64(5.25), 'MMD': np.float64(38.789)}, '4-226_220_225_999_4_4_0_0_0_0': {'VS': 0.0, 'HS': 0.0, 'MMD': 0.0}}","{'1-226_': {'VS': 0.992, 'HS': np.float64(1.375), 'MMD': np.float64(27.415)}, '2-226_220_4': {'VS': 0.489, 'HS': np.float64(1.947), 'MMD': np.float64(31.508)}, '3-226_220_225_4_4_0': {'VS': 0.229, 'HS': np.float64(2.72), 'MMD': np.float64(33.234)}, '4-226_220_225_999_4_4_0_0_0_0': {'VS': 0.203, 'HS': np.float64(2.458), 'MMD': np.float64(35.546)}}",251,0.178,52.809,0.254,0,0,0,0,0,0,0,0,0,0,0,0,0,0,0,0,0,0,0,0,0
4-226_220_212_999_4_4_0_0_0_0,4,399,3.118,35.85,"{'1-226_': {'VS': 0.587, 'HS': np.float64(1.929), 'MMD': np.float64(33.524)}, '2-226_220_4': {'VS': 0.309, 'HS': np.float64(3.304), 'MMD': np.float64(41.008)}, '3-226_220_212_4_4_0': {'VS': 0.256, 'HS': np.float64(8.805), 'MMD': np.float64(43.616)}, '4-226_220_212_999_4_4_0_0_0_0': {'VS': 0.0, 'HS': 0.0, 'MMD': 0.0}}","{'1-226_': {'VS': 0.992, 'HS': np.float64(1.375), 'MMD': np.float64(27.415)}, '2-226_220_4': {'VS': 0.489, 'HS': np.float64(1.947), 'MMD': np.float64(31.508)}, '3-226_220_212_4_4_0': {'VS': 0.345, 'HS': np.float64(3.599), 'MMD': np.float64(33.493)}, '4-226_220_212_999_4_4_0_0_0_0': {'VS': 0.323, 'HS': np.float64(3.118), 'MMD': np.float64(35.85)}}",399,0.089,76.682,0.225,0,0,0,0,0,0,0,0,0,0,0,0,0,0,0,0,0,0,0,0,0
4-226_220_224_999_4_4_0_0_0_0,4,248,2.177,35.907,"{'1-226_': {'VS': 0.587, 'HS': np.float64(1.929), 'MMD': np.float64(33.524)}, '2-226_220_4': {'VS': 0.309, 'HS': np.float64(3.304), 'MMD': np.float64(41.008)}, '3-226_220_224_4_4_0': {'VS': 0.055, 'HS': np.float64(5.489), 'MMD': np.float64(39.634)}, '4-226_220_224_999_4_4_0_0_0_0': {'VS': 0.0, 'HS': 0.0, 'MMD': 0.0}}","{'1-226_': {'VS': 0.992, 'HS': np.float64(1.375), 'MMD': np.float64(27.415)}, '2-226_220_4': {'VS': 0.489, 'HS': np.float64(1.947), 'MMD': np.float64(31.508)}, '3-226_220_224_4_4_0': {'VS': 0.224, 'HS': np.float64(2.493), 'MMD': np.float64(33.797)}, '4-226_220_224_999_4_4_0_0_0_0': {'VS': 0.201, 'HS': np.float64(2.177), 'MMD': np.float64(35.907)}}",248,0.169,53.88,0.251,0,0,0,0,0,0,0,0,0,0,0,0,0,0,0,0,0,0,0,0,0
4-226_220_213_999_4_4_0_0_0_0,4,375,3.048,35.933,"{'1-226_': {'VS': 0.587, 'HS': np.float64(1.929), 'MMD': np.float64(33.524)}, '2-226_220_4': {'VS': 0.309, 'HS': np.float64(3.304), 'MMD': np.float64(41.008)}, '3-226_220_213_4_4_0': {'VS': 0.236, 'HS': np.float64(8.502), 'MMD': np.float64(44.176)}, '4-226_220_213_999_4_4_0_0_0_0': {'VS': 0.0, 'HS': 0.0, 'MMD': 0.0}}","{'1-226_': {'VS': 0.992, 'HS': np.float64(1.375), 'MMD': np.float64(27.415)}, '2-226_220_4': {'VS': 0.489, 'HS': np.float64(1.947), 'MMD': np.float64(31.508)}, '3-226_220_213_4_4_0': {'VS': 0.325, 'HS': np.float64(3.504), 'MMD': np.float64(33.564)}, '4-226_220_213_999_4_4_0_0_0_0': {'VS': 0.304, 'HS': np.float64(3.048), 'MMD': np.float64(35.933)}}",375,0.089,80.061,0.225,0,0,0,0,0,0,0,0,0,0,0,0,0,0,0,0,0,0,0,0,0
3-226_220_999_4_0_0,3,588,1.828,34.136,"{'1-226_': {'VS': 0.587, 'HS': np.float64(1.929), 'MMD': np.float64(33.524)}, '2-226_220_4': {'VS': 0.309, 'HS': np.float64(3.304), 'MMD': np.float64(41.008)}, '3-226_220_999_4_0_0': {'VS': 0.0, 'HS': 0.0, 'MMD': 0.0}}","{'1-226_': {'VS': 0.992, 'HS': np.float64(1.375), 'MMD': np.float64(27.415)}, '2-226_220_4': {'VS': 0.489, 'HS': np.float64(1.947), 'MMD': np.float64(31.508)}, '3-226_220_999_4_0_0': {'VS': 0.476, 'HS': np.float64(1.828), 'MMD': np.float64(34.136)}}",588,0.18,63.785,0.292,0,0,0,0,0,0,0,0,0,0,0,0,0,0,0,0,0,0,0,0,0
3-226_208_999_3_0_0,3,247,1.008,33.951,"{'1-226_': {'VS': 0.587, 'HS': np.float64(1.929), 'MMD': np.float64(33.524)}, '2-226_208_3': {'VS': 0.094, 'HS': np.float64(1.018), 'MMD': np.float64(40.339)}, '3-226_208_999_3_0_0': {'VS': 0.0, 'HS': 0.0, 'MMD': 0.0}}","{'1-226_': {'VS': 0.992, 'HS': np.float64(1.375), 'MMD': np.float64(27.415)}, '2-226_208_3': {'VS': 0.2, 'HS': np.float64(1.012), 'MMD': np.float64(31.632)}, '3-226_208_999_3_0_0': {'VS': 0.2, 'HS': np.float64(1.008), 'MMD': np.float64(33.951)}}",247,0.106,56.566,0.256,0,0,0,0,0,0,0,0,0,0,0,0,0,0,0,0,0,0,0,0,0
4-226_208_202_999_4_4_0_0_0_0,4,287,1.69,36.307,"{'1-226_': {'VS': 0.587, 'HS': np.float64(1.929), 'MMD': np.float64(33.524)}, '2-226_208_4': {'VS': 0.342, 'HS': np.float64(3.094), 'MMD': np.float64(42.998)}, '3-226_208_202_4_4_0': {'VS': 0.224, 'HS': np.float64(3.934), 'MMD': np.float64(45.946)}, '4-226_208_202_999_4_4_0_0_0_0': {'VS': 0.0, 'HS': 0.0, 'MMD': 0.0}}","{'1-226_': {'VS': 0.992, 'HS': np.float64(1.375), 'MMD': np.float64(27.415)}, '2-226_208_4': {'VS': 0.57, 'HS': np.float64(1.832), 'MMD': np.float64(32.222)}, '3-226_208_202_4_4_0': {'VS': 0.254, 'HS': np.float64(1.927), 'MMD': np.float64(34.256)}, '4-226_208_202_999_4_4_0_0_0_0': {'VS': 0.233, 'HS': np.float64(1.69), 'MMD': np.float64(36.307)}}",287,0.03,96.699,0.221,0,0,0,0,0,0,0,0,0,0,0,0,0,0,0,0,0,0,0,0,0
4-226_208_225_999_4_4_0_0_0_0,4,282,2.351,35.904,"{'1-226_': {'VS': 0.587, 'HS': np.float64(1.929), 'MMD': np.float64(33.524)}, '2-226_208_4': {'VS': 0.342, 'HS': np.float64(3.094), 'MMD': np.float64(42.998)}, '3-226_208_225_4_4_0': {'VS': 0.055, 'HS': np.float64(4.302), 'MMD': np.float64(40.423)}, '4-226_208_225_999_4_4_0_0_0_0': {'VS': 0.0, 'HS': 0.0, 'MMD': 0.0}}","{'1-226_': {'VS': 0.992, 'HS': np.float64(1.375), 'MMD': np.float64(27.415)}, '2-226_208_4': {'VS': 0.57, 'HS': np.float64(1.832), 'MMD': np.float64(32.222)}, '3-226_208_225_4_4_0': {'VS': 0.252, 'HS': np.float64(2.64), 'MMD': np.float64(33.682)}, '4-226_208_225_999_4_4_0_0_0_0': {'VS': 0.229, 'HS': np.float64(2.351), 'MMD': np.float64(35.904)}}",282,0.197,66.294,0.277,0,0,0,0,0,0,0,0,0,0,0,0,0,0,0,0,0,0,0,0,0
4-226_208_212_999_4_4_0_0_0_0,4,450,2.844,36.1,"{'1-226_': {'VS': 0.587, 'HS': np.float64(1.929), 'MMD': np.float64(33.524)}, '2-226_208_4': {'VS': 0.342, 'HS': np.float64(3.094), 'MMD': np.float64(42.998)}, '3-226_208_212_4_4_0': {'VS': 0.285, 'HS': np.float64(8.267), 'MMD': np.float64(45.476)}, '4-226_208_212_999_4_4_0_0_0_0': {'VS': 0.0, 'HS': 0.0, 'MMD': 0.0}}","{'1-226_': {'VS': 0.992, 'HS': np.float64(1.375), 'MMD': np.float64(27.415)}, '2-226_208_4': {'VS': 0.57, 'HS': np.float64(1.832), 'MMD': np.float64(32.222)}, '3-226_208_212_4_4_0': {'VS': 0.39, 'HS': np.float64(3.391), 'MMD': np.float64(33.931)}, '4-226_208_212_999_4_4_0_0_0_0': {'VS': 0.365, 'HS': np.float64(2.844), 'MMD': np.float64(36.1)}}",450,0.105,95.576,0.246,0,0,0,0,0,0,0,0,0,0,0,0,0,0,0,0,0,0,0,0,0
4-226_208_224_999_4_4_0_0_0_0,4,275,2.222,36.327,"{'1-226_': {'VS': 0.587, 'HS': np.float64(1.929), 'MMD': np.float64(33.524)}, '2-226_208_4': {'VS': 0.342, 'HS': np.float64(3.094), 'MMD': np.float64(42.998)}, '3-226_208_224_4_4_0': {'VS': 0.06, 'HS': np.float64(4.496), 'MMD': np.float64(40.507)}, '4-226_208_224_999_4_4_0_0_0_0': {'VS': 0.0, 'HS': 0.0, 'MMD': 0.0}}","{'1-226_': {'VS': 0.992, 'HS': np.float64(1.375), 'MMD': np.float64(27.415)}, '2-226_208_4': {'VS': 0.57, 'HS': np.float64(1.832), 'MMD': np.float64(32.222)}, '3-226_208_224_4_4_0': {'VS': 0.25, 'HS': np.float64(2.489), 'MMD': np.float64(34.259)}, '4-226_208_224_999_4_4_0_0_0_0': {'VS': 0.223, 'HS': np.float64(2.222), 'MMD': np.float64(36.327)}}",275,0.19,64.16,0.274,0,0,0,0,0,0,0,0,0,0,0,0,0,0,0,0,0,0,0,0,0
4-226_208_213_999_4_4_0_0_0_0,4,432,2.787,36.132,"{'1-226_': {'VS': 0.587, 'HS': np.float64(1.929), 'MMD': np.float64(33.524)}, '2-226_208_4': {'VS': 0.342, 'HS': np.float64(3.094), 'MMD': np.float64(42.998)}, '3-226_208_213_4_4_0': {'VS': 0.267, 'HS': np.float64(7.991), 'MMD': np.float64(45.468)}, '4-226_208_213_999_4_4_0_0_0_0': {'VS': 0.0, 'HS': 0.0, 'MMD': 0.0}}","{'1-226_': {'VS': 0.992, 'HS': np.float64(1.375), 'MMD': np.float64(27.415)}, '2-226_208_4': {'VS': 0.57, 'HS': np.float64(1.832), 'MMD': np.float64(32.222)}, '3-226_208_213_4_4_0': {'VS': 0.378, 'HS': np.float64(3.242), 'MMD': np.float64(33.882)}, '4-226_208_213_999_4_4_0_0_0_0': {'VS': 0.35, 'HS': np.float64(2.787), 'MMD': np.float64(36.132)}}",432,0.111,95.892,0.248,0,0,0,0,0,0,0,0,0,0,0,0,0,0,0,0,0,0,0,0,0
4-226_208_172_999_4_4_0_0_0_0,4,257,1.693,35.977,"{'1-226_': {'VS': 0.587, 'HS': np.float64(1.929), 'MMD': np.float64(33.524)}, '2-226_208_4': {'VS': 0.342, 'HS': np.float64(3.094), 'MMD': np.float64(42.998)}, '3-226_208_172_4_4_0': {'VS': 0.178, 'HS': np.float64(3.083), 'MMD': np.float64(45.696)}, '4-226_208_172_999_4_4_0_0_0_0': {'VS': 0.0, 'HS': 0.0, 'MMD': 0.0}}","{'1-226_': {'VS': 0.992, 'HS': np.float64(1.375), 'MMD': np.float64(27.415)}, '2-226_208_4': {'VS': 0.57, 'HS': np.float64(1.832), 'MMD': np.float64(32.222)}, '3-226_208_172_4_4_0': {'VS': 0.234, 'HS': np.float64(1.779), 'MMD': np.float64(33.848)}, '4-226_208_172_999_4_4_0_0_0_0': {'VS': 0.208, 'HS': np.float64(1.693), 'MMD': np.float64(35.977)}}",257,0.056,97.939,0.23,0,0,0,0,0,0,0,0,0,0,0,0,0,0,0,0,0,0,0,0,0
3-226_208_999_4_0_0,3,684,1.722,34.622,"{'1-226_': {'VS': 0.587, 'HS': np.float64(1.929), 'MMD': np.float64(33.524)}, '2-226_208_4': {'VS': 0.342, 'HS': np.float64(3.094), 'MMD': np.float64(42.998)}, '3-226_208_999_4_0_0': {'VS': 0.0, 'HS': 0.0, 'MMD': 0.0}}","{'1-226_': {'VS': 0.992, 'HS': np.float64(1.375), 'MMD': np.float64(27.415)}, '2-226_208_4': {'VS': 0.57, 'HS': np.float64(1.832), 'MMD': np.float64(32.222)}, '3-226_208_999_4_0_0': {'VS': 0.554, 'HS': np.float64(1.722), 'MMD': np.float64(34.622)}}",684,0.228,76.721,0.317,0,0,0,0,1,0,0,0,0,0,0,0,0,0,0,0,0,0,0,0,1
4-226_196_212_999_4_4_0_0_0_0,4,314,2.433,35.054,"{'1-226_': {'VS': 0.587, 'HS': np.float64(1.929), 'MMD': np.float64(33.524)}, '2-226_196_4': {'VS': 0.26, 'HS': np.float64(2.248), 'MMD': np.float64(40.937)}, '3-226_196_212_4_4_0': {'VS': 0.213, 'HS': np.float64(6.425), 'MMD': np.float64(44.113)}, '4-226_196_212_999_4_4_0_0_0_0': {'VS': 0.0, 'HS': 0.0, 'MMD': 0.0}}","{'1-226_': {'VS': 0.992, 'HS': np.float64(1.375), 'MMD': np.float64(27.415)}, '2-226_196_4': {'VS': 0.434, 'HS': np.float64(1.537), 'MMD': np.float64(30.539)}, '3-226_196_212_4_4_0': {'VS': 0.278, 'HS': np.float64(2.767), 'MMD': np.float64(32.939)}, '4-226_196_212_999_4_4_0_0_0_0': {'VS': 0.254, 'HS': np.float64(2.433), 'MMD': np.float64(35.054)}}",314,0.065,90.099,0.215,0,0,0,0,0,0,0,0,0,0,0,0,0,0,0,0,0,0,0,0,0
4-226_196_213_999_4_4_0_0_0_0,4,292,2.277,34.918,"{'1-226_': {'VS': 0.587, 'HS': np.float64(1.929), 'MMD': np.float64(33.524)}, '2-226_196_4': {'VS': 0.26, 'HS': np.float64(2.248), 'MMD': np.float64(40.937)}, '3-226_196_213_4_4_0': {'VS': 0.198, 'HS': np.float64(6.107), 'MMD': np.float64(44.522)}, '4-226_196_213_999_4_4_0_0_0_0': {'VS': 0.0, 'HS': 0.0, 'MMD': 0.0}}","{'1-226_': {'VS': 0.992, 'HS': np.float64(1.375), 'MMD': np.float64(27.415)}, '2-226_196_4': {'VS': 0.434, 'HS': np.float64(1.537), 'MMD': np.float64(30.539)}, '3-226_196_213_4_4_0': {'VS': 0.259, 'HS': np.float64(2.652), 'MMD': np.float64(32.768)}, '4-226_196_213_999_4_4_0_0_0_0': {'VS': 0.237, 'HS': np.float64(2.277), 'MMD': np.float64(34.918)}}",292,0.061,94.532,0.213,0,0,0,0,0,0,0,0,0,0,0,0,0,0,0,0,0,0,0,0,0
3-226_196_999_4_0_0,3,513,1.478,33.096,"{'1-226_': {'VS': 0.587, 'HS': np.float64(1.929), 'MMD': np.float64(33.524)}, '2-226_196_4': {'VS': 0.26, 'HS': np.float64(2.248), 'MMD': np.float64(40.937)}, '3-226_196_999_4_0_0': {'VS': 0.0, 'HS': 0.0, 'MMD': 0.0}}","{'1-226_': {'VS': 0.992, 'HS': np.float64(1.375), 'MMD': np.float64(27.415)}, '2-226_196_4': {'VS': 0.434, 'HS': np.float64(1.537), 'MMD': np.float64(30.539)}, '3-226_196_999_4_0_0': {'VS': 0.416, 'HS': np.float64(1.478), 'MMD': np.float64(33.096)}}",513,0.174,72.719,0.289,0,0,0,0,0,0,0,0,0,0,0,0,0,0,0,0,0,0,0,0,0
3-226_224_999_3_0_0,3,434,1.009,32.311,"{'1-226_': {'VS': 0.587, 'HS': np.float64(1.929), 'MMD': np.float64(33.524)}, '2-226_224_3': {'VS': 0.04, 'HS': np.float64(1.053), 'MMD': np.float64(31.661)}, '3-226_224_999_3_0_0': {'VS': 0.0, 'HS': 0.0, 'MMD': 0.0}}","{'1-226_': {'VS': 0.992, 'HS': np.float64(1.375), 'MMD': np.float64(27.415)}, '2-226_224_3': {'VS': 0.353, 'HS': np.float64(1.009), 'MMD': np.float64(29.87)}, '3-226_224_999_3_0_0': {'VS': 0.352, 'HS': np.float64(1.009), 'MMD': np.float64(32.311)}}",434,0.313,20.264,0.359,0,0,0,0,0,0,0,0,0,0,0,0,0,0,0,0,0,0,0,0,0
4-226_224_202_999_4_4_0_0_0_0,4,326,2.374,36.132,"{'1-226_': {'VS': 0.587, 'HS': np.float64(1.929), 'MMD': np.float64(33.524)}, '2-226_224_4': {'VS': 0.123, 'HS': np.float64(3.616), 'MMD': np.float64(33.724)}, '3-226_224_202_4_4_0': {'VS': 0.066, 'HS': np.float64(4.854), 'MMD': np.float64(40.494)}, '4-226_224_202_999_4_4_0_0_0_0': {'VS': 0.0, 'HS': 0.0, 'MMD': 0.0}}","{'1-226_': {'VS': 0.992, 'HS': np.float64(1.375), 'MMD': np.float64(27.415)}, '2-226_224_4': {'VS': 0.646, 'HS': np.float64(2.651), 'MMD': np.float64(31.396)}, '3-226_224_202_4_4_0': {'VS': 0.288, 'HS': np.float64(2.697), 'MMD': np.float64(34.007)}, '4-226_224_202_999_4_4_0_0_0_0': {'VS': 0.264, 'HS': np.float64(2.374), 'MMD': np.float64(36.132)}}",326,0.222,28.274,0.383,1,0,0,0,0,0,0,0,0,0,0,0,0,0,0,0,1,0,0,0,1
4-226_224_212_999_4_3_0_0_0_0,4,285,2.246,35.232,"{'1-226_': {'VS': 0.587, 'HS': np.float64(1.929), 'MMD': np.float64(33.524)}, '2-226_224_4': {'VS': 0.123, 'HS': np.float64(3.616), 'MMD': np.float64(33.724)}, '3-226_224_212_4_3_0': {'VS': 0.023, 'HS': np.float64(2.218), 'MMD': np.float64(35.261)}, '4-226_224_212_999_4_3_0_0_0_0': {'VS': 0.0, 'HS': 0.0, 'MMD': 0.0}}","{'1-226_': {'VS': 0.992, 'HS': np.float64(1.375), 'MMD': np.float64(27.415)}, '2-226_224_4': {'VS': 0.646, 'HS': np.float64(2.651), 'MMD': np.float64(31.396)}, '3-226_224_212_4_3_0': {'VS': 0.239, 'HS': np.float64(2.41), 'MMD': np.float64(32.919)}, '4-226_224_212_999_4_3_0_0_0_0': {'VS': 0.231, 'HS': np.float64(2.246), 'MMD': np.float64(35.232)}}",285,0.216,16.075,0.381,0,0,0,0,0,0,0,0,0,0,0,0,0,0,0,0,1,0,0,0,1
4-226_224_212_999_4_4_0_0_0_0,4,554,4.079,35.841,"{'1-226_': {'VS': 0.587, 'HS': np.float64(1.929), 'MMD': np.float64(33.524)}, '2-226_224_4': {'VS': 0.123, 'HS': np.float64(3.616), 'MMD': np.float64(33.724)}, '3-226_224_212_4_4_0': {'VS': 0.094, 'HS': np.float64(10.027), 'MMD': np.float64(38.258)}, '4-226_224_212_999_4_4_0_0_0_0': {'VS': 0.0, 'HS': 0.0, 'MMD': 0.0}}","{'1-226_': {'VS': 0.992, 'HS': np.float64(1.375), 'MMD': np.float64(27.415)}, '2-226_224_4': {'VS': 0.646, 'HS': np.float64(2.651), 'MMD': np.float64(31.396)}, '3-226_224_212_4_4_0': {'VS': 0.474, 'HS': np.float64(4.762), 'MMD': np.float64(33.528)}, '4-226_224_212_999_4_4_0_0_0_0': {'VS': 0.449, 'HS': np.float64(4.079), 'MMD': np.float64(35.841)}}",554,0.38,21.704,0.436,0,0,0,0,0,0,0,0,1,1,0,0,0,0,0,0,1,1,1,0,1
4-226_224_212_999_4_4_4_0_0_0,4,291,1.835,36.739,"{'1-226_': {'VS': 0.587, 'HS': np.float64(1.929), 'MMD': np.float64(33.524)}, '2-226_224_4': {'VS': 0.123, 'HS': np.float64(3.616), 'MMD': np.float64(33.724)}, '3-226_224_212_4_4_4': {'VS': 0.058, 'HS': np.float64(2.905), 'MMD': np.float64(41.043)}, '4-226_224_212_999_4_4_4_0_0_0': {'VS': 0.0, 'HS': 0.0, 'MMD': 0.0}}","{'1-226_': {'VS': 0.992, 'HS': np.float64(1.375), 'MMD': np.float64(27.415)}, '2-226_224_4': {'VS': 0.646, 'HS': np.float64(2.651), 'MMD': np.float64(31.396)}, '3-226_224_212_4_4_4': {'VS': 0.25, 'HS': np.float64(1.951), 'MMD': np.float64(34.246)}, '4-226_224_212_999_4_4_4_0_0_0': {'VS': 0.236, 'HS': np.float64(1.835), 'MMD': np.float64(36.739)}}",291,0.192,29.646,0.373,0,0,0,0,0,0,0,0,0,0,0,0,0,0,0,0,0,0,0,0,0
4-226_224_220_999_4_4_0_0_0_0,4,265,2.381,35.887,"{'1-226_': {'VS': 0.587, 'HS': np.float64(1.929), 'MMD': np.float64(33.524)}, '2-226_224_4': {'VS': 0.123, 'HS': np.float64(3.616), 'MMD': np.float64(33.724)}, '3-226_224_220_4_4_0': {'VS': 0.058, 'HS': np.float64(5.181), 'MMD': np.float64(40.263)}, '4-226_224_220_999_4_4_0_0_0_0': {'VS': 0.0, 'HS': 0.0, 'MMD': 0.0}}","{'1-226_': {'VS': 0.992, 'HS': np.float64(1.375), 'MMD': np.float64(27.415)}, '2-226_224_4': {'VS': 0.646, 'HS': np.float64(2.651), 'MMD': np.float64(31.396)}, '3-226_224_220_4_4_0': {'VS': 0.237, 'HS': np.float64(2.648), 'MMD': np.float64(33.522)}, '4-226_224_220_999_4_4_0_0_0_0': {'VS': 0.215, 'HS': np.float64(2.381), 'MMD': np.float64(35.887)}}",265,0.179,29.394,0.369,0,0,0,0,0,0,0,0,0,0,0,0,0,0,0,0,0,0,0,0,0
4-226_224_208_999_4_4_0_0_0_0,4,304,2.283,35.661,"{'1-226_': {'VS': 0.587, 'HS': np.float64(1.929), 'MMD': np.float64(33.524)}, '2-226_224_4': {'VS': 0.123, 'HS': np.float64(3.616), 'MMD': np.float64(33.724)}, '3-226_224_208_4_4_0': {'VS': 0.061, 'HS': np.float64(4.462), 'MMD': np.float64(41.241)}, '4-226_224_208_999_4_4_0_0_0_0': {'VS': 0.0, 'HS': 0.0, 'MMD': 0.0}}","{'1-226_': {'VS': 0.992, 'HS': np.float64(1.375), 'MMD': np.float64(27.415)}, '2-226_224_4': {'VS': 0.646, 'HS': np.float64(2.651), 'MMD': np.float64(31.396)}, '3-226_224_208_4_4_0': {'VS': 0.266, 'HS': np.float64(2.564), 'MMD': np.float64(33.591)}, '4-226_224_208_999_4_4_0_0_0_0': {'VS': 0.246, 'HS': np.float64(2.283), 'MMD': np.float64(35.661)}}",304,0.205,33.754,0.378,0,0,0,0,0,0,0,0,0,0,0,0,0,0,0,0,1,0,0,0,1
4-226_224_213_999_4_4_0_0_0_0,4,525,3.979,35.808,"{'1-226_': {'VS': 0.587, 'HS': np.float64(1.929), 'MMD': np.float64(33.524)}, '2-226_224_4': {'VS': 0.123, 'HS': np.float64(3.616), 'MMD': np.float64(33.724)}, '3-226_224_213_4_4_0': {'VS': 0.085, 'HS': np.float64(8.792), 'MMD': np.float64(39.186)}, '4-226_224_213_999_4_4_0_0_0_0': {'VS': 0.0, 'HS': 0.0, 'MMD': 0.0}}","{'1-226_': {'VS': 0.992, 'HS': np.float64(1.375), 'MMD': np.float64(27.415)}, '2-226_224_4': {'VS': 0.646, 'HS': np.float64(2.651), 'MMD': np.float64(31.396)}, '3-226_224_213_4_4_0': {'VS': 0.452, 'HS': np.float64(4.606), 'MMD': np.float64(33.432)}, '4-226_224_213_999_4_4_0_0_0_0': {'VS': 0.425, 'HS': np.float64(3.979), 'MMD': np.float64(35.808)}}",525,0.367,25.283,0.432,0,0,0,0,0,0,0,0,1,0,0,0,0,0,0,0,1,1,0,0,1
4-226_224_213_999_4_4_4_0_0_0,4,299,1.722,36.405,"{'1-226_': {'VS': 0.587, 'HS': np.float64(1.929), 'MMD': np.float64(33.524)}, '2-226_224_4': {'VS': 0.123, 'HS': np.float64(3.616), 'MMD': np.float64(33.724)}, '3-226_224_213_4_4_4': {'VS': 0.058, 'HS': np.float64(2.73), 'MMD': np.float64(41.235)}, '4-226_224_213_999_4_4_4_0_0_0': {'VS': 0.0, 'HS': 0.0, 'MMD': 0.0}}","{'1-226_': {'VS': 0.992, 'HS': np.float64(1.375), 'MMD': np.float64(27.415)}, '2-226_224_4': {'VS': 0.646, 'HS': np.float64(2.651), 'MMD': np.float64(31.396)}, '3-226_224_213_4_4_4': {'VS': 0.254, 'HS': np.float64(1.844), 'MMD': np.float64(34.005)}, '4-226_224_213_999_4_4_4_0_0_0': {'VS': 0.242, 'HS': np.float64(1.722), 'MMD': np.float64(36.405)}}",299,0.196,31.671,0.375,0,0,0,0,0,0,0,0,0,0,0,0,0,0,0,0,1,0,0,0,1
4-226_224_172_999_4_4_0_0_0_0,4,314,2.411,35.64,"{'1-226_': {'VS': 0.587, 'HS': np.float64(1.929), 'MMD': np.float64(33.524)}, '2-226_224_4': {'VS': 0.123, 'HS': np.float64(3.616), 'MMD': np.float64(33.724)}, '3-226_224_172_4_4_0': {'VS': 0.064, 'HS': np.float64(4.159), 'MMD': np.float64(40.45)}, '4-226_224_172_999_4_4_0_0_0_0': {'VS': 0.0, 'HS': 0.0, 'MMD': 0.0}}","{'1-226_': {'VS': 0.992, 'HS': np.float64(1.375), 'MMD': np.float64(27.415)}, '2-226_224_4': {'VS': 0.646, 'HS': np.float64(2.651), 'MMD': np.float64(31.396)}, '3-226_224_172_4_4_0': {'VS': 0.277, 'HS': np.float64(2.617), 'MMD': np.float64(33.491)}, '4-226_224_172_999_4_4_0_0_0_0': {'VS': 0.254, 'HS': np.float64(2.411), 'MMD': np.float64(35.64)}}",314,0.213,30.389,0.38,0,0,0,0,0,0,0,0,0,0,0,0,0,0,0,0,1,0,0,0,1
4-226_224_199_999_4_4_0_0_0_0,4,259,2.309,36.205,"{'1-226_': {'VS': 0.587, 'HS': np.float64(1.929), 'MMD': np.float64(33.524)}, '2-226_224_4': {'VS': 0.123, 'HS': np.float64(3.616), 'MMD': np.float64(33.724)}, '3-226_224_199_4_4_0': {'VS': 0.061, 'HS': np.float64(4.75), 'MMD': np.float64(41.663)}, '4-226_224_199_999_4_4_0_0_0_0': {'VS': 0.0, 'HS': 0.0, 'MMD': 0.0}}","{'1-226_': {'VS': 0.992, 'HS': np.float64(1.375), 'MMD': np.float64(27.415)}, '2-226_224_4': {'VS': 0.646, 'HS': np.float64(2.651), 'MMD': np.float64(31.396)}, '3-226_224_199_4_4_0': {'VS': 0.229, 'HS': np.float64(2.587), 'MMD': np.float64(33.958)}, '4-226_224_199_999_4_4_0_0_0_0': {'VS': 0.21, 'HS': np.float64(2.309), 'MMD': np.float64(36.205)}}",259,0.168,34.035,0.365,0,0,0,0,0,0,0,0,0,0,0,0,0,0,0,0,0,0,0,0,0
3-226_224_999_4_0_0,3,781,2.479,34.139,"{'1-226_': {'VS': 0.587, 'HS': np.float64(1.929), 'MMD': np.float64(33.524)}, '2-226_224_4': {'VS': 0.123, 'HS': np.float64(3.616), 'MMD': np.float64(33.724)}, '3-226_224_999_4_0_0': {'VS': 0.0, 'HS': 0.0, 'MMD': 0.0}}","{'1-226_': {'VS': 0.992, 'HS': np.float64(1.375), 'MMD': np.float64(27.415)}, '2-226_224_4': {'VS': 0.646, 'HS': np.float64(2.651), 'MMD': np.float64(31.396)}, '3-226_224_999_4_0_0': {'VS': 0.633, 'HS': np.float64(2.479), 'MMD': np.float64(34.139)}}",781,0.523,21.37,0.464,0,0,0,0,1,0,0,0,1,1,1,1,0,0,0,0,1,1,1,1,1
3-226_222_999_4_0_0,3,302,1.96,34.78,"{'1-226_': {'VS': 0.587, 'HS': np.float64(1.929), 'MMD': np.float64(33.524)}, '2-226_222_4': {'VS': 0.189, 'HS': np.float64(3.448), 'MMD': np.float64(42.264)}, '3-226_222_999_4_0_0': {'VS': 0.0, 'HS': 0.0, 'MMD': 0.0}}","{'1-226_': {'VS': 0.992, 'HS': np.float64(1.375), 'MMD': np.float64(27.415)}, '2-226_222_4': {'VS': 0.252, 'HS': np.float64(2.084), 'MMD': np.float64(31.985)}, '3-226_222_999_4_0_0': {'VS': 0.245, 'HS': np.float64(1.96), 'MMD': np.float64(34.78)}}",302,0.063,71.489,0.234,0,0,0,0,0,0,0,0,0,0,0,0,0,0,0,0,0,0,0,0,0
3-226_213_999_3_0_0,3,408,1.022,30.402,"{'1-226_': {'VS': 0.587, 'HS': np.float64(1.929), 'MMD': np.float64(33.524)}, '2-226_213_3': {'VS': 0.193, 'HS': np.float64(1.072), 'MMD': np.float64(36.448)}, '3-226_213_999_3_0_0': {'VS': 0.0, 'HS': 0.0, 'MMD': 0.0}}","{'1-226_': {'VS': 0.992, 'HS': np.float64(1.375), 'MMD': np.float64(27.415)}, '2-226_213_3': {'VS': 0.333, 'HS': np.float64(1.027), 'MMD': np.float64(27.426)}, '3-226_213_999_3_0_0': {'VS': 0.331, 'HS': np.float64(1.022), 'MMD': np.float64(30.402)}}",408,0.14,59.358,0.273,0,0,0,0,0,0,0,0,0,0,0,0,0,0,0,0,0,0,0,0,0
4-226_213_193_999_4_4_0_0_0_0,4,290,2.79,35.703,"{'1-226_': {'VS': 0.587, 'HS': np.float64(1.929), 'MMD': np.float64(33.524)}, '2-226_213_4': {'VS': 0.467, 'HS': np.float64(6.824), 'MMD': np.float64(40.066)}, '3-226_213_193_4_4_0': {'VS': 0.205, 'HS': np.float64(7.553), 'MMD': np.float64(46.007)}, '4-226_213_193_999_4_4_0_0_0_0': {'VS': 0.0, 'HS': 0.0, 'MMD': 0.0}}","{'1-226_': {'VS': 0.992, 'HS': np.float64(1.375), 'MMD': np.float64(27.415)}, '2-226_213_4': {'VS': 0.804, 'HS': np.float64(3.501), 'MMD': np.float64(30.443)}, '3-226_213_193_4_4_0': {'VS': 0.25, 'HS': np.float64(3.227), 'MMD': np.float64(33.531)}, '4-226_213_193_999_4_4_0_0_0_0': {'VS': 0.235, 'HS': np.float64(2.79), 'MMD': np.float64(35.703)}}",290,0.045,95.191,0.262,0,0,0,0,0,0,0,0,0,0,0,0,0,0,0,0,0,0,0,0,0
4-226_213_202_999_4_4_0_0_0_0,4,437,2.817,35.169,"{'1-226_': {'VS': 0.587, 'HS': np.float64(1.929), 'MMD': np.float64(33.524)}, '2-226_213_4': {'VS': 0.467, 'HS': np.float64(6.824), 'MMD': np.float64(40.066)}, '3-226_213_202_4_4_0': {'VS': 0.323, 'HS': np.float64(8.031), 'MMD': np.float64(44.024)}, '4-226_213_202_999_4_4_0_0_0_0': {'VS': 0.0, 'HS': 0.0, 'MMD': 0.0}}","{'1-226_': {'VS': 0.992, 'HS': np.float64(1.375), 'MMD': np.float64(27.415)}, '2-226_213_4': {'VS': 0.804, 'HS': np.float64(3.501), 'MMD': np.float64(30.443)}, '3-226_213_202_4_4_0': {'VS': 0.386, 'HS': np.float64(3.174), 'MMD': np.float64(33.136)}, '4-226_213_202_999_4_4_0_0_0_0': {'VS': 0.354, 'HS': np.float64(2.817), 'MMD': np.float64(35.169)}}",437,0.063,82.824,0.268,0,0,0,0,0,0,0,0,0,0,0,0,0,0,0,0,0,0,0,0,0
4-226_213_225_999_4_4_0_0_0_0,4,505,3.937,35.477,"{'1-226_': {'VS': 0.587, 'HS': np.float64(1.929), 'MMD': np.float64(33.524)}, '2-226_213_4': {'VS': 0.467, 'HS': np.float64(6.824), 'MMD': np.float64(40.066)}, '3-226_213_225_4_4_0': {'VS': 0.084, 'HS': np.float64(8.693), 'MMD': np.float64(37.726)}, '4-226_213_225_999_4_4_0_0_0_0': {'VS': 0.0, 'HS': 0.0, 'MMD': 0.0}}","{'1-226_': {'VS': 0.992, 'HS': np.float64(1.375), 'MMD': np.float64(27.415)}, '2-226_213_4': {'VS': 0.804, 'HS': np.float64(3.501), 'MMD': np.float64(30.443)}, '3-226_213_225_4_4_0': {'VS': 0.431, 'HS': np.float64(4.502), 'MMD': np.float64(33.09)}, '4-226_213_225_999_4_4_0_0_0_0': {'VS': 0.409, 'HS': np.float64(3.937), 'MMD': np.float64(35.477)}}",505,0.347,50.472,0.363,0,0,0,0,0,0,0,0,1,0,0,0,0,0,0,0,0,0,0,0,1
4-226_213_220_999_4_4_0_0_0_0,4,356,3.104,35.367,"{'1-226_': {'VS': 0.587, 'HS': np.float64(1.929), 'MMD': np.float64(33.524)}, '2-226_213_4': {'VS': 0.467, 'HS': np.float64(6.824), 'MMD': np.float64(40.066)}, '3-226_213_220_4_4_0': {'VS': 0.241, 'HS': np.float64(8.619), 'MMD': np.float64(43.852)}, '4-226_213_220_999_4_4_0_0_0_0': {'VS': 0.0, 'HS': 0.0, 'MMD': 0.0}}","{'1-226_': {'VS': 0.992, 'HS': np.float64(1.375), 'MMD': np.float64(27.415)}, '2-226_213_4': {'VS': 0.804, 'HS': np.float64(3.501), 'MMD': np.float64(30.443)}, '3-226_213_220_4_4_0': {'VS': 0.314, 'HS': np.float64(3.426), 'MMD': np.float64(33.03)}, '4-226_213_220_999_4_4_0_0_0_0': {'VS': 0.288, 'HS': np.float64(3.104), 'MMD': np.float64(35.367)}}",356,0.073,82.346,0.272,0,0,0,0,0,0,0,0,0,0,0,0,0,0,0,0,0,0,0,0,0
4-226_213_208_999_4_4_0_0_0_0,4,411,2.771,35.718,"{'1-226_': {'VS': 0.587, 'HS': np.float64(1.929), 'MMD': np.float64(33.524)}, '2-226_213_4': {'VS': 0.467, 'HS': np.float64(6.824), 'MMD': np.float64(40.066)}, '3-226_213_208_4_4_0': {'VS': 0.267, 'HS': np.float64(7.881), 'MMD': np.float64(45.581)}, '4-226_213_208_999_4_4_0_0_0_0': {'VS': 0.0, 'HS': 0.0, 'MMD': 0.0}}","{'1-226_': {'VS': 0.992, 'HS': np.float64(1.375), 'MMD': np.float64(27.415)}, '2-226_213_4': {'VS': 0.804, 'HS': np.float64(3.501), 'MMD': np.float64(30.443)}, '3-226_213_208_4_4_0': {'VS': 0.359, 'HS': np.float64(3.135), 'MMD': np.float64(33.494)}, '4-226_213_208_999_4_4_0_0_0_0': {'VS': 0.333, 'HS': np.float64(2.771), 'MMD': np.float64(35.718)}}",411,0.092,92.006,0.278,0,0,0,0,0,0,0,0,0,0,0,0,0,0,0,0,0,0,0,0,0
4-226_213_196_999_4_4_0_0_0_0,4,311,2.662,35.129,"{'1-226_': {'VS': 0.587, 'HS': np.float64(1.929), 'MMD': np.float64(33.524)}, '2-226_213_4': {'VS': 0.467, 'HS': np.float64(6.824), 'MMD': np.float64(40.066)}, '3-226_213_196_4_4_0': {'VS': 0.198, 'HS': np.float64(6.292), 'MMD': np.float64(44.413)}, '4-226_213_196_999_4_4_0_0_0_0': {'VS': 0.0, 'HS': 0.0, 'MMD': 0.0}}","{'1-226_': {'VS': 0.992, 'HS': np.float64(1.375), 'MMD': np.float64(27.415)}, '2-226_213_4': {'VS': 0.804, 'HS': np.float64(3.501), 'MMD': np.float64(30.443)}, '3-226_213_196_4_4_0': {'VS': 0.274, 'HS': np.float64(2.985), 'MMD': np.float64(32.87)}, '4-226_213_196_999_4_4_0_0_0_0': {'VS': 0.252, 'HS': np.float64(2.662), 'MMD': np.float64(35.129)}}",311,0.076,87.721,0.273,0,0,0,0,0,0,0,0,0,0,0,0,0,0,0,0,0,0,0,0,0
4-226_213_224_999_4_3_0_0_0_0,4,294,2.663,34.69,"{'1-226_': {'VS': 0.587, 'HS': np.float64(1.929), 'MMD': np.float64(33.524)}, '2-226_213_4': {'VS': 0.467, 'HS': np.float64(6.824), 'MMD': np.float64(40.066)}, '3-226_213_224_4_3_0': {'VS': 0.028, 'HS': np.float64(3.134), 'MMD': np.float64(37.095)}, '4-226_213_224_999_4_3_0_0_0_0': {'VS': 0.0, 'HS': 0.0, 'MMD': 0.0}}","{'1-226_': {'VS': 0.992, 'HS': np.float64(1.375), 'MMD': np.float64(27.415)}, '2-226_213_4': {'VS': 0.804, 'HS': np.float64(3.501), 'MMD': np.float64(30.443)}, '3-226_213_224_4_3_0': {'VS': 0.25, 'HS': np.float64(2.903), 'MMD': np.float64(32.627)}, '4-226_213_224_999_4_3_0_0_0_0': {'VS': 0.238, 'HS': np.float64(2.663), 'MMD': np.float64(34.69)}}",294,0.222,49.962,0.321,0,0,0,0,0,0,0,0,0,0,0,0,0,0,0,0,0,0,0,0,0
4-226_213_224_999_4_4_0_0_0_0,4,481,3.898,35.763,"{'1-226_': {'VS': 0.587, 'HS': np.float64(1.929), 'MMD': np.float64(33.524)}, '2-226_213_4': {'VS': 0.467, 'HS': np.float64(6.824), 'MMD': np.float64(40.066)}, '3-226_213_224_4_4_0': {'VS': 0.09, 'HS': np.float64(9.268), 'MMD': np.float64(38.911)}, '4-226_213_224_999_4_4_0_0_0_0': {'VS': 0.0, 'HS': 0.0, 'MMD': 0.0}}","{'1-226_': {'VS': 0.992, 'HS': np.float64(1.375), 'MMD': np.float64(27.415)}, '2-226_213_4': {'VS': 0.804, 'HS': np.float64(3.501), 'MMD': np.float64(30.443)}, '3-226_213_224_4_4_0': {'VS': 0.417, 'HS': np.float64(4.414), 'MMD': np.float64(33.523)}, '4-226_213_224_999_4_4_0_0_0_0': {'VS': 0.39, 'HS': np.float64(3.898), 'MMD': np.float64(35.763)}}",481,0.327,52.984,0.356,0,0,0,0,0,0,0,0,1,0,0,0,0,0,0,0,0,0,0,0,1
4-226_213_172_999_4_4_0_0_0_0,4,443,2.828,34.779,"{'1-226_': {'VS': 0.587, 'HS': np.float64(1.929), 'MMD': np.float64(33.524)}, '2-226_213_4': {'VS': 0.467, 'HS': np.float64(6.824), 'MMD': np.float64(40.066)}, '3-226_213_172_4_4_0': {'VS': 0.267, 'HS': np.float64(5.747), 'MMD': np.float64(44.272)}, '4-226_213_172_999_4_4_0_0_0_0': {'VS': 0.0, 'HS': 0.0, 'MMD': 0.0}}","{'1-226_': {'VS': 0.992, 'HS': np.float64(1.375), 'MMD': np.float64(27.415)}, '2-226_213_4': {'VS': 0.804, 'HS': np.float64(3.501), 'MMD': np.float64(30.443)}, '3-226_213_172_4_4_0': {'VS': 0.382, 'HS': np.float64(3.144), 'MMD': np.float64(32.482)}, '4-226_213_172_999_4_4_0_0_0_0': {'VS': 0.359, 'HS': np.float64(2.828), 'MMD': np.float64(34.779)}}",443,0.115,89.642,0.286,0,0,0,0,0,0,0,0,0,0,0,0,0,0,0,0,0,0,0,0,0
4-226_213_199_999_4_4_0_0_0_0,4,339,2.726,35.673,"{'1-226_': {'VS': 0.587, 'HS': np.float64(1.929), 'MMD': np.float64(33.524)}, '2-226_213_4': {'VS': 0.467, 'HS': np.float64(6.824), 'MMD': np.float64(40.066)}, '3-226_213_199_4_4_0': {'VS': 0.256, 'HS': np.float64(7.785), 'MMD': np.float64(45.333)}, '4-226_213_199_999_4_4_0_0_0_0': {'VS': 0.0, 'HS': 0.0, 'MMD': 0.0}}","{'1-226_': {'VS': 0.992, 'HS': np.float64(1.375), 'MMD': np.float64(27.415)}, '2-226_213_4': {'VS': 0.804, 'HS': np.float64(3.501), 'MMD': np.float64(30.443)}, '3-226_213_199_4_4_0': {'VS': 0.301, 'HS': np.float64(3.084), 'MMD': np.float64(33.523)}, '4-226_213_199_999_4_4_0_0_0_0': {'VS': 0.275, 'HS': np.float64(2.726), 'MMD': np.float64(35.673)}}",339,0.045,89.799,0.262,0,0,0,0,0,0,0,0,0,0,0,0,0,0,0,0,0,0,0,0,0
4-226_213_221_999_4_4_0_0_0_0,4,302,3.205,35.341,"{'1-226_': {'VS': 0.587, 'HS': np.float64(1.929), 'MMD': np.float64(33.524)}, '2-226_213_4': {'VS': 0.467, 'HS': np.float64(6.824), 'MMD': np.float64(40.066)}, '3-226_213_221_4_4_0': {'VS': 0.208, 'HS': np.float64(8.677), 'MMD': np.float64(43.111)}, '4-226_213_221_999_4_4_0_0_0_0': {'VS': 0.0, 'HS': 0.0, 'MMD': 0.0}}","{'1-226_': {'VS': 0.992, 'HS': np.float64(1.375), 'MMD': np.float64(27.415)}, '2-226_213_4': {'VS': 0.804, 'HS': np.float64(3.501), 'MMD': np.float64(30.443)}, '3-226_213_221_4_4_0': {'VS': 0.264, 'HS': np.float64(3.598), 'MMD': np.float64(32.942)}, '4-226_213_221_999_4_4_0_0_0_0': {'VS': 0.245, 'HS': np.float64(3.205), 'MMD': np.float64(35.341)}}",302,0.056,77.777,0.266,0,0,0,0,0,0,0,0,0,0,0,0,0,0,0,0,0,0,0,0,0
4-226_213_169_999_4_4_0_0_0_0,4,327,2.869,35.454,"{'1-226_': {'VS': 0.587, 'HS': np.float64(1.929), 'MMD': np.float64(33.524)}, '2-226_213_4': {'VS': 0.467, 'HS': np.float64(6.824), 'MMD': np.float64(40.066)}, '3-226_213_169_4_4_0': {'VS': 0.178, 'HS': np.float64(5.562), 'MMD': np.float64(42.945)}, '4-226_213_169_999_4_4_0_0_0_0': {'VS': 0.0, 'HS': 0.0, 'MMD': 0.0}}","{'1-226_': {'VS': 0.992, 'HS': np.float64(1.375), 'MMD': np.float64(27.415)}, '2-226_213_4': {'VS': 0.804, 'HS': np.float64(3.501), 'MMD': np.float64(30.443)}, '3-226_213_169_4_4_0': {'VS': 0.28, 'HS': np.float64(3.202), 'MMD': np.float64(33.282)}, '4-226_213_169_999_4_4_0_0_0_0': {'VS': 0.265, 'HS': np.float64(2.869), 'MMD': np.float64(35.454)}}",327,0.102,74.432,0.281,0,0,0,0,0,0,0,0,0,0,0,0,0,0,0,0,0,0,0,0,0
3-226_213_999_4_0_0,3,978,3.243,33.253,"{'1-226_': {'VS': 0.587, 'HS': np.float64(1.929), 'MMD': np.float64(33.524)}, '2-226_213_4': {'VS': 0.467, 'HS': np.float64(6.824), 'MMD': np.float64(40.066)}, '3-226_213_999_4_0_0': {'VS': 0.0, 'HS': 0.0, 'MMD': 0.0}}","{'1-226_': {'VS': 0.992, 'HS': np.float64(1.375), 'MMD': np.float64(27.415)}, '2-226_213_4': {'VS': 0.804, 'HS': np.float64(3.501), 'MMD': np.float64(30.443)}, '3-226_213_999_4_0_0': {'VS': 0.793, 'HS': np.float64(3.243), 'MMD': np.float64(33.253)}}",978,0.337,64.961,0.371,0,0,0,0,1,1,0,0,1,0,0,0,0,0,0,0,0,0,0,0,1
4-226_213_157_999_4_4_0_0_0_0,4,304,2.885,35.722,"{'1-226_': {'VS': 0.587, 'HS': np.float64(1.929), 'MMD': np.float64(33.524)}, '2-226_213_4': {'VS': 0.467, 'HS': np.float64(6.824), 'MMD': np.float64(40.066)}, '3-226_213_157_4_4_0': {'VS': 0.204, 'HS': np.float64(6.29), 'MMD': np.float64(44.951)}, '4-226_213_157_999_4_4_0_0_0_0': {'VS': 0.0, 'HS': 0.0, 'MMD': 0.0}}","{'1-226_': {'VS': 0.992, 'HS': np.float64(1.375), 'MMD': np.float64(27.415)}, '2-226_213_4': {'VS': 0.804, 'HS': np.float64(3.501), 'MMD': np.float64(30.443)}, '3-226_213_157_4_4_0': {'VS': 0.261, 'HS': np.float64(3.22), 'MMD': np.float64(33.637)}, '4-226_213_157_999_4_4_0_0_0_0': {'VS': 0.246, 'HS': np.float64(2.885), 'MMD': np.float64(35.722)}}",304,0.057,85.976,0.266,1,1,0,0,0,0,0,0,0,0,0,0,0,0,0,0,0,0,0,0,1
4-226_213_178_999_4_4_0_0_0_0,4,303,2.993,34.558,"{'1-226_': {'VS': 0.587, 'HS': np.float64(1.929), 'MMD': np.float64(33.524)}, '2-226_213_4': {'VS': 0.467, 'HS': np.float64(6.824), 'MMD': np.float64(40.066)}, '3-226_213_178_4_4_0': {'VS': 0.12, 'HS': np.float64(3.845), 'MMD': np.float64(44.863)}, '4-226_213_178_999_4_4_0_0_0_0': {'VS': 0.0, 'HS': 0.0, 'MMD': 0.0}}","{'1-226_': {'VS': 0.992, 'HS': np.float64(1.375), 'MMD': np.float64(27.415)}, '2-226_213_4': {'VS': 0.804, 'HS': np.float64(3.501), 'MMD': np.float64(30.443)}, '3-226_213_178_4_4_0': {'VS': 0.255, 'HS': np.float64(3.286), 'MMD': np.float64(32.381)}, '4-226_213_178_999_4_4_0_0_0_0': {'VS': 0.246, 'HS': np.float64(2.993), 'MMD': np.float64(34.558)}}",303,0.135,95.241,0.292,0,0,0,0,0,0,0,0,0,0,0,0,0,0,0,0,0,0,0,0,0
4-226_213_215_999_4_4_0_0_0_0,4,270,4.33,34.67,"{'1-226_': {'VS': 0.587, 'HS': np.float64(1.929), 'MMD': np.float64(33.524)}, '2-226_213_4': {'VS': 0.467, 'HS': np.float64(6.824), 'MMD': np.float64(40.066)}, '3-226_213_215_4_4_0': {'VS': 0.184, 'HS': np.float64(12.126), 'MMD': np.float64(42.952)}, '4-226_213_215_999_4_4_0_0_0_0': {'VS': 0.0, 'HS': 0.0, 'MMD': 0.0}}","{'1-226_': {'VS': 0.992, 'HS': np.float64(1.375), 'MMD': np.float64(27.415)}, '2-226_213_4': {'VS': 0.804, 'HS': np.float64(3.501), 'MMD': np.float64(30.443)}, '3-226_213_215_4_4_0': {'VS': 0.233, 'HS': np.float64(4.969), 'MMD': np.float64(32.081)}, '4-226_213_215_999_4_4_0_0_0_0': {'VS': 0.219, 'HS': np.float64(4.33), 'MMD': np.float64(34.67)}}",270,0.049,82.7,0.264,0,0,0,0,0,0,0,0,0,0,0,0,0,0,0,0,0,0,0,0,0
3-226_172_999_3_0_0,3,273,1.007,32.071,"{'1-226_': {'VS': 0.587, 'HS': np.float64(1.929), 'MMD': np.float64(33.524)}, '2-226_172_3': {'VS': 0.083, 'HS': np.float64(1.086), 'MMD': np.float64(30.974)}, '3-226_172_999_3_0_0': {'VS': 0.0, 'HS': 0.0, 'MMD': 0.0}}","{'1-226_': {'VS': 0.992, 'HS': np.float64(1.375), 'MMD': np.float64(27.415)}, '2-226_172_3': {'VS': 0.222, 'HS': np.float64(1.011), 'MMD': np.float64(29.281)}, '3-226_172_999_3_0_0': {'VS': 0.221, 'HS': np.float64(1.007), 'MMD': np.float64(32.071)}}",273,0.139,20.093,0.272,0,0,0,0,0,0,0,0,0,0,0,0,0,0,0,0,0,0,0,0,0
4-226_172_212_999_4_4_0_0_0_0,4,363,2.567,34.997,"{'1-226_': {'VS': 0.587, 'HS': np.float64(1.929), 'MMD': np.float64(33.524)}, '2-226_172_4': {'VS': 0.356, 'HS': np.float64(2.244), 'MMD': np.float64(40.867)}, '3-226_172_212_4_4_0': {'VS': 0.292, 'HS': np.float64(6.117), 'MMD': np.float64(43.614)}, '4-226_172_212_999_4_4_0_0_0_0': {'VS': 0.0, 'HS': 0.0, 'MMD': 0.0}}","{'1-226_': {'VS': 0.992, 'HS': np.float64(1.375), 'MMD': np.float64(27.415)}, '2-226_172_4': {'VS': 0.566, 'HS': np.float64(1.543), 'MMD': np.float64(30.977)}, '3-226_172_212_4_4_0': {'VS': 0.332, 'HS': np.float64(2.854), 'MMD': np.float64(32.876)}, '4-226_172_212_999_4_4_0_0_0_0': {'VS': 0.294, 'HS': np.float64(2.567), 'MMD': np.float64(34.997)}}",363,0.04,83.479,0.218,0,0,0,0,0,0,0,0,0,0,0,0,0,0,0,0,0,0,0,0,0
4-226_172_213_999_4_4_0_0_0_0,4,359,2.448,35.067,"{'1-226_': {'VS': 0.587, 'HS': np.float64(1.929), 'MMD': np.float64(33.524)}, '2-226_172_4': {'VS': 0.356, 'HS': np.float64(2.244), 'MMD': np.float64(40.867)}, '3-226_172_213_4_4_0': {'VS': 0.274, 'HS': np.float64(5.656), 'MMD': np.float64(44.157)}, '4-226_172_213_999_4_4_0_0_0_0': {'VS': 0.0, 'HS': 0.0, 'MMD': 0.0}}","{'1-226_': {'VS': 0.992, 'HS': np.float64(1.375), 'MMD': np.float64(27.415)}, '2-226_172_4': {'VS': 0.566, 'HS': np.float64(1.543), 'MMD': np.float64(30.977)}, '3-226_172_213_4_4_0': {'VS': 0.329, 'HS': np.float64(2.739), 'MMD': np.float64(32.869)}, '4-226_172_213_999_4_4_0_0_0_0': {'VS': 0.291, 'HS': np.float64(2.448), 'MMD': np.float64(35.067)}}",359,0.055,87.517,0.223,0,0,0,0,0,0,0,0,0,0,0,0,0,0,0,0,0,0,0,0,0
3-226_172_999_4_0_0,3,667,1.474,33.502,"{'1-226_': {'VS': 0.587, 'HS': np.float64(1.929), 'MMD': np.float64(33.524)}, '2-226_172_4': {'VS': 0.356, 'HS': np.float64(2.244), 'MMD': np.float64(40.867)}, '3-226_172_999_4_0_0': {'VS': 0.0, 'HS': 0.0, 'MMD': 0.0}}","{'1-226_': {'VS': 0.992, 'HS': np.float64(1.375), 'MMD': np.float64(27.415)}, '2-226_172_4': {'VS': 0.566, 'HS': np.float64(1.543), 'MMD': np.float64(30.977)}, '3-226_172_999_4_0_0': {'VS': 0.541, 'HS': np.float64(1.474), 'MMD': np.float64(33.502)}}",667,0.21,67.566,0.307,0,0,0,0,0,0,0,0,0,0,0,0,0,0,0,0,0,0,0,0,0
3-226_199_999_3_0_0,3,289,1.003,34.123,"{'1-226_': {'VS': 0.587, 'HS': np.float64(1.929), 'MMD': np.float64(33.524)}, '2-226_199_3': {'VS': 0.117, 'HS': np.float64(1.025), 'MMD': np.float64(40.504)}, '3-226_199_999_3_0_0': {'VS': 0.0, 'HS': 0.0, 'MMD': 0.0}}","{'1-226_': {'VS': 0.992, 'HS': np.float64(1.375), 'MMD': np.float64(27.415)}, '2-226_199_3': {'VS': 0.234, 'HS': np.float64(1.003), 'MMD': np.float64(31.576)}, '3-226_199_999_3_0_0': {'VS': 0.234, 'HS': np.float64(1.003), 'MMD': np.float64(34.123)}}",289,0.117,58.515,0.261,0,0,0,0,0,0,0,0,0,0,0,0,0,0,0,0,0,0,0,0,0
4-226_199_202_999_4_4_0_0_0_0,4,248,1.657,36.125,"{'1-226_': {'VS': 0.587, 'HS': np.float64(1.929), 'MMD': np.float64(33.524)}, '2-226_199_4': {'VS': 0.325, 'HS': np.float64(3.062), 'MMD': np.float64(42.806)}, '3-226_199_202_4_4_0': {'VS': 0.208, 'HS': np.float64(3.896), 'MMD': np.float64(46.092)}, '4-226_199_202_999_4_4_0_0_0_0': {'VS': 0.0, 'HS': 0.0, 'MMD': 0.0}}","{'1-226_': {'VS': 0.992, 'HS': np.float64(1.375), 'MMD': np.float64(27.415)}, '2-226_199_4': {'VS': 0.502, 'HS': np.float64(1.771), 'MMD': np.float64(32.477)}, '3-226_199_202_4_4_0': {'VS': 0.224, 'HS': np.float64(1.855), 'MMD': np.float64(34.221)}, '4-226_199_202_999_4_4_0_0_0_0': {'VS': 0.201, 'HS': np.float64(1.657), 'MMD': np.float64(36.125)}}",248,0.016,94.976,0.199,0,0,0,0,0,0,0,0,0,0,0,0,0,0,0,0,0,0,0,0,0
4-226_199_225_999_4_4_0_0_0_0,4,247,2.235,36.389,"{'1-226_': {'VS': 0.587, 'HS': np.float64(1.929), 'MMD': np.float64(33.524)}, '2-226_199_4': {'VS': 0.325, 'HS': np.float64(3.062), 'MMD': np.float64(42.806)}, '3-226_199_225_4_4_0': {'VS': 0.056, 'HS': np.float64(3.895), 'MMD': np.float64(40.06)}, '4-226_199_225_999_4_4_0_0_0_0': {'VS': 0.0, 'HS': 0.0, 'MMD': 0.0}}","{'1-226_': {'VS': 0.992, 'HS': np.float64(1.375), 'MMD': np.float64(27.415)}, '2-226_199_4': {'VS': 0.502, 'HS': np.float64(1.771), 'MMD': np.float64(32.477)}, '3-226_199_225_4_4_0': {'VS': 0.22, 'HS': np.float64(2.583), 'MMD': np.float64(34.325)}, '4-226_199_225_999_4_4_0_0_0_0': {'VS': 0.2, 'HS': np.float64(2.235), 'MMD': np.float64(36.389)}}",247,0.164,58.966,0.249,0,0,0,0,0,0,0,0,0,0,0,0,0,0,0,0,0,0,0,0,0
4-226_199_212_999_4_4_0_0_0_0,4,394,2.675,35.957,"{'1-226_': {'VS': 0.587, 'HS': np.float64(1.929), 'MMD': np.float64(33.524)}, '2-226_199_4': {'VS': 0.325, 'HS': np.float64(3.062), 'MMD': np.float64(42.806)}, '3-226_199_212_4_4_0': {'VS': 0.268, 'HS': np.float64(8.062), 'MMD': np.float64(45.227)}, '4-226_199_212_999_4_4_0_0_0_0': {'VS': 0.0, 'HS': 0.0, 'MMD': 0.0}}","{'1-226_': {'VS': 0.992, 'HS': np.float64(1.375), 'MMD': np.float64(27.415)}, '2-226_199_4': {'VS': 0.502, 'HS': np.float64(1.771), 'MMD': np.float64(32.477)}, '3-226_199_212_4_4_0': {'VS': 0.343, 'HS': np.float64(3.184), 'MMD': np.float64(33.766)}, '4-226_199_212_999_4_4_0_0_0_0': {'VS': 0.319, 'HS': np.float64(2.675), 'MMD': np.float64(35.957)}}",394,0.075,91.788,0.219,0,0,0,0,0,0,0,0,0,0,0,0,0,0,0,0,0,0,0,0,0
4-226_199_213_999_4_4_0_0_0_0,4,365,2.707,36.025,"{'1-226_': {'VS': 0.587, 'HS': np.float64(1.929), 'MMD': np.float64(33.524)}, '2-226_199_4': {'VS': 0.325, 'HS': np.float64(3.062), 'MMD': np.float64(42.806)}, '3-226_199_213_4_4_0': {'VS': 0.255, 'HS': np.float64(7.515), 'MMD': np.float64(45.273)}, '4-226_199_213_999_4_4_0_0_0_0': {'VS': 0.0, 'HS': 0.0, 'MMD': 0.0}}","{'1-226_': {'VS': 0.992, 'HS': np.float64(1.375), 'MMD': np.float64(27.415)}, '2-226_199_4': {'VS': 0.502, 'HS': np.float64(1.771), 'MMD': np.float64(32.477)}, '3-226_199_213_4_4_0': {'VS': 0.318, 'HS': np.float64(3.178), 'MMD': np.float64(33.898)}, '4-226_199_213_999_4_4_0_0_0_0': {'VS': 0.296, 'HS': np.float64(2.707), 'MMD': np.float64(36.025)}}",365,0.063,91.133,0.215,0,0,0,0,0,0,0,0,0,0,0,0,0,0,0,0,0,0,0,0,0
3-226_199_999_4_0_0,3,600,1.662,34.92,"{'1-226_': {'VS': 0.587, 'HS': np.float64(1.929), 'MMD': np.float64(33.524)}, '2-226_199_4': {'VS': 0.325, 'HS': np.float64(3.062), 'MMD': np.float64(42.806)}, '3-226_199_999_4_0_0': {'VS': 0.0, 'HS': 0.0, 'MMD': 0.0}}","{'1-226_': {'VS': 0.992, 'HS': np.float64(1.375), 'MMD': np.float64(27.415)}, '2-226_199_4': {'VS': 0.502, 'HS': np.float64(1.771), 'MMD': np.float64(32.477)}, '3-226_199_999_4_0_0': {'VS': 0.486, 'HS': np.float64(1.662), 'MMD': np.float64(34.92)}}",600,0.177,72.004,0.291,0,0,0,0,0,0,0,0,0,0,0,0,0,0,0,0,0,0,0,0,0
3-226_211_999_4_0_0,3,349,1.802,33.741,"{'1-226_': {'VS': 0.587, 'HS': np.float64(1.929), 'MMD': np.float64(33.524)}, '2-226_211_4': {'VS': 0.259, 'HS': np.float64(2.869), 'MMD': np.float64(39.731)}, '3-226_211_999_4_0_0': {'VS': 0.0, 'HS': 0.0, 'MMD': 0.0}}","{'1-226_': {'VS': 0.992, 'HS': np.float64(1.375), 'MMD': np.float64(27.415)}, '2-226_211_4': {'VS': 0.296, 'HS': np.float64(1.874), 'MMD': np.float64(31.22)}, '3-226_211_999_4_0_0': {'VS': 0.283, 'HS': np.float64(1.802), 'MMD': np.float64(33.741)}}",349,0.037,54.879,0.221,0,0,0,0,0,0,0,0,0,0,0,0,0,0,0,0,0,0,0,0,0
4-226_221_212_999_4_4_0_0_0_0,4,314,3.003,35.197,"{'1-226_': {'VS': 0.587, 'HS': np.float64(1.929), 'MMD': np.float64(33.524)}, '2-226_221_4': {'VS': 0.265, 'HS': np.float64(3.349), 'MMD': np.float64(39.757)}, '3-226_221_212_4_4_0': {'VS': 0.215, 'HS': np.float64(9.143), 'MMD': np.float64(43.112)}, '4-226_221_212_999_4_4_0_0_0_0': {'VS': 0.0, 'HS': 0.0, 'MMD': 0.0}}","{'1-226_': {'VS': 0.992, 'HS': np.float64(1.375), 'MMD': np.float64(27.415)}, '2-226_221_4': {'VS': 0.378, 'HS': np.float64(2.047), 'MMD': np.float64(30.847)}, '3-226_221_212_4_4_0': {'VS': 0.275, 'HS': np.float64(3.49), 'MMD': np.float64(32.785)}, '4-226_221_212_999_4_4_0_0_0_0': {'VS': 0.254, 'HS': np.float64(3.003), 'MMD': np.float64(35.197)}}",314,0.06,74.452,0.193,0,0,0,0,0,0,0,0,0,0,0,0,0,0,0,0,0,0,0,0,0
4-226_221_213_999_4_4_0_0_0_0,4,299,2.886,35.192,"{'1-226_': {'VS': 0.587, 'HS': np.float64(1.929), 'MMD': np.float64(33.524)}, '2-226_221_4': {'VS': 0.265, 'HS': np.float64(3.349), 'MMD': np.float64(39.757)}, '3-226_221_213_4_4_0': {'VS': 0.207, 'HS': np.float64(8.488), 'MMD': np.float64(43.283)}, '4-226_221_213_999_4_4_0_0_0_0': {'VS': 0.0, 'HS': 0.0, 'MMD': 0.0}}","{'1-226_': {'VS': 0.992, 'HS': np.float64(1.375), 'MMD': np.float64(27.415)}, '2-226_221_4': {'VS': 0.378, 'HS': np.float64(2.047), 'MMD': np.float64(30.847)}, '3-226_221_213_4_4_0': {'VS': 0.257, 'HS': np.float64(3.397), 'MMD': np.float64(32.807)}, '4-226_221_213_999_4_4_0_0_0_0': {'VS': 0.242, 'HS': np.float64(2.886), 'MMD': np.float64(35.192)}}",299,0.05,75.485,0.189,0,0,0,0,0,0,0,0,0,0,0,0,0,0,0,0,0,0,0,0,0
3-226_221_999_4_0_0,3,453,1.914,33.712,"{'1-226_': {'VS': 0.587, 'HS': np.float64(1.929), 'MMD': np.float64(33.524)}, '2-226_221_4': {'VS': 0.265, 'HS': np.float64(3.349), 'MMD': np.float64(39.757)}, '3-226_221_999_4_0_0': {'VS': 0.0, 'HS': 0.0, 'MMD': 0.0}}","{'1-226_': {'VS': 0.992, 'HS': np.float64(1.375), 'MMD': np.float64(27.415)}, '2-226_221_4': {'VS': 0.378, 'HS': np.float64(2.047), 'MMD': np.float64(30.847)}, '3-226_221_999_4_0_0': {'VS': 0.367, 'HS': np.float64(1.914), 'MMD': np.float64(33.712)}}",453,0.113,58.354,0.259,0,0,0,0,0,0,0,0,0,0,0,0,0,0,0,0,0,0,0,0,0
3-226_169_999_4_0_0,3,470,1.436,33.899,"{'1-226_': {'VS': 0.587, 'HS': np.float64(1.929), 'MMD': np.float64(33.524)}, '2-226_169_4': {'VS': 0.24, 'HS': np.float64(2.202), 'MMD': np.float64(40.064)}, '3-226_169_999_4_0_0': {'VS': 0.0, 'HS': 0.0, 'MMD': 0.0}}","{'1-226_': {'VS': 0.992, 'HS': np.float64(1.375), 'MMD': np.float64(27.415)}, '2-226_169_4': {'VS': 0.39, 'HS': np.float64(1.503), 'MMD': np.float64(31.275)}, '3-226_169_999_4_0_0': {'VS': 0.381, 'HS': np.float64(1.436), 'MMD': np.float64(33.899)}}",470,0.15,57.283,0.278,0,0,0,0,0,0,0,0,0,0,0,0,0,0,0,0,0,0,0,0,0
3-226_175_999_4_0_0,3,253,1.19,33.489,"{'1-226_': {'VS': 0.587, 'HS': np.float64(1.929), 'MMD': np.float64(33.524)}, '2-226_175_4': {'VS': 0.174, 'HS': np.float64(1.483), 'MMD': np.float64(41.253)}, '3-226_175_999_4_0_0': {'VS': 0.0, 'HS': 0.0, 'MMD': 0.0}}","{'1-226_': {'VS': 0.992, 'HS': np.float64(1.375), 'MMD': np.float64(27.415)}, '2-226_175_4': {'VS': 0.211, 'HS': np.float64(1.215), 'MMD': np.float64(30.733)}, '3-226_175_999_4_0_0': {'VS': 0.205, 'HS': np.float64(1.19), 'MMD': np.float64(33.489)}}",253,0.037,73.995,0.221,0,0,0,0,0,0,0,0,0,0,0,0,0,0,0,0,0,0,0,0,0
2-226_999_0,2,1222,1.34,30.755,"{'1-226_': {'VS': 0.587, 'HS': np.float64(1.929), 'MMD': np.float64(33.524)}, '2-226_999_0': {'VS': 0.0, 'HS': 0.0, 'MMD': 0.0}}","{'1-226_': {'VS': 0.992, 'HS': np.float64(1.375), 'MMD': np.float64(27.415)}, '2-226_999_0': {'VS': 0.99, 'HS': np.float64(1.34), 'MMD': np.float64(30.755)}}",1222,0.405,37.32,0.405,0,0,0,0,1,1,1,1,1,1,0,0,0,0,0,0,1,1,0,0,1
3-226_163_999_4_0_0,3,272,1.592,34.279,"{'1-226_': {'VS': 0.587, 'HS': np.float64(1.929), 'MMD': np.float64(33.524)}, '2-226_163_4': {'VS': 0.15, 'HS': np.float64(2.825), 'MMD': np.float64(42.783)}, '3-226_163_999_4_0_0': {'VS': 0.0, 'HS': 0.0, 'MMD': 0.0}}","{'1-226_': {'VS': 0.992, 'HS': np.float64(1.375), 'MMD': np.float64(27.415)}, '2-226_163_4': {'VS': 0.227, 'HS': np.float64(1.707), 'MMD': np.float64(32.007)}, '3-226_163_999_4_0_0': {'VS': 0.22, 'HS': np.float64(1.592), 'MMD': np.float64(34.279)}}",272,0.077,76.721,0.241,0,0,0,0,0,0,0,0,0,0,0,0,0,0,0,0,0,0,0,0,0
3-226_229_999_4_0_0,3,319,1.185,32.9,"{'1-226_': {'VS': 0.587, 'HS': np.float64(1.929), 'MMD': np.float64(33.524)}, '2-226_229_4': {'VS': 0.096, 'HS': np.float64(1.241), 'MMD': np.float64(40.659)}, '3-226_229_999_4_0_0': {'VS': 0.0, 'HS': 0.0, 'MMD': 0.0}}","{'1-226_': {'VS': 0.992, 'HS': np.float64(1.375), 'MMD': np.float64(27.415)}, '2-226_229_4': {'VS': 0.266, 'HS': np.float64(1.189), 'MMD': np.float64(30.392)}, '3-226_229_999_4_0_0': {'VS': 0.259, 'HS': np.float64(1.185), 'MMD': np.float64(32.9)}}",319,0.17,71.366,0.288,0,0,0,0,0,0,0,0,0,0,0,0,0,0,0,0,0,0,0,0,0
4-226_157_212_999_4_4_0_0_0_0,4,271,2.631,35.867,"{'1-226_': {'VS': 0.587, 'HS': np.float64(1.929), 'MMD': np.float64(33.524)}, '2-226_157_4': {'VS': 0.264, 'HS': np.float64(2.45), 'MMD': np.float64(42.001)}, '3-226_157_212_4_4_0': {'VS': 0.214, 'HS': np.float64(6.709), 'MMD': np.float64(44.879)}, '4-226_157_212_999_4_4_0_0_0_0': {'VS': 0.0, 'HS': 0.0, 'MMD': 0.0}}","{'1-226_': {'VS': 0.992, 'HS': np.float64(1.375), 'MMD': np.float64(27.415)}, '2-226_157_4': {'VS': 0.399, 'HS': np.float64(1.567), 'MMD': np.float64(31.986)}, '3-226_157_212_4_4_0': {'VS': 0.241, 'HS': np.float64(2.966), 'MMD': np.float64(33.586)}, '4-226_157_212_999_4_4_0_0_0_0': {'VS': 0.22, 'HS': np.float64(2.631), 'MMD': np.float64(35.867)}}",271,0.027,88.384,0.189,0,0,0,0,0,0,0,0,0,0,0,0,0,0,0,0,0,0,0,0,0
4-226_157_213_999_4_4_0_0_0_0,4,267,2.562,35.524,"{'1-226_': {'VS': 0.587, 'HS': np.float64(1.929), 'MMD': np.float64(33.524)}, '2-226_157_4': {'VS': 0.264, 'HS': np.float64(2.45), 'MMD': np.float64(42.001)}, '3-226_157_213_4_4_0': {'VS': 0.204, 'HS': np.float64(6.342), 'MMD': np.float64(44.776)}, '4-226_157_213_999_4_4_0_0_0_0': {'VS': 0.0, 'HS': 0.0, 'MMD': 0.0}}","{'1-226_': {'VS': 0.992, 'HS': np.float64(1.375), 'MMD': np.float64(27.415)}, '2-226_157_4': {'VS': 0.399, 'HS': np.float64(1.567), 'MMD': np.float64(31.986)}, '3-226_157_213_4_4_0': {'VS': 0.239, 'HS': np.float64(2.905), 'MMD': np.float64(33.163)}, '4-226_157_213_999_4_4_0_0_0_0': {'VS': 0.216, 'HS': np.float64(2.562), 'MMD': np.float64(35.524)}}",267,0.035,90.827,0.192,0,0,0,0,0,0,0,0,0,0,0,0,0,0,0,0,0,0,0,0,0
3-226_157_999_4_0_0,3,469,1.499,34.461,"{'1-226_': {'VS': 0.587, 'HS': np.float64(1.929), 'MMD': np.float64(33.524)}, '2-226_157_4': {'VS': 0.264, 'HS': np.float64(2.45), 'MMD': np.float64(42.001)}, '3-226_157_999_4_0_0': {'VS': 0.0, 'HS': 0.0, 'MMD': 0.0}}","{'1-226_': {'VS': 0.992, 'HS': np.float64(1.375), 'MMD': np.float64(27.415)}, '2-226_157_4': {'VS': 0.399, 'HS': np.float64(1.567), 'MMD': np.float64(31.986)}, '3-226_157_999_4_0_0': {'VS': 0.38, 'HS': np.float64(1.499), 'MMD': np.float64(34.461)}}",469,0.135,68.81,0.27,0,0,0,0,0,0,0,0,0,0,0,0,0,0,0,0,0,0,0,0,0
3-226_178_999_4_0_0,3,421,1.197,32.9,"{'1-226_': {'VS': 0.587, 'HS': np.float64(1.929), 'MMD': np.float64(33.524)}, '2-226_178_4': {'VS': 0.166, 'HS': np.float64(1.471), 'MMD': np.float64(40.999)}, '3-226_178_999_4_0_0': {'VS': 0.0, 'HS': 0.0, 'MMD': 0.0}}","{'1-226_': {'VS': 0.992, 'HS': np.float64(1.375), 'MMD': np.float64(27.415)}, '2-226_178_4': {'VS': 0.353, 'HS': np.float64(1.218), 'MMD': np.float64(30.644)}, '3-226_178_999_4_0_0': {'VS': 0.341, 'HS': np.float64(1.197), 'MMD': np.float64(32.9)}}",421,0.187,72.273,0.296,0,0,0,0,0,0,0,0,0,0,0,0,0,0,0,0,0,0,0,0,0
4-226_215_212_999_4_4_0_0_0_0,4,274,4.35,35.148,"{'1-226_': {'VS': 0.587, 'HS': np.float64(1.929), 'MMD': np.float64(33.524)}, '2-226_215_4': {'VS': 0.225, 'HS': np.float64(4.739), 'MMD': np.float64(39.044)}, '3-226_215_212_4_4_0': {'VS': 0.191, 'HS': np.float64(13.14), 'MMD': np.float64(43.259)}, '4-226_215_212_999_4_4_0_0_0_0': {'VS': 0.0, 'HS': 0.0, 'MMD': 0.0}}","{'1-226_': {'VS': 0.992, 'HS': np.float64(1.375), 'MMD': np.float64(27.415)}, '2-226_215_4': {'VS': 0.327, 'HS': np.float64(2.667), 'MMD': np.float64(29.74)}, '3-226_215_212_4_4_0': {'VS': 0.237, 'HS': np.float64(5.068), 'MMD': np.float64(32.703)}, '4-226_215_212_999_4_4_0_0_0_0': {'VS': 0.222, 'HS': np.float64(4.35), 'MMD': np.float64(35.148)}}",274,0.046,78.438,0.184,0,0,0,0,0,0,0,0,0,0,0,0,0,0,0,0,0,0,0,0,0
4-226_215_213_999_4_4_0_0_0_0,4,254,4.299,34.883,"{'1-226_': {'VS': 0.587, 'HS': np.float64(1.929), 'MMD': np.float64(33.524)}, '2-226_215_4': {'VS': 0.225, 'HS': np.float64(4.739), 'MMD': np.float64(39.044)}, '3-226_215_213_4_4_0': {'VS': 0.183, 'HS': np.float64(12.565), 'MMD': np.float64(43.438)}, '4-226_215_213_999_4_4_0_0_0_0': {'VS': 0.0, 'HS': 0.0, 'MMD': 0.0}}","{'1-226_': {'VS': 0.992, 'HS': np.float64(1.375), 'MMD': np.float64(27.415)}, '2-226_215_4': {'VS': 0.327, 'HS': np.float64(2.667), 'MMD': np.float64(29.74)}, '3-226_215_213_4_4_0': {'VS': 0.226, 'HS': np.float64(4.932), 'MMD': np.float64(32.356)}, '4-226_215_213_999_4_4_0_0_0_0': {'VS': 0.206, 'HS': np.float64(4.299), 'MMD': np.float64(34.883)}}",254,0.043,82.232,0.183,1,1,0,0,0,0,0,0,0,0,0,0,0,0,0,0,0,0,0,0,1
3-226_215_999_4_0_0,3,389,2.504,32.499,"{'1-226_': {'VS': 0.587, 'HS': np.float64(1.929), 'MMD': np.float64(33.524)}, '2-226_215_4': {'VS': 0.225, 'HS': np.float64(4.739), 'MMD': np.float64(39.044)}, '3-226_215_999_4_0_0': {'VS': 0.0, 'HS': 0.0, 'MMD': 0.0}}","{'1-226_': {'VS': 0.992, 'HS': np.float64(1.375), 'MMD': np.float64(27.415)}, '2-226_215_4': {'VS': 0.327, 'HS': np.float64(2.667), 'MMD': np.float64(29.74)}, '3-226_215_999_4_0_0': {'VS': 0.315, 'HS': np.float64(2.504), 'MMD': np.float64(32.499)}}",389,0.102,61.942,0.254,0,0,0,0,0,0,0,0,0,0,0,0,0,0,0,0,0,0,0,0,0
3-226_16_999_4_0_0,3,271,1.092,32.561,"{'1-226_': {'VS': 0.587, 'HS': np.float64(1.929), 'MMD': np.float64(33.524)}, '2-226_16_4': {'VS': 0.041, 'HS': np.float64(1.337), 'MMD': np.float64(33.602)}, '3-226_16_999_4_0_0': {'VS': 0.0, 'HS': 0.0, 'MMD': 0.0}}","{'1-226_': {'VS': 0.992, 'HS': np.float64(1.375), 'MMD': np.float64(27.415)}, '2-226_16_4': {'VS': 0.25, 'HS': np.float64(1.091), 'MMD': np.float64(30.286)}, '3-226_16_999_4_0_0': {'VS': 0.22, 'HS': np.float64(1.092), 'MMD': np.float64(32.561)}}",271,0.209,24.158,0.307,0,0,0,0,0,0,0,0,0,0,0,0,0,0,0,0,0,0,0,0,0
3-226_22_999_4_0_0,3,256,1.062,33.805,"{'1-226_': {'VS': 0.587, 'HS': np.float64(1.929), 'MMD': np.float64(33.524)}, '2-226_22_4': {'VS': 0.036, 'HS': np.float64(1.384), 'MMD': np.float64(35.401)}, '3-226_22_999_4_0_0': {'VS': 0.0, 'HS': 0.0, 'MMD': 0.0}}","{'1-226_': {'VS': 0.992, 'HS': np.float64(1.375), 'MMD': np.float64(27.415)}, '2-226_22_4': {'VS': 0.233, 'HS': np.float64(1.076), 'MMD': np.float64(31.297)}, '3-226_22_999_4_0_0': {'VS': 0.207, 'HS': np.float64(1.062), 'MMD': np.float64(33.805)}}",256,0.197,27.081,0.301,0,0,0,0,0,0,0,0,0,0,0,0,0,0,0,0,0,0,0,0,0
3-226_97_999_4_0_0,3,247,1.057,34.032,"{'1-226_': {'VS': 0.587, 'HS': np.float64(1.929), 'MMD': np.float64(33.524)}, '2-226_97_4': {'VS': 0.036, 'HS': np.float64(1.357), 'MMD': np.float64(34.613)}, '3-226_97_999_4_0_0': {'VS': 0.0, 'HS': 0.0, 'MMD': 0.0}}","{'1-226_': {'VS': 0.992, 'HS': np.float64(1.375), 'MMD': np.float64(27.415)}, '2-226_97_4': {'VS': 0.224, 'HS': np.float64(1.072), 'MMD': np.float64(31.554)}, '3-226_97_999_4_0_0': {'VS': 0.2, 'HS': np.float64(1.057), 'MMD': np.float64(34.032)}}",247,0.188,23.339,0.296,0,0,0,0,0,0,0,0,0,0,0,0,0,0,0,0,0,0,0,0,0
3-226_136_999_4_0_0,3,379,1.317,32.623,"{'1-226_': {'VS': 0.587, 'HS': np.float64(1.929), 'MMD': np.float64(33.524)}, '2-226_136_4': {'VS': 0.06, 'HS': np.float64(1.759), 'MMD': np.float64(33.585)}, '3-226_136_999_4_0_0': {'VS': 0.0, 'HS': 0.0, 'MMD': 0.0}}","{'1-226_': {'VS': 0.992, 'HS': np.float64(1.375), 'MMD': np.float64(27.415)}, '2-226_136_4': {'VS': 0.329, 'HS': np.float64(1.33), 'MMD': np.float64(30.209)}, '3-226_136_999_4_0_0': {'VS': 0.307, 'HS': np.float64(1.317), 'MMD': np.float64(32.623)}}",379,0.269,24.359,0.337,0,0,0,0,0,0,0,0,0,0,0,0,0,0,0,0,0,0,0,0,0
3-202_193_999_0_0_0,3,288,1.899,20.642,"{'1-202_': {'VS': 0.797, 'HS': np.float64(2.885), 'MMD': np.float64(7.875)}, '2-202_193_0': {'VS': 0.274, 'HS': np.float64(3.687), 'MMD': np.float64(19.835)}, '3-202_193_999_0_0_0': {'VS': 0.0, 'HS': 0.0, 'MMD': 0.0}}","{'1-202_': {'VS': 0.921, 'HS': np.float64(1.955), 'MMD': np.float64(10.963)}, '2-202_193_0': {'VS': 0.255, 'HS': np.float64(2.117), 'MMD': np.float64(16.537)}, '3-202_193_999_0_0_0': {'VS': 0.233, 'HS': np.float64(1.899), 'MMD': np.float64(20.642)}}",288,-0.019,10.206,0.052,0,0,0,0,0,0,0,0,0,0,0,0,0,0,0,0,0,0,0,0,0
3-202_214_999_0_0_0,3,310,2.516,20.93,"{'1-202_': {'VS': 0.797, 'HS': np.float64(2.885), 'MMD': np.float64(7.875)}, '2-202_214_0': {'VS': 0.29, 'HS': np.float64(5.813), 'MMD': np.float64(21.37)}, '3-202_214_999_0_0_0': {'VS': 0.0, 'HS': 0.0, 'MMD': 0.0}}","{'1-202_': {'VS': 0.921, 'HS': np.float64(1.955), 'MMD': np.float64(10.963)}, '2-202_214_0': {'VS': 0.27, 'HS': np.float64(2.823), 'MMD': np.float64(17.259)}, '3-202_214_999_0_0_0': {'VS': 0.251, 'HS': np.float64(2.516), 'MMD': np.float64(20.93)}}",310,-0.02,13.218,0.052,0,0,0,0,0,0,0,0,0,0,0,0,0,0,0,0,0,0,0,0,0
4-202_225_212_999_0_0_0_0_0_0,4,265,2.906,22.155,"{'1-202_': {'VS': 0.797, 'HS': np.float64(2.885), 'MMD': np.float64(7.875)}, '2-202_225_0': {'VS': 0.192, 'HS': np.float64(3.033), 'MMD': np.float64(10.877)}, '3-202_225_212_0_0_0': {'VS': 0.114, 'HS': np.float64(5.283), 'MMD': np.float64(16.214)}, '4-202_225_212_999_0_0_0_0_0_0': {'VS': 0.0, 'HS': 0.0, 'MMD': 0.0}}","{'1-202_': {'VS': 0.921, 'HS': np.float64(1.955), 'MMD': np.float64(10.963)}, '2-202_225_0': {'VS': 0.374, 'HS': np.float64(2.816), 'MMD': np.float64(14.325)}, '3-202_225_212_0_0_0': {'VS': 0.245, 'HS': np.float64(3.692), 'MMD': np.float64(18.653)}, '4-202_225_212_999_0_0_0_0_0_0': {'VS': 0.215, 'HS': np.float64(2.906), 'MMD': np.float64(22.155)}}",265,0.131,9.124,0.146,0,0,0,0,0,0,0,0,0,0,0,0,0,0,0,0,0,0,0,0,0
4-202_225_213_999_0_0_0_0_0_0,4,254,2.835,22.221,"{'1-202_': {'VS': 0.797, 'HS': np.float64(2.885), 'MMD': np.float64(7.875)}, '2-202_225_0': {'VS': 0.192, 'HS': np.float64(3.033), 'MMD': np.float64(10.877)}, '3-202_225_213_0_0_0': {'VS': 0.099, 'HS': np.float64(5.163), 'MMD': np.float64(16.529)}, '4-202_225_213_999_0_0_0_0_0_0': {'VS': 0.0, 'HS': 0.0, 'MMD': 0.0}}","{'1-202_': {'VS': 0.921, 'HS': np.float64(1.955), 'MMD': np.float64(10.963)}, '2-202_225_0': {'VS': 0.374, 'HS': np.float64(2.816), 'MMD': np.float64(14.325)}, '3-202_225_213_0_0_0': {'VS': 0.235, 'HS': np.float64(3.655), 'MMD': np.float64(18.53)}, '4-202_225_213_999_0_0_0_0_0_0': {'VS': 0.206, 'HS': np.float64(2.835), 'MMD': np.float64(22.221)}}",254,0.136,8.476,0.147,0,0,0,0,0,0,0,0,0,0,0,0,0,0,0,0,0,0,0,0,0
3-202_225_999_0_0_0,3,430,2.437,20.732,"{'1-202_': {'VS': 0.797, 'HS': np.float64(2.885), 'MMD': np.float64(7.875)}, '2-202_225_0': {'VS': 0.192, 'HS': np.float64(3.033), 'MMD': np.float64(10.877)}, '3-202_225_999_0_0_0': {'VS': 0.0, 'HS': 0.0, 'MMD': 0.0}}","{'1-202_': {'VS': 0.921, 'HS': np.float64(1.955), 'MMD': np.float64(10.963)}, '2-202_225_0': {'VS': 0.374, 'HS': np.float64(2.816), 'MMD': np.float64(14.325)}, '3-202_225_999_0_0_0': {'VS': 0.348, 'HS': np.float64(2.437), 'MMD': np.float64(20.732)}}",430,0.182,10.712,0.153,0,0,0,0,0,0,0,0,0,0,0,0,0,0,0,0,0,0,0,0,0
3-202_225_999_4_0_0,3,389,1.985,25.871,"{'1-202_': {'VS': 0.797, 'HS': np.float64(2.885), 'MMD': np.float64(7.875)}, '2-202_225_4': {'VS': 0.088, 'HS': np.float64(1.938), 'MMD': np.float64(14.667)}, '3-202_225_999_4_0_0': {'VS': 0.0, 'HS': 0.0, 'MMD': 0.0}}","{'1-202_': {'VS': 0.921, 'HS': np.float64(1.955), 'MMD': np.float64(10.963)}, '2-202_225_4': {'VS': 0.33, 'HS': np.float64(2.133), 'MMD': np.float64(20.365)}, '3-202_225_999_4_0_0': {'VS': 0.315, 'HS': np.float64(1.985), 'MMD': np.float64(25.871)}}",389,0.242,21.001,0.183,0,0,0,0,0,0,0,0,0,0,0,0,0,0,0,0,0,0,0,0,0
4-202_212_225_999_0_0_0_0_0_0,4,254,2.882,22.184,"{'1-202_': {'VS': 0.797, 'HS': np.float64(2.885), 'MMD': np.float64(7.875)}, '2-202_212_0': {'VS': 0.594, 'HS': np.float64(8.12), 'MMD': np.float64(14.898)}, '3-202_212_225_0_0_0': {'VS': 0.108, 'HS': np.float64(5.337), 'MMD': np.float64(15.824)}, '4-202_212_225_999_0_0_0_0_0_0': {'VS': 0.0, 'HS': 0.0, 'MMD': 0.0}}","{'1-202_': {'VS': 0.921, 'HS': np.float64(1.955), 'MMD': np.float64(10.963)}, '2-202_212_0': {'VS': 0.574, 'HS': np.float64(3.829), 'MMD': np.float64(14.737)}, '3-202_212_225_0_0_0': {'VS': 0.236, 'HS': np.float64(3.643), 'MMD': np.float64(17.75)}, '4-202_212_225_999_0_0_0_0_0_0': {'VS': 0.206, 'HS': np.float64(2.882), 'MMD': np.float64(22.184)}}",254,0.128,4.424,0.077,0,0,0,0,0,0,0,0,0,0,0,0,0,0,0,0,0,0,0,0,0
4-202_212_224_999_0_0_0_0_0_0,4,283,2.982,22.273,"{'1-202_': {'VS': 0.797, 'HS': np.float64(2.885), 'MMD': np.float64(7.875)}, '2-202_212_0': {'VS': 0.594, 'HS': np.float64(8.12), 'MMD': np.float64(14.898)}, '3-202_212_224_0_0_0': {'VS': 0.111, 'HS': np.float64(6.281), 'MMD': np.float64(19.526)}, '4-202_212_224_999_0_0_0_0_0_0': {'VS': 0.0, 'HS': 0.0, 'MMD': 0.0}}","{'1-202_': {'VS': 0.921, 'HS': np.float64(1.955), 'MMD': np.float64(10.963)}, '2-202_212_0': {'VS': 0.574, 'HS': np.float64(3.829), 'MMD': np.float64(14.737)}, '3-202_212_224_0_0_0': {'VS': 0.263, 'HS': np.float64(3.62), 'MMD': np.float64(19.177)}, '4-202_212_224_999_0_0_0_0_0_0': {'VS': 0.229, 'HS': np.float64(2.982), 'MMD': np.float64(22.273)}}",283,0.152,3.228,0.085,0,0,0,0,0,0,0,0,0,0,0,0,0,0,0,0,0,0,0,0,0
4-202_212_172_999_0_0_0_0_0_0,4,306,2.614,22.083,"{'1-202_': {'VS': 0.797, 'HS': np.float64(2.885), 'MMD': np.float64(7.875)}, '2-202_212_0': {'VS': 0.594, 'HS': np.float64(8.12), 'MMD': np.float64(14.898)}, '3-202_212_172_0_0_0': {'VS': 0.267, 'HS': np.float64(5.065), 'MMD': np.float64(20.04)}, '4-202_212_172_999_0_0_0_0_0_0': {'VS': 0.0, 'HS': 0.0, 'MMD': 0.0}}","{'1-202_': {'VS': 0.921, 'HS': np.float64(1.955), 'MMD': np.float64(10.963)}, '2-202_212_0': {'VS': 0.574, 'HS': np.float64(3.829), 'MMD': np.float64(14.737)}, '3-202_212_172_0_0_0': {'VS': 0.284, 'HS': np.float64(3.094), 'MMD': np.float64(19.3)}, '4-202_212_172_999_0_0_0_0_0_0': {'VS': 0.248, 'HS': np.float64(2.614), 'MMD': np.float64(22.083)}}",306,0.017,3.37,0.04,0,0,0,0,0,0,0,0,0,0,0,0,0,0,0,0,0,0,0,0,0
3-202_212_999_0_0_0,3,666,3.293,20.211,"{'1-202_': {'VS': 0.797, 'HS': np.float64(2.885), 'MMD': np.float64(7.875)}, '2-202_212_0': {'VS': 0.594, 'HS': np.float64(8.12), 'MMD': np.float64(14.898)}, '3-202_212_999_0_0_0': {'VS': 0.0, 'HS': 0.0, 'MMD': 0.0}}","{'1-202_': {'VS': 0.921, 'HS': np.float64(1.955), 'MMD': np.float64(10.963)}, '2-202_212_0': {'VS': 0.574, 'HS': np.float64(3.829), 'MMD': np.float64(14.737)}, '3-202_212_999_0_0_0': {'VS': 0.54, 'HS': np.float64(3.293), 'MMD': np.float64(20.211)}}",666,-0.02,4.781,0.052,0,0,0,0,0,0,0,0,0,0,0,0,0,0,0,0,0,0,0,0,0
4-202_212_178_999_0_0_0_0_0_0,4,259,2.456,21.893,"{'1-202_': {'VS': 0.797, 'HS': np.float64(2.885), 'MMD': np.float64(7.875)}, '2-202_212_0': {'VS': 0.594, 'HS': np.float64(8.12), 'MMD': np.float64(14.898)}, '3-202_212_178_0_0_0': {'VS': 0.122, 'HS': np.float64(3.737), 'MMD': np.float64(19.627)}, '4-202_212_178_999_0_0_0_0_0_0': {'VS': 0.0, 'HS': 0.0, 'MMD': 0.0}}","{'1-202_': {'VS': 0.921, 'HS': np.float64(1.955), 'MMD': np.float64(10.963)}, '2-202_212_0': {'VS': 0.574, 'HS': np.float64(3.829), 'MMD': np.float64(14.737)}, '3-202_212_178_0_0_0': {'VS': 0.239, 'HS': np.float64(2.875), 'MMD': np.float64(19.623)}, '4-202_212_178_999_0_0_0_0_0_0': {'VS': 0.21, 'HS': np.float64(2.456), 'MMD': np.float64(21.893)}}",259,0.117,3.187,0.074,1,0,0,0,0,0,0,0,0,0,0,0,0,0,0,0,0,0,0,0,1
3-202_212_999_3_0_0,3,274,1.036,21.991,"{'1-202_': {'VS': 0.797, 'HS': np.float64(2.885), 'MMD': np.float64(7.875)}, '2-202_212_3': {'VS': 0.192, 'HS': np.float64(1.17), 'MMD': np.float64(13.798)}, '3-202_212_999_3_0_0': {'VS': 0.0, 'HS': 0.0, 'MMD': 0.0}}","{'1-202_': {'VS': 0.921, 'HS': np.float64(1.955), 'MMD': np.float64(10.963)}, '2-202_212_3': {'VS': 0.228, 'HS': np.float64(1.046), 'MMD': np.float64(15.532)}, '3-202_212_999_3_0_0': {'VS': 0.222, 'HS': np.float64(1.036), 'MMD': np.float64(21.991)}}",274,0.036,6.271,0.08,0,0,0,0,0,0,0,0,0,0,0,0,0,0,0,0,0,0,0,0,0
3-202_212_999_4_0_0,3,580,2.547,25.201,"{'1-202_': {'VS': 0.797, 'HS': np.float64(2.885), 'MMD': np.float64(7.875)}, '2-202_212_4': {'VS': 0.384, 'HS': np.float64(3.796), 'MMD': np.float64(17.629)}, '3-202_212_999_4_0_0': {'VS': 0.0, 'HS': 0.0, 'MMD': 0.0}}","{'1-202_': {'VS': 0.921, 'HS': np.float64(1.955), 'MMD': np.float64(10.963)}, '2-202_212_4': {'VS': 0.489, 'HS': np.float64(2.705), 'MMD': np.float64(19.257)}, '3-202_212_999_4_0_0': {'VS': 0.47, 'HS': np.float64(2.547), 'MMD': np.float64(25.201)}}",580,0.105,6.093,0.114,0,0,0,0,0,0,0,0,0,0,0,0,0,0,0,0,0,0,0,0,0
3-202_220_999_0_0_0,3,375,1.995,20.76,"{'1-202_': {'VS': 0.797, 'HS': np.float64(2.885), 'MMD': np.float64(7.875)}, '2-202_220_0': {'VS': 0.319, 'HS': np.float64(4.343), 'MMD': np.float64(18.118)}, '3-202_220_999_0_0_0': {'VS': 0.0, 'HS': 0.0, 'MMD': 0.0}}","{'1-202_': {'VS': 0.921, 'HS': np.float64(1.955), 'MMD': np.float64(10.963)}, '2-202_220_0': {'VS': 0.328, 'HS': np.float64(2.301), 'MMD': np.float64(16.08)}, '3-202_220_999_0_0_0': {'VS': 0.304, 'HS': np.float64(1.995), 'MMD': np.float64(20.76)}}",375,0.009,6.845,0.067,0,0,0,0,0,0,0,0,0,0,0,0,0,0,0,0,0,0,0,0,0
3-202_220_999_4_0_0,3,267,1.532,26.919,"{'1-202_': {'VS': 0.797, 'HS': np.float64(2.885), 'MMD': np.float64(7.875)}, '2-202_220_4': {'VS': 0.178, 'HS': np.float64(2.233), 'MMD': np.float64(21.373)}, '3-202_220_999_4_0_0': {'VS': 0.0, 'HS': 0.0, 'MMD': 0.0}}","{'1-202_': {'VS': 0.921, 'HS': np.float64(1.955), 'MMD': np.float64(10.963)}, '2-202_220_4': {'VS': 0.23, 'HS': np.float64(1.609), 'MMD': np.float64(21.065)}, '3-202_220_999_4_0_0': {'VS': 0.216, 'HS': np.float64(1.532), 'MMD': np.float64(26.919)}}",267,0.052,4.815,0.088,1,0,0,0,0,0,0,0,0,0,0,0,0,0,0,0,0,0,0,0,1
3-202_208_999_0_0_0,3,426,1.815,20.815,"{'1-202_': {'VS': 0.797, 'HS': np.float64(2.885), 'MMD': np.float64(7.875)}, '2-202_208_0': {'VS': 0.374, 'HS': np.float64(3.768), 'MMD': np.float64(18.362)}, '3-202_208_999_0_0_0': {'VS': 0.0, 'HS': 0.0, 'MMD': 0.0}}","{'1-202_': {'VS': 0.921, 'HS': np.float64(1.955), 'MMD': np.float64(10.963)}, '2-202_208_0': {'VS': 0.374, 'HS': np.float64(2.043), 'MMD': np.float64(16.067)}, '3-202_208_999_0_0_0': {'VS': 0.345, 'HS': np.float64(1.815), 'MMD': np.float64(20.815)}}",426,0.0,7.401,0.062,0,0,0,0,0,0,0,0,0,0,0,0,0,0,0,0,0,0,0,0,0
3-202_208_999_4_0_0,3,276,1.467,27.385,"{'1-202_': {'VS': 0.797, 'HS': np.float64(2.885), 'MMD': np.float64(7.875)}, '2-202_208_4': {'VS': 0.2, 'HS': np.float64(2.068), 'MMD': np.float64(21.23)}, '3-202_208_999_4_0_0': {'VS': 0.0, 'HS': 0.0, 'MMD': 0.0}}","{'1-202_': {'VS': 0.921, 'HS': np.float64(1.955), 'MMD': np.float64(10.963)}, '2-202_208_4': {'VS': 0.237, 'HS': np.float64(1.529), 'MMD': np.float64(21.244)}, '3-202_208_999_4_0_0': {'VS': 0.224, 'HS': np.float64(1.467), 'MMD': np.float64(27.385)}}",276,0.037,4.768,0.08,0,0,0,0,0,0,0,0,0,0,0,0,0,0,0,0,0,0,0,0,0
3-202_196_999_0_0_0,3,319,1.749,20.91,"{'1-202_': {'VS': 0.797, 'HS': np.float64(2.885), 'MMD': np.float64(7.875)}, '2-202_196_0': {'VS': 0.274, 'HS': np.float64(3.204), 'MMD': np.float64(15.619)}, '3-202_196_999_0_0_0': {'VS': 0.0, 'HS': 0.0, 'MMD': 0.0}}","{'1-202_': {'VS': 0.921, 'HS': np.float64(1.955), 'MMD': np.float64(10.963)}, '2-202_196_0': {'VS': 0.288, 'HS': np.float64(1.938), 'MMD': np.float64(15.346)}, '3-202_196_999_0_0_0': {'VS': 0.259, 'HS': np.float64(1.749), 'MMD': np.float64(20.91)}}",319,0.014,4.805,0.069,0,0,0,0,0,0,0,0,0,0,0,0,0,0,0,0,0,0,0,0,0
3-202_196_999_4_0_0,3,250,1.32,26.007,"{'1-202_': {'VS': 0.797, 'HS': np.float64(2.885), 'MMD': np.float64(7.875)}, '2-202_196_4': {'VS': 0.146, 'HS': np.float64(1.581), 'MMD': np.float64(21.307)}, '3-202_196_999_4_0_0': {'VS': 0.0, 'HS': 0.0, 'MMD': 0.0}}","{'1-202_': {'VS': 0.921, 'HS': np.float64(1.955), 'MMD': np.float64(10.963)}, '2-202_196_4': {'VS': 0.216, 'HS': np.float64(1.357), 'MMD': np.float64(21.281)}, '3-202_196_999_4_0_0': {'VS': 0.203, 'HS': np.float64(1.32), 'MMD': np.float64(26.007)}}",250,0.07,4.768,0.097,0,0,0,0,0,0,0,0,0,0,0,0,0,0,0,0,0,0,0,0,0
3-202_224_999_0_0_0,3,481,2.541,20.682,"{'1-202_': {'VS': 0.797, 'HS': np.float64(2.885), 'MMD': np.float64(7.875)}, '2-202_224_0': {'VS': 0.189, 'HS': np.float64(3.562), 'MMD': np.float64(14.404)}, '3-202_224_999_0_0_0': {'VS': 0.0, 'HS': 0.0, 'MMD': 0.0}}","{'1-202_': {'VS': 0.921, 'HS': np.float64(1.955), 'MMD': np.float64(10.963)}, '2-202_224_0': {'VS': 0.421, 'HS': np.float64(2.863), 'MMD': np.float64(16.175)}, '3-202_224_999_0_0_0': {'VS': 0.39, 'HS': np.float64(2.541), 'MMD': np.float64(20.682)}}",481,0.232,6.336,0.178,0,0,0,0,0,0,0,0,0,0,0,0,0,0,0,0,0,0,0,0,0
3-202_224_999_4_0_0,3,379,2.124,27.144,"{'1-202_': {'VS': 0.797, 'HS': np.float64(2.885), 'MMD': np.float64(7.875)}, '2-202_224_4': {'VS': 0.079, 'HS': np.float64(2.038), 'MMD': np.float64(16.331)}, '3-202_224_999_4_0_0': {'VS': 0.0, 'HS': 0.0, 'MMD': 0.0}}","{'1-202_': {'VS': 0.921, 'HS': np.float64(1.955), 'MMD': np.float64(10.963)}, '2-202_224_4': {'VS': 0.319, 'HS': np.float64(2.239), 'MMD': np.float64(21.756)}, '3-202_224_999_4_0_0': {'VS': 0.307, 'HS': np.float64(2.124), 'MMD': np.float64(27.144)}}",379,0.24,19.483,0.182,0,0,0,0,0,0,0,0,0,0,0,0,0,0,0,0,0,0,0,0,0
4-202_213_224_999_0_0_0_0_0_0,4,267,2.831,22.364,"{'1-202_': {'VS': 0.797, 'HS': np.float64(2.885), 'MMD': np.float64(7.875)}, '2-202_213_0': {'VS': 0.559, 'HS': np.float64(7.692), 'MMD': np.float64(15.253)}, '3-202_213_224_0_0_0': {'VS': 0.097, 'HS': np.float64(6.465), 'MMD': np.float64(19.851)}, '4-202_213_224_999_0_0_0_0_0_0': {'VS': 0.0, 'HS': 0.0, 'MMD': 0.0}}","{'1-202_': {'VS': 0.921, 'HS': np.float64(1.955), 'MMD': np.float64(10.963)}, '2-202_213_0': {'VS': 0.536, 'HS': np.float64(3.734), 'MMD': np.float64(14.699)}, '3-202_213_224_0_0_0': {'VS': 0.247, 'HS': np.float64(3.475), 'MMD': np.float64(19.369)}, '4-202_213_224_999_0_0_0_0_0_0': {'VS': 0.216, 'HS': np.float64(2.831), 'MMD': np.float64(22.364)}}",267,0.15,3.358,0.084,0,0,0,0,0,0,0,0,0,0,0,0,0,0,0,0,0,0,0,0,0
4-202_213_172_999_0_0_0_0_0_0,4,285,2.621,21.706,"{'1-202_': {'VS': 0.797, 'HS': np.float64(2.885), 'MMD': np.float64(7.875)}, '2-202_213_0': {'VS': 0.559, 'HS': np.float64(7.692), 'MMD': np.float64(15.253)}, '3-202_213_172_0_0_0': {'VS': 0.244, 'HS': np.float64(4.711), 'MMD': np.float64(20.092)}, '4-202_213_172_999_0_0_0_0_0_0': {'VS': 0.0, 'HS': 0.0, 'MMD': 0.0}}","{'1-202_': {'VS': 0.921, 'HS': np.float64(1.955), 'MMD': np.float64(10.963)}, '2-202_213_0': {'VS': 0.536, 'HS': np.float64(3.734), 'MMD': np.float64(14.699)}, '3-202_213_172_0_0_0': {'VS': 0.265, 'HS': np.float64(3.113), 'MMD': np.float64(18.883)}, '4-202_213_172_999_0_0_0_0_0_0': {'VS': 0.231, 'HS': np.float64(2.621), 'MMD': np.float64(21.706)}}",285,0.021,3.768,0.041,0,0,0,0,0,0,0,0,0,0,0,0,0,0,0,0,0,0,0,0,0
3-202_213_999_0_0_0,3,617,3.206,20.156,"{'1-202_': {'VS': 0.797, 'HS': np.float64(2.885), 'MMD': np.float64(7.875)}, '2-202_213_0': {'VS': 0.559, 'HS': np.float64(7.692), 'MMD': np.float64(15.253)}, '3-202_213_999_0_0_0': {'VS': 0.0, 'HS': 0.0, 'MMD': 0.0}}","{'1-202_': {'VS': 0.921, 'HS': np.float64(1.955), 'MMD': np.float64(10.963)}, '2-202_213_0': {'VS': 0.536, 'HS': np.float64(3.734), 'MMD': np.float64(14.699)}, '3-202_213_999_0_0_0': {'VS': 0.5, 'HS': np.float64(3.206), 'MMD': np.float64(20.156)}}",617,-0.023,4.921,0.05,0,0,0,0,0,0,0,0,0,0,0,0,0,0,0,0,0,0,0,0,0
3-202_213_999_3_0_0,3,274,1.044,21.816,"{'1-202_': {'VS': 0.797, 'HS': np.float64(2.885), 'MMD': np.float64(7.875)}, '2-202_213_3': {'VS': 0.175, 'HS': np.float64(1.169), 'MMD': np.float64(11.97)}, '3-202_213_999_3_0_0': {'VS': 0.0, 'HS': 0.0, 'MMD': 0.0}}","{'1-202_': {'VS': 0.921, 'HS': np.float64(1.955), 'MMD': np.float64(10.963)}, '2-202_213_3': {'VS': 0.23, 'HS': np.float64(1.056), 'MMD': np.float64(15.486)}, '3-202_213_999_3_0_0': {'VS': 0.222, 'HS': np.float64(1.044), 'MMD': np.float64(21.816)}}",274,0.055,10.949,0.09,0,0,0,0,0,0,0,0,0,0,0,0,0,0,0,0,0,0,0,0,0
3-202_213_999_4_0_0,3,547,2.527,25.634,"{'1-202_': {'VS': 0.797, 'HS': np.float64(2.885), 'MMD': np.float64(7.875)}, '2-202_213_4': {'VS': 0.345, 'HS': np.float64(3.775), 'MMD': np.float64(18.673)}, '3-202_213_999_4_0_0': {'VS': 0.0, 'HS': 0.0, 'MMD': 0.0}}","{'1-202_': {'VS': 0.921, 'HS': np.float64(1.955), 'MMD': np.float64(10.963)}, '2-202_213_4': {'VS': 0.456, 'HS': np.float64(2.68), 'MMD': np.float64(19.671)}, '3-202_213_999_4_0_0': {'VS': 0.443, 'HS': np.float64(2.527), 'MMD': np.float64(25.634)}}",547,0.111,5.266,0.118,0,0,0,0,0,0,0,0,0,0,0,0,0,0,0,0,0,0,0,0,0
3-202_172_999_0_0_0,3,519,1.904,19.608,"{'1-202_': {'VS': 0.797, 'HS': np.float64(2.885), 'MMD': np.float64(7.875)}, '2-202_172_0': {'VS': 0.377, 'HS': np.float64(3.211), 'MMD': np.float64(15.263)}, '3-202_172_999_0_0_0': {'VS': 0.0, 'HS': 0.0, 'MMD': 0.0}}","{'1-202_': {'VS': 0.921, 'HS': np.float64(1.955), 'MMD': np.float64(10.963)}, '2-202_172_0': {'VS': 0.45, 'HS': np.float64(2.124), 'MMD': np.float64(15.295)}, '3-202_172_999_0_0_0': {'VS': 0.421, 'HS': np.float64(1.904), 'MMD': np.float64(19.608)}}",519,0.073,4.768,0.099,0,0,0,0,0,0,0,0,0,0,0,0,0,0,0,0,0,0,0,0,0
3-202_172_999_4_0_0,3,318,1.299,25.898,"{'1-202_': {'VS': 0.797, 'HS': np.float64(2.885), 'MMD': np.float64(7.875)}, '2-202_172_4': {'VS': 0.194, 'HS': np.float64(1.742), 'MMD': np.float64(21.566)}, '3-202_172_999_4_0_0': {'VS': 0.0, 'HS': 0.0, 'MMD': 0.0}}","{'1-202_': {'VS': 0.921, 'HS': np.float64(1.955), 'MMD': np.float64(10.963)}, '2-202_172_4': {'VS': 0.276, 'HS': np.float64(1.338), 'MMD': np.float64(20.86)}, '3-202_172_999_4_0_0': {'VS': 0.258, 'HS': np.float64(1.299), 'MMD': np.float64(25.898)}}",318,0.082,5.017,0.103,0,0,0,0,0,0,0,0,0,0,0,0,0,0,0,0,0,0,0,0,0
3-202_199_999_0_0_0,3,382,1.846,20.769,"{'1-202_': {'VS': 0.797, 'HS': np.float64(2.885), 'MMD': np.float64(7.875)}, '2-202_199_0': {'VS': 0.36, 'HS': np.float64(3.901), 'MMD': np.float64(19.42)}, '3-202_199_999_0_0_0': {'VS': 0.0, 'HS': 0.0, 'MMD': 0.0}}","{'1-202_': {'VS': 0.921, 'HS': np.float64(1.955), 'MMD': np.float64(10.963)}, '2-202_199_0': {'VS': 0.341, 'HS': np.float64(2.078), 'MMD': np.float64(16.497)}, '3-202_199_999_0_0_0': {'VS': 0.31, 'HS': np.float64(1.846), 'MMD': np.float64(20.769)}}",382,-0.019,9.04,0.053,0,0,0,0,0,0,0,0,0,0,0,0,0,0,0,0,0,0,0,0,0
3-202_221_999_0_0_0,3,288,2.149,20.686,"{'1-202_': {'VS': 0.797, 'HS': np.float64(2.885), 'MMD': np.float64(7.875)}, '2-202_221_0': {'VS': 0.274, 'HS': np.float64(4.599), 'MMD': np.float64(15.471)}, '3-202_221_999_0_0_0': {'VS': 0.0, 'HS': 0.0, 'MMD': 0.0}}","{'1-202_': {'VS': 0.921, 'HS': np.float64(1.955), 'MMD': np.float64(10.963)}, '2-202_221_0': {'VS': 0.25, 'HS': np.float64(2.563), 'MMD': np.float64(14.828)}, '3-202_221_999_0_0_0': {'VS': 0.233, 'HS': np.float64(2.149), 'MMD': np.float64(20.686)}}",288,-0.024,4.975,0.05,0,0,0,0,0,0,0,0,0,0,0,0,0,0,0,0,0,0,0,0,0
3-202_169_999_0_0_0,3,343,1.802,19.793,"{'1-202_': {'VS': 0.797, 'HS': np.float64(2.885), 'MMD': np.float64(7.875)}, '2-202_169_0': {'VS': 0.234, 'HS': np.float64(3.089), 'MMD': np.float64(15.785)}, '3-202_169_999_0_0_0': {'VS': 0.0, 'HS': 0.0, 'MMD': 0.0}}","{'1-202_': {'VS': 0.921, 'HS': np.float64(1.955), 'MMD': np.float64(10.963)}, '2-202_169_0': {'VS': 0.307, 'HS': np.float64(1.963), 'MMD': np.float64(15.71)}, '3-202_169_999_0_0_0': {'VS': 0.278, 'HS': np.float64(1.802), 'MMD': np.float64(19.793)}}",343,0.073,4.771,0.098,0,0,0,0,0,0,0,0,0,0,0,0,0,0,0,0,0,0,0,0,0
2-202_999_0,2,1132,1.829,18.901,"{'1-202_': {'VS': 0.797, 'HS': np.float64(2.885), 'MMD': np.float64(7.875)}, '2-202_999_0': {'VS': 0.0, 'HS': 0.0, 'MMD': 0.0}}","{'1-202_': {'VS': 0.921, 'HS': np.float64(1.955), 'MMD': np.float64(10.963)}, '2-202_999_0': {'VS': 0.917, 'HS': np.float64(1.829), 'MMD': np.float64(18.901)}}",1132,0.124,9.536,0.124,0,0,0,0,1,1,1,0,0,0,0,0,0,0,0,0,0,0,0,0,1
3-202_157_999_0_0_0,3,323,1.768,19.875,"{'1-202_': {'VS': 0.797, 'HS': np.float64(2.885), 'MMD': np.float64(7.875)}, '2-202_157_0': {'VS': 0.288, 'HS': np.float64(3.393), 'MMD': np.float64(17.185)}, '3-202_157_999_0_0_0': {'VS': 0.0, 'HS': 0.0, 'MMD': 0.0}}","{'1-202_': {'VS': 0.921, 'HS': np.float64(1.955), 'MMD': np.float64(10.963)}, '2-202_157_0': {'VS': 0.287, 'HS': np.float64(2.017), 'MMD': np.float64(15.509)}, '3-202_157_999_0_0_0': {'VS': 0.262, 'HS': np.float64(1.768), 'MMD': np.float64(19.875)}}",323,-0.001,6.172,0.061,0,0,0,0,0,0,0,0,0,0,0,0,0,0,0,0,0,0,0,0,0
3-202_178_999_0_0_0,3,390,1.679,19.089,"{'1-202_': {'VS': 0.797, 'HS': np.float64(2.885), 'MMD': np.float64(7.875)}, '2-202_178_0': {'VS': 0.192, 'HS': np.float64(2.311), 'MMD': np.float64(15.447)}, '3-202_178_999_0_0_0': {'VS': 0.0, 'HS': 0.0, 'MMD': 0.0}}","{'1-202_': {'VS': 0.921, 'HS': np.float64(1.955), 'MMD': np.float64(10.963)}, '2-202_178_0': {'VS': 0.335, 'HS': np.float64(1.85), 'MMD': np.float64(16.034)}, '3-202_178_999_0_0_0': {'VS': 0.316, 'HS': np.float64(1.679), 'MMD': np.float64(19.089)}}",390,0.143,4.94,0.134,0,0,0,0,0,0,0,0,0,0,0,0,0,0,0,0,0,0,0,0,0
3-225_193_999_0_0_0,3,303,2.241,17.036,"{'1-225_': {'VS': 0.393, 'HS': np.float64(2.55), 'MMD': np.float64(1.643)}, '2-225_193_0': {'VS': 0.103, 'HS': np.float64(3.222), 'MMD': np.float64(13.096)}, '3-225_193_999_0_0_0': {'VS': 0.0, 'HS': 0.0, 'MMD': 0.0}}","{'1-225_': {'VS': 0.673, 'HS': np.float64(2.774), 'MMD': np.float64(2.028)}, '2-225_193_0': {'VS': 0.267, 'HS': np.float64(2.561), 'MMD': np.float64(12.942)}, '3-225_193_999_0_0_0': {'VS': 0.246, 'HS': np.float64(2.241), 'MMD': np.float64(17.036)}}",303,0.164,0.086,0.222,0,0,0,0,0,0,0,0,0,0,0,0,0,0,0,0,0,0,0,0,0
3-225_214_999_0_0_0,3,307,3.645,16.76,"{'1-225_': {'VS': 0.393, 'HS': np.float64(2.55), 'MMD': np.float64(1.643)}, '2-225_214_0': {'VS': 0.112, 'HS': np.float64(3.853), 'MMD': np.float64(13.533)}, '3-225_214_999_0_0_0': {'VS': 0.0, 'HS': 0.0, 'MMD': 0.0}}","{'1-225_': {'VS': 0.673, 'HS': np.float64(2.774), 'MMD': np.float64(2.028)}, '2-225_214_0': {'VS': 0.271, 'HS': np.float64(4.197), 'MMD': np.float64(13.403)}, '3-225_214_999_0_0_0': {'VS': 0.249, 'HS': np.float64(3.645), 'MMD': np.float64(16.76)}}",307,0.159,0.083,0.22,0,0,0,0,0,0,0,0,0,0,0,0,0,0,0,0,0,0,0,0,0
3-225_202_999_0_0_0,3,425,2.456,16.885,"{'1-225_': {'VS': 0.393, 'HS': np.float64(2.55), 'MMD': np.float64(1.643)}, '2-225_202_0': {'VS': 0.166, 'HS': np.float64(3.24), 'MMD': np.float64(11.923)}, '3-225_202_999_0_0_0': {'VS': 0.0, 'HS': 0.0, 'MMD': 0.0}}","{'1-225_': {'VS': 0.673, 'HS': np.float64(2.774), 'MMD': np.float64(2.028)}, '2-225_202_0': {'VS': 0.377, 'HS': np.float64(2.768), 'MMD': np.float64(12.318)}, '3-225_202_999_0_0_0': {'VS': 0.344, 'HS': np.float64(2.456), 'MMD': np.float64(16.885)}}",425,0.211,0.152,0.245,0,0,0,0,0,0,0,0,0,0,0,0,0,0,0,0,0,0,0,0,0
4-225_212_172_999_0_0_0_0_0_0,4,339,3.289,18.418,"{'1-225_': {'VS': 0.393, 'HS': np.float64(2.55), 'MMD': np.float64(1.643)}, '2-225_212_0': {'VS': 0.292, 'HS': np.float64(5.653), 'MMD': np.float64(9.438)}, '3-225_212_172_0_0_0': {'VS': 0.099, 'HS': np.float64(5.698), 'MMD': np.float64(15.819)}, '4-225_212_172_999_0_0_0_0_0_0': {'VS': 0.0, 'HS': 0.0, 'MMD': 0.0}}","{'1-225_': {'VS': 0.673, 'HS': np.float64(2.774), 'MMD': np.float64(2.028)}, '2-225_212_0': {'VS': 0.556, 'HS': np.float64(5.672), 'MMD': np.float64(10.982)}, '3-225_212_172_0_0_0': {'VS': 0.314, 'HS': np.float64(4.005), 'MMD': np.float64(15.8)}, '4-225_212_172_999_0_0_0_0_0_0': {'VS': 0.275, 'HS': np.float64(3.289), 'MMD': np.float64(18.418)}}",339,0.215,0.844,0.253,0,0,0,0,0,0,0,0,0,0,0,0,0,0,0,0,0,0,0,0,0
3-225_212_999_0_0_0,3,654,4.729,16.454,"{'1-225_': {'VS': 0.393, 'HS': np.float64(2.55), 'MMD': np.float64(1.643)}, '2-225_212_0': {'VS': 0.292, 'HS': np.float64(5.653), 'MMD': np.float64(9.438)}, '3-225_212_999_0_0_0': {'VS': 0.0, 'HS': 0.0, 'MMD': 0.0}}","{'1-225_': {'VS': 0.673, 'HS': np.float64(2.774), 'MMD': np.float64(2.028)}, '2-225_212_0': {'VS': 0.556, 'HS': np.float64(5.672), 'MMD': np.float64(10.982)}, '3-225_212_999_0_0_0': {'VS': 0.53, 'HS': np.float64(4.729), 'MMD': np.float64(16.454)}}",654,0.264,1.266,0.272,0,0,0,0,0,0,0,0,0,0,0,0,0,0,0,0,0,0,0,0,0
4-225_212_178_999_0_0_0_0_0_0,4,259,3.197,18.039,"{'1-225_': {'VS': 0.393, 'HS': np.float64(2.55), 'MMD': np.float64(1.643)}, '2-225_212_0': {'VS': 0.292, 'HS': np.float64(5.653), 'MMD': np.float64(9.438)}, '3-225_212_178_0_0_0': {'VS': 0.054, 'HS': np.float64(4.234), 'MMD': np.float64(16.136)}, '4-225_212_178_999_0_0_0_0_0_0': {'VS': 0.0, 'HS': 0.0, 'MMD': 0.0}}","{'1-225_': {'VS': 0.673, 'HS': np.float64(2.774), 'MMD': np.float64(2.028)}, '2-225_212_0': {'VS': 0.556, 'HS': np.float64(5.672), 'MMD': np.float64(10.982)}, '3-225_212_178_0_0_0': {'VS': 0.237, 'HS': np.float64(3.904), 'MMD': np.float64(15.959)}, '4-225_212_178_999_0_0_0_0_0_0': {'VS': 0.21, 'HS': np.float64(3.197), 'MMD': np.float64(18.039)}}",259,0.183,0.854,0.242,0,0,0,0,0,0,0,0,0,0,0,0,0,0,0,0,0,0,0,0,0
3-225_212_999_1_0_0,3,292,1.37,13.552,"{'1-225_': {'VS': 0.393, 'HS': np.float64(2.55), 'MMD': np.float64(1.643)}, '2-225_212_1': {'VS': 0.132, 'HS': np.float64(1.348), 'MMD': np.float64(3.593)}, '3-225_212_999_1_0_0': {'VS': 0.0, 'HS': 0.0, 'MMD': 0.0}}","{'1-225_': {'VS': 0.673, 'HS': np.float64(2.774), 'MMD': np.float64(2.028)}, '2-225_212_1': {'VS': 0.251, 'HS': np.float64(1.39), 'MMD': np.float64(3.952)}, '3-225_212_999_1_0_0': {'VS': 0.237, 'HS': np.float64(1.37), 'MMD': np.float64(13.552)}}",292,0.119,0.139,0.2,0,0,0,0,0,0,0,0,0,0,0,0,0,0,0,0,0,0,0,0,0
3-225_220_999_0_0_0,3,357,2.664,17.165,"{'1-225_': {'VS': 0.393, 'HS': np.float64(2.55), 'MMD': np.float64(1.643)}, '2-225_220_0': {'VS': 0.138, 'HS': np.float64(3.877), 'MMD': np.float64(11.416)}, '3-225_220_999_0_0_0': {'VS': 0.0, 'HS': 0.0, 'MMD': 0.0}}","{'1-225_': {'VS': 0.673, 'HS': np.float64(2.774), 'MMD': np.float64(2.028)}, '2-225_220_0': {'VS': 0.317, 'HS': np.float64(3.046), 'MMD': np.float64(12.275)}, '3-225_220_999_0_0_0': {'VS': 0.289, 'HS': np.float64(2.664), 'MMD': np.float64(17.165)}}",357,0.179,0.443,0.23,0,0,0,0,0,0,0,0,0,0,0,0,0,0,0,0,0,0,0,0,0
3-225_208_999_0_0_0,3,377,2.477,17.332,"{'1-225_': {'VS': 0.393, 'HS': np.float64(2.55), 'MMD': np.float64(1.643)}, '2-225_208_0': {'VS': 0.145, 'HS': np.float64(3.186), 'MMD': np.float64(11.638)}, '3-225_208_999_0_0_0': {'VS': 0.0, 'HS': 0.0, 'MMD': 0.0}}","{'1-225_': {'VS': 0.673, 'HS': np.float64(2.774), 'MMD': np.float64(2.028)}, '2-225_208_0': {'VS': 0.336, 'HS': np.float64(2.79), 'MMD': np.float64(12.802)}, '3-225_208_999_0_0_0': {'VS': 0.306, 'HS': np.float64(2.477), 'MMD': np.float64(17.332)}}",377,0.191,0.752,0.236,0,0,0,0,0,0,0,0,0,0,0,0,0,0,0,0,0,0,0,0,0
3-225_196_999_0_0_0,3,303,2.36,16.947,"{'1-225_': {'VS': 0.393, 'HS': np.float64(2.55), 'MMD': np.float64(1.643)}, '2-225_196_0': {'VS': 0.118, 'HS': np.float64(2.685), 'MMD': np.float64(10.828)}, '3-225_196_999_0_0_0': {'VS': 0.0, 'HS': 0.0, 'MMD': 0.0}}","{'1-225_': {'VS': 0.673, 'HS': np.float64(2.774), 'MMD': np.float64(2.028)}, '2-225_196_0': {'VS': 0.264, 'HS': np.float64(2.715), 'MMD': np.float64(11.204)}, '3-225_196_999_0_0_0': {'VS': 0.246, 'HS': np.float64(2.36), 'MMD': np.float64(16.947)}}",303,0.146,0.145,0.213,0,0,0,0,0,0,0,0,0,0,0,0,0,0,0,0,0,0,0,0,0
4-225_224_212_999_0_0_0_0_0_0,4,348,4.144,19.161,"{'1-225_': {'VS': 0.393, 'HS': np.float64(2.55), 'MMD': np.float64(1.643)}, '2-225_224_0': {'VS': 0.23, 'HS': np.float64(4.904), 'MMD': np.float64(11.133)}, '3-225_224_212_0_0_0': {'VS': 0.119, 'HS': np.float64(8.47), 'MMD': np.float64(14.512)}, '4-225_224_212_999_0_0_0_0_0_0': {'VS': 0.0, 'HS': 0.0, 'MMD': 0.0}}","{'1-225_': {'VS': 0.673, 'HS': np.float64(2.774), 'MMD': np.float64(2.028)}, '2-225_224_0': {'VS': 0.498, 'HS': np.float64(4.82), 'MMD': np.float64(12.357)}, '3-225_224_212_0_0_0': {'VS': 0.318, 'HS': np.float64(5.433), 'MMD': np.float64(16.221)}, '4-225_224_212_999_0_0_0_0_0_0': {'VS': 0.282, 'HS': np.float64(4.144), 'MMD': np.float64(19.161)}}",348,0.199,1.522,0.249,0,0,0,0,0,0,0,0,0,0,0,0,0,0,0,0,0,0,0,0,0
4-225_224_213_999_0_0_0_0_0_0,4,313,4.195,19.241,"{'1-225_': {'VS': 0.393, 'HS': np.float64(2.55), 'MMD': np.float64(1.643)}, '2-225_224_0': {'VS': 0.23, 'HS': np.float64(4.904), 'MMD': np.float64(11.133)}, '3-225_224_213_0_0_0': {'VS': 0.107, 'HS': np.float64(7.587), 'MMD': np.float64(15.069)}, '4-225_224_213_999_0_0_0_0_0_0': {'VS': 0.0, 'HS': 0.0, 'MMD': 0.0}}","{'1-225_': {'VS': 0.673, 'HS': np.float64(2.774), 'MMD': np.float64(2.028)}, '2-225_224_0': {'VS': 0.498, 'HS': np.float64(4.82), 'MMD': np.float64(12.357)}, '3-225_224_213_0_0_0': {'VS': 0.297, 'HS': np.float64(5.32), 'MMD': np.float64(16.036)}, '4-225_224_213_999_0_0_0_0_0_0': {'VS': 0.254, 'HS': np.float64(4.195), 'MMD': np.float64(19.241)}}",313,0.19,0.86,0.246,0,0,0,0,0,0,0,0,0,0,0,0,0,0,0,0,0,0,0,0,0
4-225_224_172_999_0_0_0_0_0_0,4,250,2.94,19.252,"{'1-225_': {'VS': 0.393, 'HS': np.float64(2.55), 'MMD': np.float64(1.643)}, '2-225_224_0': {'VS': 0.23, 'HS': np.float64(4.904), 'MMD': np.float64(11.133)}, '3-225_224_172_0_0_0': {'VS': 0.073, 'HS': np.float64(4.566), 'MMD': np.float64(16.858)}, '4-225_224_172_999_0_0_0_0_0_0': {'VS': 0.0, 'HS': 0.0, 'MMD': 0.0}}","{'1-225_': {'VS': 0.673, 'HS': np.float64(2.774), 'MMD': np.float64(2.028)}, '2-225_224_0': {'VS': 0.498, 'HS': np.float64(4.82), 'MMD': np.float64(12.357)}, '3-225_224_172_0_0_0': {'VS': 0.234, 'HS': np.float64(3.512), 'MMD': np.float64(16.864)}, '4-225_224_172_999_0_0_0_0_0_0': {'VS': 0.203, 'HS': np.float64(2.94), 'MMD': np.float64(19.252)}}",250,0.161,0.549,0.236,0,0,0,0,0,0,0,0,0,0,0,0,0,0,0,0,0,0,0,0,0
3-225_224_999_0_0_0,3,586,4.019,16.87,"{'1-225_': {'VS': 0.393, 'HS': np.float64(2.55), 'MMD': np.float64(1.643)}, '2-225_224_0': {'VS': 0.23, 'HS': np.float64(4.904), 'MMD': np.float64(11.133)}, '3-225_224_999_0_0_0': {'VS': 0.0, 'HS': 0.0, 'MMD': 0.0}}","{'1-225_': {'VS': 0.673, 'HS': np.float64(2.774), 'MMD': np.float64(2.028)}, '2-225_224_0': {'VS': 0.498, 'HS': np.float64(4.82), 'MMD': np.float64(12.357)}, '3-225_224_999_0_0_0': {'VS': 0.475, 'HS': np.float64(4.019), 'MMD': np.float64(16.87)}}",586,0.268,0.823,0.274,0,0,0,0,0,0,0,0,0,0,0,0,0,0,0,0,0,0,0,0,0
4-225_224_212_999_1_0_0_0_0_0,4,413,3.685,17.244,"{'1-225_': {'VS': 0.393, 'HS': np.float64(2.55), 'MMD': np.float64(1.643)}, '2-225_224_1': {'VS': 0.264, 'HS': np.float64(2.322), 'MMD': np.float64(5.607)}, '3-225_224_212_1_0_0': {'VS': 0.164, 'HS': np.float64(5.106), 'MMD': np.float64(11.803)}, '4-225_224_212_999_1_0_0_0_0_0': {'VS': 0.0, 'HS': 0.0, 'MMD': 0.0}}","{'1-225_': {'VS': 0.673, 'HS': np.float64(2.774), 'MMD': np.float64(2.028)}, '2-225_224_1': {'VS': 0.558, 'HS': np.float64(2.372), 'MMD': np.float64(6.081)}, '3-225_224_212_1_0_0': {'VS': 0.37, 'HS': np.float64(4.414), 'MMD': np.float64(12.911)}, '4-225_224_212_999_1_0_0_0_0_0': {'VS': 0.335, 'HS': np.float64(3.685), 'MMD': np.float64(17.244)}}",413,0.206,0.534,0.26,0,0,0,0,0,0,0,0,0,0,0,0,0,0,0,0,0,0,0,0,0
4-225_224_213_999_1_0_0_0_0_0,4,393,3.509,17.356,"{'1-225_': {'VS': 0.393, 'HS': np.float64(2.55), 'MMD': np.float64(1.643)}, '2-225_224_1': {'VS': 0.264, 'HS': np.float64(2.322), 'MMD': np.float64(5.607)}, '3-225_224_213_1_0_0': {'VS': 0.151, 'HS': np.float64(4.798), 'MMD': np.float64(11.935)}, '4-225_224_213_999_1_0_0_0_0_0': {'VS': 0.0, 'HS': 0.0, 'MMD': 0.0}}","{'1-225_': {'VS': 0.673, 'HS': np.float64(2.774), 'MMD': np.float64(2.028)}, '2-225_224_1': {'VS': 0.558, 'HS': np.float64(2.372), 'MMD': np.float64(6.081)}, '3-225_224_213_1_0_0': {'VS': 0.35, 'HS': np.float64(4.243), 'MMD': np.float64(12.857)}, '4-225_224_213_999_1_0_0_0_0_0': {'VS': 0.318, 'HS': np.float64(3.509), 'MMD': np.float64(17.356)}}",393,0.199,0.408,0.258,0,0,0,0,0,0,0,0,0,0,0,0,0,0,0,0,0,0,0,0,0
4-225_224_172_999_1_0_0_0_0_0,4,312,2.112,16.98,"{'1-225_': {'VS': 0.393, 'HS': np.float64(2.55), 'MMD': np.float64(1.643)}, '2-225_224_1': {'VS': 0.264, 'HS': np.float64(2.322), 'MMD': np.float64(5.607)}, '3-225_224_172_1_0_0': {'VS': 0.095, 'HS': np.float64(2.844), 'MMD': np.float64(13.43)}, '4-225_224_172_999_1_0_0_0_0_0': {'VS': 0.0, 'HS': 0.0, 'MMD': 0.0}}","{'1-225_': {'VS': 0.673, 'HS': np.float64(2.774), 'MMD': np.float64(2.028)}, '2-225_224_1': {'VS': 0.558, 'HS': np.float64(2.372), 'MMD': np.float64(6.081)}, '3-225_224_172_1_0_0': {'VS': 0.285, 'HS': np.float64(2.372), 'MMD': np.float64(13.772)}, '4-225_224_172_999_1_0_0_0_0_0': {'VS': 0.253, 'HS': np.float64(2.112), 'MMD': np.float64(16.98)}}",312,0.19,0.163,0.255,0,0,0,0,0,0,0,0,0,0,0,0,0,0,0,0,0,0,0,0,0
3-225_224_999_1_0_0,3,661,2.204,13.352,"{'1-225_': {'VS': 0.393, 'HS': np.float64(2.55), 'MMD': np.float64(1.643)}, '2-225_224_1': {'VS': 0.264, 'HS': np.float64(2.322), 'MMD': np.float64(5.607)}, '3-225_224_999_1_0_0': {'VS': 0.0, 'HS': 0.0, 'MMD': 0.0}}","{'1-225_': {'VS': 0.673, 'HS': np.float64(2.774), 'MMD': np.float64(2.028)}, '2-225_224_1': {'VS': 0.558, 'HS': np.float64(2.372), 'MMD': np.float64(6.081)}, '3-225_224_999_1_0_0': {'VS': 0.536, 'HS': np.float64(2.204), 'MMD': np.float64(13.352)}}",661,0.294,0.186,0.287,0,0,0,0,0,0,0,0,0,0,0,0,0,0,0,0,0,0,0,0,0
4-225_213_172_999_0_0_0_0_0_0,4,322,3.295,18.229,"{'1-225_': {'VS': 0.393, 'HS': np.float64(2.55), 'MMD': np.float64(1.643)}, '2-225_213_0': {'VS': 0.275, 'HS': np.float64(5.174), 'MMD': np.float64(9.497)}, '3-225_213_172_0_0_0': {'VS': 0.094, 'HS': np.float64(4.901), 'MMD': np.float64(15.31)}, '4-225_213_172_999_0_0_0_0_0_0': {'VS': 0.0, 'HS': 0.0, 'MMD': 0.0}}","{'1-225_': {'VS': 0.673, 'HS': np.float64(2.774), 'MMD': np.float64(2.028)}, '2-225_213_0': {'VS': 0.544, 'HS': np.float64(5.311), 'MMD': np.float64(10.806)}, '3-225_213_172_0_0_0': {'VS': 0.297, 'HS': np.float64(3.94), 'MMD': np.float64(15.597)}, '4-225_213_172_999_0_0_0_0_0_0': {'VS': 0.261, 'HS': np.float64(3.295), 'MMD': np.float64(18.229)}}",322,0.203,0.648,0.251,0,0,0,0,0,0,0,0,0,0,0,0,0,0,0,0,0,0,0,0,0
3-225_213_999_0_0_0,3,635,4.468,16.436,"{'1-225_': {'VS': 0.393, 'HS': np.float64(2.55), 'MMD': np.float64(1.643)}, '2-225_213_0': {'VS': 0.275, 'HS': np.float64(5.174), 'MMD': np.float64(9.497)}, '3-225_213_999_0_0_0': {'VS': 0.0, 'HS': 0.0, 'MMD': 0.0}}","{'1-225_': {'VS': 0.673, 'HS': np.float64(2.774), 'MMD': np.float64(2.028)}, '2-225_213_0': {'VS': 0.544, 'HS': np.float64(5.311), 'MMD': np.float64(10.806)}, '3-225_213_999_0_0_0': {'VS': 0.515, 'HS': np.float64(4.468), 'MMD': np.float64(16.436)}}",635,0.269,0.931,0.275,0,0,0,0,0,0,0,0,0,0,0,0,0,0,0,0,0,0,0,0,0
4-225_213_178_999_0_0_0_0_0_0,4,257,3.07,17.709,"{'1-225_': {'VS': 0.393, 'HS': np.float64(2.55), 'MMD': np.float64(1.643)}, '2-225_213_0': {'VS': 0.275, 'HS': np.float64(5.174), 'MMD': np.float64(9.497)}, '3-225_213_178_0_0_0': {'VS': 0.049, 'HS': np.float64(3.826), 'MMD': np.float64(15.882)}, '4-225_213_178_999_0_0_0_0_0_0': {'VS': 0.0, 'HS': 0.0, 'MMD': 0.0}}","{'1-225_': {'VS': 0.673, 'HS': np.float64(2.774), 'MMD': np.float64(2.028)}, '2-225_213_0': {'VS': 0.544, 'HS': np.float64(5.311), 'MMD': np.float64(10.806)}, '3-225_213_178_0_0_0': {'VS': 0.227, 'HS': np.float64(3.829), 'MMD': np.float64(15.671)}, '4-225_213_178_999_0_0_0_0_0_0': {'VS': 0.208, 'HS': np.float64(3.07), 'MMD': np.float64(17.709)}}",257,0.178,0.635,0.242,0,0,0,0,0,0,0,0,0,0,0,0,0,0,0,0,0,0,0,0,0
3-225_172_999_0_0_0,3,491,2.568,16.172,"{'1-225_': {'VS': 0.393, 'HS': np.float64(2.55), 'MMD': np.float64(1.643)}, '2-225_172_0': {'VS': 0.168, 'HS': np.float64(3.244), 'MMD': np.float64(10.78)}, '3-225_172_999_0_0_0': {'VS': 0.0, 'HS': 0.0, 'MMD': 0.0}}","{'1-225_': {'VS': 0.673, 'HS': np.float64(2.774), 'MMD': np.float64(2.028)}, '2-225_172_0': {'VS': 0.425, 'HS': np.float64(2.909), 'MMD': np.float64(11.905)}, '3-225_172_999_0_0_0': {'VS': 0.398, 'HS': np.float64(2.568), 'MMD': np.float64(16.172)}}",491,0.257,0.707,0.269,1,1,0,0,0,0,0,0,0,0,0,0,0,0,0,0,0,0,0,0,1
3-225_199_999_0_0_0,3,374,2.471,16.914,"{'1-225_': {'VS': 0.393, 'HS': np.float64(2.55), 'MMD': np.float64(1.643)}, '2-225_199_0': {'VS': 0.142, 'HS': np.float64(3.329), 'MMD': np.float64(12.638)}, '3-225_199_999_0_0_0': {'VS': 0.0, 'HS': 0.0, 'MMD': 0.0}}","{'1-225_': {'VS': 0.673, 'HS': np.float64(2.774), 'MMD': np.float64(2.028)}, '2-225_199_0': {'VS': 0.328, 'HS': np.float64(2.872), 'MMD': np.float64(12.565)}, '3-225_199_999_0_0_0': {'VS': 0.303, 'HS': np.float64(2.471), 'MMD': np.float64(16.914)}}",374,0.186,0.077,0.233,0,0,0,0,0,0,0,0,0,0,0,0,0,0,0,0,0,0,0,0,0
3-225_221_999_0_0_0,3,294,2.963,16.484,"{'1-225_': {'VS': 0.393, 'HS': np.float64(2.55), 'MMD': np.float64(1.643)}, '2-225_221_0': {'VS': 0.123, 'HS': np.float64(3.597), 'MMD': np.float64(9.776)}, '3-225_221_999_0_0_0': {'VS': 0.0, 'HS': 0.0, 'MMD': 0.0}}","{'1-225_': {'VS': 0.673, 'HS': np.float64(2.774), 'MMD': np.float64(2.028)}, '2-225_221_0': {'VS': 0.257, 'HS': np.float64(3.407), 'MMD': np.float64(10.487)}, '3-225_221_999_0_0_0': {'VS': 0.238, 'HS': np.float64(2.963), 'MMD': np.float64(16.484)}}",294,0.134,0.327,0.207,0,0,0,0,0,0,0,0,0,0,0,0,0,0,0,0,0,0,0,0,0
3-225_169_999_0_0_0,3,331,2.477,16.091,"{'1-225_': {'VS': 0.393, 'HS': np.float64(2.55), 'MMD': np.float64(1.643)}, '2-225_169_0': {'VS': 0.112, 'HS': np.float64(2.947), 'MMD': np.float64(10.71)}, '3-225_169_999_0_0_0': {'VS': 0.0, 'HS': 0.0, 'MMD': 0.0}}","{'1-225_': {'VS': 0.673, 'HS': np.float64(2.774), 'MMD': np.float64(2.028)}, '2-225_169_0': {'VS': 0.29, 'HS': np.float64(2.779), 'MMD': np.float64(11.691)}, '3-225_169_999_0_0_0': {'VS': 0.268, 'HS': np.float64(2.477), 'MMD': np.float64(16.091)}}",331,0.178,0.555,0.229,0,0,0,0,0,0,0,0,0,0,0,0,0,0,0,0,0,0,0,0,0
2-225_999_0,2,814,2.561,12.852,"{'1-225_': {'VS': 0.393, 'HS': np.float64(2.55), 'MMD': np.float64(1.643)}, '2-225_999_0': {'VS': 0.0, 'HS': 0.0, 'MMD': 0.0}}","{'1-225_': {'VS': 0.673, 'HS': np.float64(2.774), 'MMD': np.float64(2.028)}, '2-225_999_0': {'VS': 0.66, 'HS': np.float64(2.561), 'MMD': np.float64(12.852)}}",814,0.28,0.148,0.28,0,0,0,0,1,0,0,0,0,0,0,0,0,0,0,0,0,0,0,0,1
3-225_157_999_0_0_0,3,317,2.448,16.348,"{'1-225_': {'VS': 0.393, 'HS': np.float64(2.55), 'MMD': np.float64(1.643)}, '2-225_157_0': {'VS': 0.109, 'HS': np.float64(2.981), 'MMD': np.float64(11.443)}, '3-225_157_999_0_0_0': {'VS': 0.0, 'HS': 0.0, 'MMD': 0.0}}","{'1-225_': {'VS': 0.673, 'HS': np.float64(2.774), 'MMD': np.float64(2.028)}, '2-225_157_0': {'VS': 0.284, 'HS': np.float64(2.72), 'MMD': np.float64(11.641)}, '3-225_157_999_0_0_0': {'VS': 0.257, 'HS': np.float64(2.448), 'MMD': np.float64(16.348)}}",317,0.175,0.094,0.228,0,0,0,0,0,0,0,0,0,0,0,0,0,0,0,0,0,0,0,0,0
3-225_178_999_0_0_0,3,368,2.288,15.174,"{'1-225_': {'VS': 0.393, 'HS': np.float64(2.55), 'MMD': np.float64(1.643)}, '2-225_178_0': {'VS': 0.085, 'HS': np.float64(2.667), 'MMD': np.float64(11.534)}, '3-225_178_999_0_0_0': {'VS': 0.0, 'HS': 0.0, 'MMD': 0.0}}","{'1-225_': {'VS': 0.673, 'HS': np.float64(2.774), 'MMD': np.float64(2.028)}, '2-225_178_0': {'VS': 0.319, 'HS': np.float64(2.49), 'MMD': np.float64(11.89)}, '3-225_178_999_0_0_0': {'VS': 0.298, 'HS': np.float64(2.288), 'MMD': np.float64(15.174)}}",368,0.234,0.137,0.257,0,0,0,0,0,0,0,0,0,0,0,0,0,0,0,0,0,0,0,0,0
3-225_215_999_0_0_0,3,262,3.87,16.508,"{'1-225_': {'VS': 0.393, 'HS': np.float64(2.55), 'MMD': np.float64(1.643)}, '2-225_215_0': {'VS': 0.111, 'HS': np.float64(3.859), 'MMD': np.float64(8.715)}, '3-225_215_999_0_0_0': {'VS': 0.0, 'HS': 0.0, 'MMD': 0.0}}","{'1-225_': {'VS': 0.673, 'HS': np.float64(2.774), 'MMD': np.float64(2.028)}, '2-225_215_0': {'VS': 0.228, 'HS': np.float64(4.555), 'MMD': np.float64(10.177)}, '3-225_215_999_0_0_0': {'VS': 0.212, 'HS': np.float64(3.87), 'MMD': np.float64(16.508)}}",262,0.117,1.143,0.199,0,0,0,0,0,0,0,0,0,0,0,0,0,0,0,0,0,0,0,0,0
3-212_193_999_0_0_0,3,432,3.22,17.984,"{'1-212_': {'VS': 0.909, 'HS': np.float64(6.069), 'MMD': np.float64(2.433)}, '2-212_193_0': {'VS': 0.35, 'HS': np.float64(7.415), 'MMD': np.float64(16.549)}, '3-212_193_999_0_0_0': {'VS': 0.0, 'HS': 0.0, 'MMD': 0.0}}","{'1-212_': {'VS': 0.94, 'HS': np.float64(4.166), 'MMD': np.float64(2.968)}, '2-212_193_0': {'VS': 0.376, 'HS': np.float64(3.649), 'MMD': np.float64(13.604)}, '3-212_193_999_0_0_0': {'VS': 0.35, 'HS': np.float64(3.22), 'MMD': np.float64(17.984)}}",432,0.026,4.48,0.028,0,0,0,0,0,0,0,0,0,0,0,0,0,0,0,0,0,0,0,0,0
3-212_214_999_0_0_0,3,467,4.876,17.608,"{'1-212_': {'VS': 0.909, 'HS': np.float64(6.069), 'MMD': np.float64(2.433)}, '2-212_214_0': {'VS': 0.386, 'HS': np.float64(11.164), 'MMD': np.float64(18.075)}, '3-212_214_999_0_0_0': {'VS': 0.0, 'HS': 0.0, 'MMD': 0.0}}","{'1-212_': {'VS': 0.94, 'HS': np.float64(4.166), 'MMD': np.float64(2.968)}, '2-212_214_0': {'VS': 0.4, 'HS': np.float64(5.547), 'MMD': np.float64(14.087)}, '3-212_214_999_0_0_0': {'VS': 0.378, 'HS': np.float64(4.876), 'MMD': np.float64(17.608)}}",467,0.014,8.095,0.022,0,0,0,0,0,0,0,0,0,0,0,0,0,0,0,0,0,0,0,0,0
4-212_202_172_999_0_0_0_0_0_0,4,261,2.498,19.824,"{'1-212_': {'VS': 0.909, 'HS': np.float64(6.069), 'MMD': np.float64(2.433)}, '2-212_202_0': {'VS': 0.553, 'HS': np.float64(8.331), 'MMD': np.float64(15.004)}, '3-212_202_172_0_0_0': {'VS': 0.233, 'HS': np.float64(4.579), 'MMD': np.float64(18.171)}, '4-212_202_172_999_0_0_0_0_0_0': {'VS': 0.0, 'HS': 0.0, 'MMD': 0.0}}","{'1-212_': {'VS': 0.94, 'HS': np.float64(4.166), 'MMD': np.float64(2.968)}, '2-212_202_0': {'VS': 0.574, 'HS': np.float64(3.778), 'MMD': np.float64(13.049)}, '3-212_202_172_0_0_0': {'VS': 0.246, 'HS': np.float64(3.0), 'MMD': np.float64(17.331)}, '4-212_202_172_999_0_0_0_0_0_0': {'VS': 0.212, 'HS': np.float64(2.498), 'MMD': np.float64(19.824)}}",261,0.013,1.605,0.022,0,0,0,0,0,0,0,0,0,0,0,0,0,0,0,0,0,0,0,0,0
3-212_202_999_0_0_0,3,671,3.28,17.917,"{'1-212_': {'VS': 0.909, 'HS': np.float64(6.069), 'MMD': np.float64(2.433)}, '2-212_202_0': {'VS': 0.553, 'HS': np.float64(8.331), 'MMD': np.float64(15.004)}, '3-212_202_999_0_0_0': {'VS': 0.0, 'HS': 0.0, 'MMD': 0.0}}","{'1-212_': {'VS': 0.94, 'HS': np.float64(4.166), 'MMD': np.float64(2.968)}, '2-212_202_0': {'VS': 0.574, 'HS': np.float64(3.778), 'MMD': np.float64(13.049)}, '3-212_202_999_0_0_0': {'VS': 0.544, 'HS': np.float64(3.28), 'MMD': np.float64(17.917)}}",671,0.021,2.054,0.026,1,1,0,0,0,0,0,0,0,0,0,0,0,0,0,0,0,0,0,0,1
4-212_225_202_999_0_0_0_0_0_0,4,269,3.119,20.035,"{'1-212_': {'VS': 0.909, 'HS': np.float64(6.069), 'MMD': np.float64(2.433)}, '2-212_225_0': {'VS': 0.296, 'HS': np.float64(5.571), 'MMD': np.float64(9.25)}, '3-212_225_202_0_0_0': {'VS': 0.097, 'HS': np.float64(5.559), 'MMD': np.float64(17.585)}, '4-212_225_202_999_0_0_0_0_0_0': {'VS': 0.0, 'HS': 0.0, 'MMD': 0.0}}","{'1-212_': {'VS': 0.94, 'HS': np.float64(4.166), 'MMD': np.float64(2.968)}, '2-212_225_0': {'VS': 0.566, 'HS': np.float64(5.353), 'MMD': np.float64(10.873)}, '3-212_225_202_0_0_0': {'VS': 0.256, 'HS': np.float64(3.756), 'MMD': np.float64(16.891)}, '4-212_225_202_999_0_0_0_0_0_0': {'VS': 0.218, 'HS': np.float64(3.119), 'MMD': np.float64(20.035)}}",269,0.159,1.134,0.153,0,0,0,0,0,0,0,0,0,0,0,0,0,0,0,0,0,0,0,0,0
4-212_225_172_999_0_0_0_0_0_0,4,349,3.427,19.931,"{'1-212_': {'VS': 0.909, 'HS': np.float64(6.069), 'MMD': np.float64(2.433)}, '2-212_225_0': {'VS': 0.296, 'HS': np.float64(5.571), 'MMD': np.float64(9.25)}, '3-212_225_172_0_0_0': {'VS': 0.105, 'HS': np.float64(5.319), 'MMD': np.float64(16.458)}, '4-212_225_172_999_0_0_0_0_0_0': {'VS': 0.0, 'HS': 0.0, 'MMD': 0.0}}","{'1-212_': {'VS': 0.94, 'HS': np.float64(4.166), 'MMD': np.float64(2.968)}, '2-212_225_0': {'VS': 0.566, 'HS': np.float64(5.353), 'MMD': np.float64(10.873)}, '3-212_225_172_0_0_0': {'VS': 0.31, 'HS': np.float64(4.274), 'MMD': np.float64(17.068)}, '4-212_225_172_999_0_0_0_0_0_0': {'VS': 0.283, 'HS': np.float64(3.427), 'MMD': np.float64(19.931)}}",349,0.205,1.097,0.169,0,0,0,0,0,0,0,0,0,0,0,0,0,0,0,0,0,0,0,0,0
3-212_225_999_0_0_0,3,666,4.55,18.035,"{'1-212_': {'VS': 0.909, 'HS': np.float64(6.069), 'MMD': np.float64(2.433)}, '2-212_225_0': {'VS': 0.296, 'HS': np.float64(5.571), 'MMD': np.float64(9.25)}, '3-212_225_999_0_0_0': {'VS': 0.0, 'HS': 0.0, 'MMD': 0.0}}","{'1-212_': {'VS': 0.94, 'HS': np.float64(4.166), 'MMD': np.float64(2.968)}, '2-212_225_0': {'VS': 0.566, 'HS': np.float64(5.353), 'MMD': np.float64(10.873)}, '3-212_225_999_0_0_0': {'VS': 0.54, 'HS': np.float64(4.55), 'MMD': np.float64(18.035)}}",666,0.27,1.46,0.15,0,0,0,0,0,0,0,0,0,0,0,0,0,0,0,0,0,0,0,0,0
4-212_225_178_999_0_0_0_0_0_0,4,279,3.305,19.262,"{'1-212_': {'VS': 0.909, 'HS': np.float64(6.069), 'MMD': np.float64(2.433)}, '2-212_225_0': {'VS': 0.296, 'HS': np.float64(5.571), 'MMD': np.float64(9.25)}, '3-212_225_178_0_0_0': {'VS': 0.058, 'HS': np.float64(4.036), 'MMD': np.float64(16.418)}, '4-212_225_178_999_0_0_0_0_0_0': {'VS': 0.0, 'HS': 0.0, 'MMD': 0.0}}","{'1-212_': {'VS': 0.94, 'HS': np.float64(4.166), 'MMD': np.float64(2.968)}, '2-212_225_0': {'VS': 0.566, 'HS': np.float64(5.353), 'MMD': np.float64(10.873)}, '3-212_225_178_0_0_0': {'VS': 0.245, 'HS': np.float64(4.083), 'MMD': np.float64(16.837)}, '4-212_225_178_999_0_0_0_0_0_0': {'VS': 0.226, 'HS': np.float64(3.305), 'MMD': np.float64(19.262)}}",279,0.187,1.032,0.163,0,0,0,0,0,0,0,0,0,0,0,0,0,0,0,0,0,0,0,0,0
3-212_225_999_1_0_0,3,301,1.266,14.823,"{'1-212_': {'VS': 0.909, 'HS': np.float64(6.069), 'MMD': np.float64(2.433)}, '2-212_225_1': {'VS': 0.129, 'HS': np.float64(1.331), 'MMD': np.float64(3.749)}, '3-212_225_999_1_0_0': {'VS': 0.0, 'HS': 0.0, 'MMD': 0.0}}","{'1-212_': {'VS': 0.94, 'HS': np.float64(4.166), 'MMD': np.float64(2.968)}, '2-212_225_1': {'VS': 0.261, 'HS': np.float64(1.311), 'MMD': np.float64(4.28)}, '3-212_225_999_1_0_0': {'VS': 0.244, 'HS': np.float64(1.266), 'MMD': np.float64(14.823)}}",301,0.132,0.284,0.081,0,0,0,0,0,0,0,0,0,0,0,0,0,0,0,0,0,0,0,0,0
3-212_220_999_0_0_0,3,564,3.707,17.802,"{'1-212_': {'VS': 0.909, 'HS': np.float64(6.069), 'MMD': np.float64(2.433)}, '2-212_220_0': {'VS': 0.433, 'HS': np.float64(8.562), 'MMD': np.float64(14.358)}, '3-212_220_999_0_0_0': {'VS': 0.0, 'HS': 0.0, 'MMD': 0.0}}","{'1-212_': {'VS': 0.94, 'HS': np.float64(4.166), 'MMD': np.float64(2.968)}, '2-212_220_0': {'VS': 0.478, 'HS': np.float64(4.239), 'MMD': np.float64(12.767)}, '3-212_220_999_0_0_0': {'VS': 0.457, 'HS': np.float64(3.707), 'MMD': np.float64(17.802)}}",564,0.045,1.409,0.038,0,0,0,0,0,0,0,0,0,0,0,0,0,0,0,0,0,0,0,0,0
3-212_208_999_0_0_0,3,615,3.211,18.106,"{'1-212_': {'VS': 0.909, 'HS': np.float64(6.069), 'MMD': np.float64(2.433)}, '2-212_208_0': {'VS': 0.478, 'HS': np.float64(7.403), 'MMD': np.float64(15.026)}, '3-212_208_999_0_0_0': {'VS': 0.0, 'HS': 0.0, 'MMD': 0.0}}","{'1-212_': {'VS': 0.94, 'HS': np.float64(4.166), 'MMD': np.float64(2.968)}, '2-212_208_0': {'VS': 0.525, 'HS': np.float64(3.705), 'MMD': np.float64(13.323)}, '3-212_208_999_0_0_0': {'VS': 0.498, 'HS': np.float64(3.211), 'MMD': np.float64(18.106)}}",615,0.047,1.593,0.039,0,0,0,0,0,0,0,0,0,0,0,0,0,0,0,0,0,0,0,0,0
3-212_196_999_0_0_0,3,472,3.144,17.69,"{'1-212_': {'VS': 0.909, 'HS': np.float64(6.069), 'MMD': np.float64(2.433)}, '2-212_196_0': {'VS': 0.365, 'HS': np.float64(6.002), 'MMD': np.float64(12.36)}, '3-212_196_999_0_0_0': {'VS': 0.0, 'HS': 0.0, 'MMD': 0.0}}","{'1-212_': {'VS': 0.94, 'HS': np.float64(4.166), 'MMD': np.float64(2.968)}, '2-212_196_0': {'VS': 0.412, 'HS': np.float64(3.579), 'MMD': np.float64(11.645)}, '3-212_196_999_0_0_0': {'VS': 0.382, 'HS': np.float64(3.144), 'MMD': np.float64(17.69)}}",472,0.047,0.399,0.039,0,0,0,0,0,0,0,0,0,0,0,0,0,0,0,0,0,0,0,0,0
4-212_224_172_999_0_0_0_0_0_0,4,312,3.327,20.225,"{'1-212_': {'VS': 0.909, 'HS': np.float64(6.069), 'MMD': np.float64(2.433)}, '2-212_224_0': {'VS': 0.292, 'HS': np.float64(6.233), 'MMD': np.float64(11.782)}, '3-212_224_172_0_0_0': {'VS': 0.094, 'HS': np.float64(5.619), 'MMD': np.float64(17.273)}, '4-212_224_172_999_0_0_0_0_0_0': {'VS': 0.0, 'HS': 0.0, 'MMD': 0.0}}","{'1-212_': {'VS': 0.94, 'HS': np.float64(4.166), 'MMD': np.float64(2.968)}, '2-212_224_0': {'VS': 0.621, 'HS': np.float64(5.56), 'MMD': np.float64(13.295)}, '3-212_224_172_0_0_0': {'VS': 0.285, 'HS': np.float64(4.023), 'MMD': np.float64(17.686)}, '4-212_224_172_999_0_0_0_0_0_0': {'VS': 0.253, 'HS': np.float64(3.327), 'MMD': np.float64(20.225)}}",312,0.191,0.915,0.184,0,0,0,0,0,0,0,0,0,0,0,0,0,0,0,0,0,0,0,0,0
3-212_224_999_0_0_0,3,736,4.704,18.049,"{'1-212_': {'VS': 0.909, 'HS': np.float64(6.069), 'MMD': np.float64(2.433)}, '2-212_224_0': {'VS': 0.292, 'HS': np.float64(6.233), 'MMD': np.float64(11.782)}, '3-212_224_999_0_0_0': {'VS': 0.0, 'HS': 0.0, 'MMD': 0.0}}","{'1-212_': {'VS': 0.94, 'HS': np.float64(4.166), 'MMD': np.float64(2.968)}, '2-212_224_0': {'VS': 0.621, 'HS': np.float64(5.56), 'MMD': np.float64(13.295)}, '3-212_224_999_0_0_0': {'VS': 0.596, 'HS': np.float64(4.704), 'MMD': np.float64(18.049)}}",736,0.329,1.288,0.18,0,0,0,0,1,0,0,0,1,0,0,0,0,0,0,0,0,0,0,0,1
3-212_224_999_1_0_0,3,306,1.288,14.013,"{'1-212_': {'VS': 0.909, 'HS': np.float64(6.069), 'MMD': np.float64(2.433)}, '2-212_224_1': {'VS': 0.134, 'HS': np.float64(1.362), 'MMD': np.float64(5.932)}, '3-212_224_999_1_0_0': {'VS': 0.0, 'HS': 0.0, 'MMD': 0.0}}","{'1-212_': {'VS': 0.94, 'HS': np.float64(4.166), 'MMD': np.float64(2.968)}, '2-212_224_1': {'VS': 0.268, 'HS': np.float64(1.341), 'MMD': np.float64(6.28)}, '3-212_224_999_1_0_0': {'VS': 0.248, 'HS': np.float64(1.288), 'MMD': np.float64(14.013)}}",306,0.134,0.204,0.082,0,0,0,0,0,0,0,0,0,0,0,0,0,0,0,0,0,0,0,0,0
3-212_222_999_0_0_0,3,270,3.826,17.876,"{'1-212_': {'VS': 0.909, 'HS': np.float64(6.069), 'MMD': np.float64(2.433)}, '2-212_222_0': {'VS': 0.255, 'HS': np.float64(8.517), 'MMD': np.float64(11.761)}, '3-212_222_999_0_0_0': {'VS': 0.0, 'HS': 0.0, 'MMD': 0.0}}","{'1-212_': {'VS': 0.94, 'HS': np.float64(4.166), 'MMD': np.float64(2.968)}, '2-212_222_0': {'VS': 0.237, 'HS': np.float64(4.521), 'MMD': np.float64(10.86)}, '3-212_222_999_0_0_0': {'VS': 0.219, 'HS': np.float64(3.826), 'MMD': np.float64(17.876)}}",270,-0.018,0.549,0.006,0,0,0,0,0,0,0,0,0,0,0,0,0,0,0,0,0,0,0,0,0
4-212_213_193_999_0_0_0_0_0_0,4,251,3.717,20.187,"{'1-212_': {'VS': 0.909, 'HS': np.float64(6.069), 'MMD': np.float64(2.433)}, '2-212_213_0': {'VS': 0.751, 'HS': np.float64(15.809), 'MMD': np.float64(12.554)}, '3-212_213_193_0_0_0': {'VS': 0.248, 'HS': np.float64(10.838), 'MMD': np.float64(21.979)}, '4-212_213_193_999_0_0_0_0_0_0': {'VS': 0.0, 'HS': 0.0, 'MMD': 0.0}}","{'1-212_': {'VS': 0.94, 'HS': np.float64(4.166), 'MMD': np.float64(2.968)}, '2-212_213_0': {'VS': 0.784, 'HS': np.float64(7.312), 'MMD': np.float64(12.334)}, '3-212_213_193_0_0_0': {'VS': 0.233, 'HS': np.float64(4.753), 'MMD': np.float64(17.515)}, '4-212_213_193_999_0_0_0_0_0_0': {'VS': 0.203, 'HS': np.float64(3.717), 'MMD': np.float64(20.187)}}",251,-0.015,6.754,0.016,0,0,0,0,0,0,0,0,0,0,0,0,0,0,0,0,0,0,0,0,0
4-212_213_214_999_0_0_0_0_0_0,4,293,5.106,20.242,"{'1-212_': {'VS': 0.909, 'HS': np.float64(6.069), 'MMD': np.float64(2.433)}, '2-212_213_0': {'VS': 0.751, 'HS': np.float64(15.809), 'MMD': np.float64(12.554)}, '3-212_213_214_0_0_0': {'VS': 0.268, 'HS': np.float64(16.2), 'MMD': np.float64(24.176)}, '4-212_213_214_999_0_0_0_0_0_0': {'VS': 0.0, 'HS': 0.0, 'MMD': 0.0}}","{'1-212_': {'VS': 0.94, 'HS': np.float64(4.166), 'MMD': np.float64(2.968)}, '2-212_213_0': {'VS': 0.784, 'HS': np.float64(7.312), 'MMD': np.float64(12.334)}, '3-212_213_214_0_0_0': {'VS': 0.266, 'HS': np.float64(6.314), 'MMD': np.float64(18.222)}, '4-212_213_214_999_0_0_0_0_0_0': {'VS': 0.237, 'HS': np.float64(5.106), 'MMD': np.float64(20.242)}}",293,-0.002,11.928,0.021,0,0,0,0,0,0,0,0,0,0,0,0,0,0,0,0,0,0,0,0,0
4-212_213_202_999_0_0_0_0_0_0,4,373,3.724,20.347,"{'1-212_': {'VS': 0.909, 'HS': np.float64(6.069), 'MMD': np.float64(2.433)}, '2-212_213_0': {'VS': 0.751, 'HS': np.float64(15.809), 'MMD': np.float64(12.554)}, '3-212_213_202_0_0_0': {'VS': 0.394, 'HS': np.float64(12.328), 'MMD': np.float64(21.074)}, '4-212_213_202_999_0_0_0_0_0_0': {'VS': 0.0, 'HS': 0.0, 'MMD': 0.0}}","{'1-212_': {'VS': 0.94, 'HS': np.float64(4.166), 'MMD': np.float64(2.968)}, '2-212_213_0': {'VS': 0.784, 'HS': np.float64(7.312), 'MMD': np.float64(12.334)}, '3-212_213_202_0_0_0': {'VS': 0.353, 'HS': np.float64(4.452), 'MMD': np.float64(17.357)}, '4-212_213_202_999_0_0_0_0_0_0': {'VS': 0.302, 'HS': np.float64(3.724), 'MMD': np.float64(20.347)}}",373,-0.041,4.717,0.008,0,0,0,0,0,0,0,0,0,0,0,0,0,0,0,0,0,0,0,0,0
4-212_213_225_999_0_0_0_0_0_0,4,410,4.578,20.294,"{'1-212_': {'VS': 0.909, 'HS': np.float64(6.069), 'MMD': np.float64(2.433)}, '2-212_213_0': {'VS': 0.751, 'HS': np.float64(15.809), 'MMD': np.float64(12.554)}, '3-212_213_225_0_0_0': {'VS': 0.159, 'HS': np.float64(8.616), 'MMD': np.float64(14.498)}, '4-212_213_225_999_0_0_0_0_0_0': {'VS': 0.0, 'HS': 0.0, 'MMD': 0.0}}","{'1-212_': {'VS': 0.94, 'HS': np.float64(4.166), 'MMD': np.float64(2.968)}, '2-212_213_0': {'VS': 0.784, 'HS': np.float64(7.312), 'MMD': np.float64(12.334)}, '3-212_213_225_0_0_0': {'VS': 0.385, 'HS': np.float64(5.745), 'MMD': np.float64(15.954)}, '4-212_213_225_999_0_0_0_0_0_0': {'VS': 0.332, 'HS': np.float64(4.578), 'MMD': np.float64(20.294)}}",410,0.226,0.818,0.097,0,0,0,0,0,0,0,0,0,0,0,0,0,0,0,0,0,0,0,0,0
4-212_213_220_999_0_0_0_0_0_0,4,346,4.121,20.204,"{'1-212_': {'VS': 0.909, 'HS': np.float64(6.069), 'MMD': np.float64(2.433)}, '2-212_213_0': {'VS': 0.751, 'HS': np.float64(15.809), 'MMD': np.float64(12.554)}, '3-212_213_220_0_0_0': {'VS': 0.303, 'HS': np.float64(13.235), 'MMD': np.float64(20.243)}, '4-212_213_220_999_0_0_0_0_0_0': {'VS': 0.0, 'HS': 0.0, 'MMD': 0.0}}","{'1-212_': {'VS': 0.94, 'HS': np.float64(4.166), 'MMD': np.float64(2.968)}, '2-212_213_0': {'VS': 0.784, 'HS': np.float64(7.312), 'MMD': np.float64(12.334)}, '3-212_213_220_0_0_0': {'VS': 0.322, 'HS': np.float64(4.907), 'MMD': np.float64(16.883)}, '4-212_213_220_999_0_0_0_0_0_0': {'VS': 0.28, 'HS': np.float64(4.121), 'MMD': np.float64(20.204)}}",346,0.019,3.875,0.028,1,0,0,0,0,0,0,0,0,0,0,0,0,0,0,0,0,0,0,0,1
4-212_213_208_999_0_0_0_0_0_0,4,352,3.472,20.466,"{'1-212_': {'VS': 0.909, 'HS': np.float64(6.069), 'MMD': np.float64(2.433)}, '2-212_213_0': {'VS': 0.751, 'HS': np.float64(15.809), 'MMD': np.float64(12.554)}, '3-212_213_208_0_0_0': {'VS': 0.327, 'HS': np.float64(11.304), 'MMD': np.float64(20.602)}, '4-212_213_208_999_0_0_0_0_0_0': {'VS': 0.0, 'HS': 0.0, 'MMD': 0.0}}","{'1-212_': {'VS': 0.94, 'HS': np.float64(4.166), 'MMD': np.float64(2.968)}, '2-212_213_0': {'VS': 0.784, 'HS': np.float64(7.312), 'MMD': np.float64(12.334)}, '3-212_213_208_0_0_0': {'VS': 0.331, 'HS': np.float64(4.218), 'MMD': np.float64(17.486)}, '4-212_213_208_999_0_0_0_0_0_0': {'VS': 0.285, 'HS': np.float64(3.472), 'MMD': np.float64(20.466)}}",352,0.004,3.348,0.023,0,0,0,0,0,0,0,0,0,0,0,0,0,0,0,0,0,0,0,0,0
4-212_213_196_999_0_0_0_0_0_0,4,276,3.678,19.953,"{'1-212_': {'VS': 0.909, 'HS': np.float64(6.069), 'MMD': np.float64(2.433)}, '2-212_213_0': {'VS': 0.751, 'HS': np.float64(15.809), 'MMD': np.float64(12.554)}, '3-212_213_196_0_0_0': {'VS': 0.24, 'HS': np.float64(9.595), 'MMD': np.float64(18.205)}, '4-212_213_196_999_0_0_0_0_0_0': {'VS': 0.0, 'HS': 0.0, 'MMD': 0.0}}","{'1-212_': {'VS': 0.94, 'HS': np.float64(4.166), 'MMD': np.float64(2.968)}, '2-212_213_0': {'VS': 0.784, 'HS': np.float64(7.312), 'MMD': np.float64(12.334)}, '3-212_213_196_0_0_0': {'VS': 0.258, 'HS': np.float64(4.585), 'MMD': np.float64(16.356)}, '4-212_213_196_999_0_0_0_0_0_0': {'VS': 0.224, 'HS': np.float64(3.678), 'MMD': np.float64(19.953)}}",276,0.018,1.251,0.027,0,0,0,0,0,0,0,0,0,0,0,0,0,0,0,0,0,0,0,0,0
4-212_213_224_999_0_0_0_0_0_0,4,457,4.849,20.29,"{'1-212_': {'VS': 0.909, 'HS': np.float64(6.069), 'MMD': np.float64(2.433)}, '2-212_213_0': {'VS': 0.751, 'HS': np.float64(15.809), 'MMD': np.float64(12.554)}, '3-212_213_224_0_0_0': {'VS': 0.148, 'HS': np.float64(10.655), 'MMD': np.float64(18.178)}, '4-212_213_224_999_0_0_0_0_0_0': {'VS': 0.0, 'HS': 0.0, 'MMD': 0.0}}","{'1-212_': {'VS': 0.94, 'HS': np.float64(4.166), 'MMD': np.float64(2.968)}, '2-212_213_0': {'VS': 0.784, 'HS': np.float64(7.312), 'MMD': np.float64(12.334)}, '3-212_213_224_0_0_0': {'VS': 0.421, 'HS': np.float64(6.171), 'MMD': np.float64(17.746)}, '4-212_213_224_999_0_0_0_0_0_0': {'VS': 0.37, 'HS': np.float64(4.849), 'MMD': np.float64(20.29)}}",457,0.273,0.174,0.112,0,0,0,0,0,0,0,0,0,0,0,0,0,0,0,0,0,0,0,0,0
4-212_213_172_999_0_0_0_0_0_0,4,499,4.138,19.901,"{'1-212_': {'VS': 0.909, 'HS': np.float64(6.069), 'MMD': np.float64(2.433)}, '2-212_213_0': {'VS': 0.751, 'HS': np.float64(15.809), 'MMD': np.float64(12.554)}, '3-212_213_172_0_0_0': {'VS': 0.333, 'HS': np.float64(9.243), 'MMD': np.float64(17.635)}, '4-212_213_172_999_0_0_0_0_0_0': {'VS': 0.0, 'HS': 0.0, 'MMD': 0.0}}","{'1-212_': {'VS': 0.94, 'HS': np.float64(4.166), 'MMD': np.float64(2.968)}, '2-212_213_0': {'VS': 0.784, 'HS': np.float64(7.312), 'MMD': np.float64(12.334)}, '3-212_213_172_0_0_0': {'VS': 0.443, 'HS': np.float64(5.15), 'MMD': np.float64(17.06)}, '4-212_213_172_999_0_0_0_0_0_0': {'VS': 0.404, 'HS': np.float64(4.138), 'MMD': np.float64(19.901)}}",499,0.11,0.222,0.058,0,0,0,0,0,0,0,0,0,0,0,0,0,0,0,0,0,0,0,0,0
4-212_213_199_999_0_0_0_0_0_0,4,332,3.479,20.106,"{'1-212_': {'VS': 0.909, 'HS': np.float64(6.069), 'MMD': np.float64(2.433)}, '2-212_213_0': {'VS': 0.751, 'HS': np.float64(15.809), 'MMD': np.float64(12.554)}, '3-212_213_199_0_0_0': {'VS': 0.325, 'HS': np.float64(11.202), 'MMD': np.float64(21.606)}, '4-212_213_199_999_0_0_0_0_0_0': {'VS': 0.0, 'HS': 0.0, 'MMD': 0.0}}","{'1-212_': {'VS': 0.94, 'HS': np.float64(4.166), 'MMD': np.float64(2.968)}, '2-212_213_0': {'VS': 0.784, 'HS': np.float64(7.312), 'MMD': np.float64(12.334)}, '3-212_213_199_0_0_0': {'VS': 0.314, 'HS': np.float64(4.281), 'MMD': np.float64(17.614)}, '4-212_213_199_999_0_0_0_0_0_0': {'VS': 0.269, 'HS': np.float64(3.479), 'MMD': np.float64(20.106)}}",332,-0.011,5.424,0.018,0,0,0,0,0,0,0,0,0,0,0,0,0,0,0,0,0,0,0,0,0
4-212_213_221_999_0_0_0_0_0_0,4,270,4.159,20.254,"{'1-212_': {'VS': 0.909, 'HS': np.float64(6.069), 'MMD': np.float64(2.433)}, '2-212_213_0': {'VS': 0.751, 'HS': np.float64(15.809), 'MMD': np.float64(12.554)}, '3-212_213_221_0_0_0': {'VS': 0.257, 'HS': np.float64(13.354), 'MMD': np.float64(17.806)}, '4-212_213_221_999_0_0_0_0_0_0': {'VS': 0.0, 'HS': 0.0, 'MMD': 0.0}}","{'1-212_': {'VS': 0.94, 'HS': np.float64(4.166), 'MMD': np.float64(2.968)}, '2-212_213_0': {'VS': 0.784, 'HS': np.float64(7.312), 'MMD': np.float64(12.334)}, '3-212_213_221_0_0_0': {'VS': 0.249, 'HS': np.float64(5.228), 'MMD': np.float64(16.263)}, '4-212_213_221_999_0_0_0_0_0_0': {'VS': 0.219, 'HS': np.float64(4.159), 'MMD': np.float64(20.254)}}",270,-0.008,0.905,0.019,0,0,0,0,0,0,0,0,0,0,0,0,0,0,0,0,0,0,0,0,0
4-212_213_169_999_0_0_0_0_0_0,4,339,4.301,19.832,"{'1-212_': {'VS': 0.909, 'HS': np.float64(6.069), 'MMD': np.float64(2.433)}, '2-212_213_0': {'VS': 0.751, 'HS': np.float64(15.809), 'MMD': np.float64(12.554)}, '3-212_213_169_0_0_0': {'VS': 0.215, 'HS': np.float64(8.953), 'MMD': np.float64(17.996)}, '4-212_213_169_999_0_0_0_0_0_0': {'VS': 0.0, 'HS': 0.0, 'MMD': 0.0}}","{'1-212_': {'VS': 0.94, 'HS': np.float64(4.166), 'MMD': np.float64(2.968)}, '2-212_213_0': {'VS': 0.784, 'HS': np.float64(7.312), 'MMD': np.float64(12.334)}, '3-212_213_169_0_0_0': {'VS': 0.302, 'HS': np.float64(5.252), 'MMD': np.float64(17.228)}, '4-212_213_169_999_0_0_0_0_0_0': {'VS': 0.275, 'HS': np.float64(4.301), 'MMD': np.float64(19.832)}}",339,0.087,0.308,0.05,0,0,0,0,0,0,0,0,0,0,0,0,0,0,0,0,0,0,0,0,0
3-212_213_999_0_0_0,3,941,6.142,18.023,"{'1-212_': {'VS': 0.909, 'HS': np.float64(6.069), 'MMD': np.float64(2.433)}, '2-212_213_0': {'VS': 0.751, 'HS': np.float64(15.809), 'MMD': np.float64(12.554)}, '3-212_213_999_0_0_0': {'VS': 0.0, 'HS': 0.0, 'MMD': 0.0}}","{'1-212_': {'VS': 0.94, 'HS': np.float64(4.166), 'MMD': np.float64(2.968)}, '2-212_213_0': {'VS': 0.784, 'HS': np.float64(7.312), 'MMD': np.float64(12.334)}, '3-212_213_999_0_0_0': {'VS': 0.763, 'HS': np.float64(6.142), 'MMD': np.float64(18.023)}}",941,0.033,0.167,0.032,0,0,0,0,1,1,0,0,0,0,0,0,0,0,0,0,0,0,0,0,1
4-212_213_157_999_0_0_0_0_0_0,4,282,3.805,20.204,"{'1-212_': {'VS': 0.909, 'HS': np.float64(6.069), 'MMD': np.float64(2.433)}, '2-212_213_0': {'VS': 0.751, 'HS': np.float64(15.809), 'MMD': np.float64(12.554)}, '3-212_213_157_0_0_0': {'VS': 0.241, 'HS': np.float64(10.089), 'MMD': np.float64(19.646)}, '4-212_213_157_999_0_0_0_0_0_0': {'VS': 0.0, 'HS': 0.0, 'MMD': 0.0}}","{'1-212_': {'VS': 0.94, 'HS': np.float64(4.166), 'MMD': np.float64(2.968)}, '2-212_213_0': {'VS': 0.784, 'HS': np.float64(7.312), 'MMD': np.float64(12.334)}, '3-212_213_157_0_0_0': {'VS': 0.257, 'HS': np.float64(4.549), 'MMD': np.float64(17.067)}, '4-212_213_157_999_0_0_0_0_0_0': {'VS': 0.229, 'HS': np.float64(3.805), 'MMD': np.float64(20.204)}}",282,0.016,2.329,0.027,0,0,0,0,0,0,0,0,0,0,0,0,0,0,0,0,0,0,0,0,0
4-212_213_178_999_0_0_0_0_0_0,4,406,4.337,19.424,"{'1-212_': {'VS': 0.909, 'HS': np.float64(6.069), 'MMD': np.float64(2.433)}, '2-212_213_0': {'VS': 0.751, 'HS': np.float64(15.809), 'MMD': np.float64(12.554)}, '3-212_213_178_0_0_0': {'VS': 0.167, 'HS': np.float64(6.543), 'MMD': np.float64(17.748)}, '4-212_213_178_999_0_0_0_0_0_0': {'VS': 0.0, 'HS': 0.0, 'MMD': 0.0}}","{'1-212_': {'VS': 0.94, 'HS': np.float64(4.166), 'MMD': np.float64(2.968)}, '2-212_213_0': {'VS': 0.784, 'HS': np.float64(7.312), 'MMD': np.float64(12.334)}, '3-212_213_178_0_0_0': {'VS': 0.358, 'HS': np.float64(5.233), 'MMD': np.float64(17.266)}, '4-212_213_178_999_0_0_0_0_0_0': {'VS': 0.329, 'HS': np.float64(4.337), 'MMD': np.float64(19.424)}}",406,0.191,0.189,0.085,0,0,0,0,0,0,0,0,0,0,0,0,0,0,0,0,0,0,0,0,0
4-212_213_215_999_0_0_0_0_0_0,4,254,5.35,20.446,"{'1-212_': {'VS': 0.909, 'HS': np.float64(6.069), 'MMD': np.float64(2.433)}, '2-212_213_0': {'VS': 0.751, 'HS': np.float64(15.809), 'MMD': np.float64(12.554)}, '3-212_213_215_0_0_0': {'VS': 0.236, 'HS': np.float64(16.85), 'MMD': np.float64(16.913)}, '4-212_213_215_999_0_0_0_0_0_0': {'VS': 0.0, 'HS': 0.0, 'MMD': 0.0}}","{'1-212_': {'VS': 0.94, 'HS': np.float64(4.166), 'MMD': np.float64(2.968)}, '2-212_213_0': {'VS': 0.784, 'HS': np.float64(7.312), 'MMD': np.float64(12.334)}, '3-212_213_215_0_0_0': {'VS': 0.227, 'HS': np.float64(6.804), 'MMD': np.float64(15.917)}, '4-212_213_215_999_0_0_0_0_0_0': {'VS': 0.206, 'HS': np.float64(5.35), 'MMD': np.float64(20.446)}}",254,-0.009,0.442,0.018,0,0,0,0,0,0,0,0,0,0,0,0,0,0,0,0,0,0,0,0,0
4-212_213_193_999_1_0_0_0_0_0,4,328,2.713,18.586,"{'1-212_': {'VS': 0.909, 'HS': np.float64(6.069), 'MMD': np.float64(2.433)}, '2-212_213_1': {'VS': 0.788, 'HS': np.float64(5.176), 'MMD': np.float64(4.848)}, '3-212_213_193_1_0_0': {'VS': 0.293, 'HS': np.float64(6.052), 'MMD': np.float64(17.872)}, '4-212_213_193_999_1_0_0_0_0_0': {'VS': 0.0, 'HS': 0.0, 'MMD': 0.0}}","{'1-212_': {'VS': 0.94, 'HS': np.float64(4.166), 'MMD': np.float64(2.968)}, '2-212_213_1': {'VS': 0.825, 'HS': np.float64(3.447), 'MMD': np.float64(5.139)}, '3-212_213_193_1_0_0': {'VS': 0.29, 'HS': np.float64(3.084), 'MMD': np.float64(14.617)}, '4-212_213_193_999_1_0_0_0_0_0': {'VS': 0.266, 'HS': np.float64(2.713), 'MMD': np.float64(18.586)}}",328,-0.003,3.655,0.022,0,0,0,0,0,0,0,0,0,0,0,0,0,0,0,0,0,0,0,0,0
4-212_213_214_999_1_0_0_0_0_0,4,360,4.114,18.423,"{'1-212_': {'VS': 0.909, 'HS': np.float64(6.069), 'MMD': np.float64(2.433)}, '2-212_213_1': {'VS': 0.788, 'HS': np.float64(5.176), 'MMD': np.float64(4.848)}, '3-212_213_214_1_0_0': {'VS': 0.308, 'HS': np.float64(9.793), 'MMD': np.float64(19.958)}, '4-212_213_214_999_1_0_0_0_0_0': {'VS': 0.0, 'HS': 0.0, 'MMD': 0.0}}","{'1-212_': {'VS': 0.94, 'HS': np.float64(4.166), 'MMD': np.float64(2.968)}, '2-212_213_1': {'VS': 0.825, 'HS': np.float64(3.447), 'MMD': np.float64(5.139)}, '3-212_213_214_1_0_0': {'VS': 0.314, 'HS': np.float64(4.716), 'MMD': np.float64(15.347)}, '4-212_213_214_999_1_0_0_0_0_0': {'VS': 0.292, 'HS': np.float64(4.114), 'MMD': np.float64(18.423)}}",360,0.006,7.211,0.025,0,0,0,0,0,0,0,0,0,0,0,0,0,0,0,0,0,0,0,0,0
4-212_213_202_999_1_0_0_0_0_0,4,502,2.685,18.544,"{'1-212_': {'VS': 0.909, 'HS': np.float64(6.069), 'MMD': np.float64(2.433)}, '2-212_213_1': {'VS': 0.788, 'HS': np.float64(5.176), 'MMD': np.float64(4.848)}, '3-212_213_202_1_0_0': {'VS': 0.445, 'HS': np.float64(6.971), 'MMD': np.float64(16.728)}, '4-212_213_202_999_1_0_0_0_0_0': {'VS': 0.0, 'HS': 0.0, 'MMD': 0.0}}","{'1-212_': {'VS': 0.94, 'HS': np.float64(4.166), 'MMD': np.float64(2.968)}, '2-212_213_1': {'VS': 0.825, 'HS': np.float64(3.447), 'MMD': np.float64(5.139)}, '3-212_213_202_1_0_0': {'VS': 0.441, 'HS': np.float64(3.066), 'MMD': np.float64(14.218)}, '4-212_213_202_999_1_0_0_0_0_0': {'VS': 0.407, 'HS': np.float64(2.685), 'MMD': np.float64(18.544)}}",502,-0.004,2.224,0.021,0,0,0,0,0,0,0,0,0,0,0,0,0,0,0,0,0,0,0,0,0
5-212_213_225_172_999_1_0_0_0_0_0_0_0_0_0,5,255,2.753,20.53,"{'1-212_': {'VS': 0.909, 'HS': np.float64(6.069), 'MMD': np.float64(2.433)}, '2-212_213_1': {'VS': 0.788, 'HS': np.float64(5.176), 'MMD': np.float64(4.848)}, '3-212_213_225_1_0_0': {'VS': 0.221, 'HS': np.float64(4.767), 'MMD': np.float64(10.725)}, '4-212_213_225_172_1_0_0_0_0_0': {'VS': 0.072, 'HS': np.float64(4.298), 'MMD': np.float64(17.787)}, '5-212_213_225_172_999_1_0_0_0_0_0_0_0_0_0': {'VS': 0.0, 'HS': 0.0, 'MMD': 0.0}}","{'1-212_': {'VS': 0.94, 'HS': np.float64(4.166), 'MMD': np.float64(2.968)}, '2-212_213_1': {'VS': 0.825, 'HS': np.float64(3.447), 'MMD': np.float64(5.139)}, '3-212_213_225_1_0_0': {'VS': 0.463, 'HS': np.float64(4.384), 'MMD': np.float64(12.49)}, '4-212_213_225_172_1_0_0_0_0_0': {'VS': 0.236, 'HS': np.float64(3.419), 'MMD': np.float64(18.06)}, '5-212_213_225_172_999_1_0_0_0_0_0_0_0_0_0': {'VS': 0.207, 'HS': np.float64(2.753), 'MMD': np.float64(20.53)}}",255,0.164,0.89,0.118,0,0,0,0,0,0,0,0,0,0,0,0,0,0,0,0,0,0,0,0,0
4-212_213_225_999_1_0_0_0_0_0,4,533,3.704,18.756,"{'1-212_': {'VS': 0.909, 'HS': np.float64(6.069), 'MMD': np.float64(2.433)}, '2-212_213_1': {'VS': 0.788, 'HS': np.float64(5.176), 'MMD': np.float64(4.848)}, '3-212_213_225_1_0_0': {'VS': 0.221, 'HS': np.float64(4.767), 'MMD': np.float64(10.725)}, '4-212_213_225_999_1_0_0_0_0_0': {'VS': 0.0, 'HS': 0.0, 'MMD': 0.0}}","{'1-212_': {'VS': 0.94, 'HS': np.float64(4.166), 'MMD': np.float64(2.968)}, '2-212_213_1': {'VS': 0.825, 'HS': np.float64(3.447), 'MMD': np.float64(5.139)}, '3-212_213_225_1_0_0': {'VS': 0.463, 'HS': np.float64(4.384), 'MMD': np.float64(12.49)}, '4-212_213_225_999_1_0_0_0_0_0': {'VS': 0.432, 'HS': np.float64(3.704), 'MMD': np.float64(18.756)}}",533,0.242,1.162,0.103,0,0,0,0,0,0,0,0,0,0,0,0,0,0,0,0,0,0,0,0,0
4-212_213_220_999_1_0_0_0_0_0,4,418,3.203,18.453,"{'1-212_': {'VS': 0.909, 'HS': np.float64(6.069), 'MMD': np.float64(2.433)}, '2-212_213_1': {'VS': 0.788, 'HS': np.float64(5.176), 'MMD': np.float64(4.848)}, '3-212_213_220_1_0_0': {'VS': 0.348, 'HS': np.float64(7.24), 'MMD': np.float64(16.165)}, '4-212_213_220_999_1_0_0_0_0_0': {'VS': 0.0, 'HS': 0.0, 'MMD': 0.0}}","{'1-212_': {'VS': 0.94, 'HS': np.float64(4.166), 'MMD': np.float64(2.968)}, '2-212_213_1': {'VS': 0.825, 'HS': np.float64(3.447), 'MMD': np.float64(5.139)}, '3-212_213_220_1_0_0': {'VS': 0.361, 'HS': np.float64(3.646), 'MMD': np.float64(13.982)}, '4-212_213_220_999_1_0_0_0_0_0': {'VS': 0.339, 'HS': np.float64(3.203), 'MMD': np.float64(18.453)}}",418,0.013,1.712,0.027,0,0,0,0,0,0,0,0,0,0,0,0,0,0,0,0,0,0,0,0,0
4-212_213_208_999_1_0_0_0_0_0,4,465,2.716,18.781,"{'1-212_': {'VS': 0.909, 'HS': np.float64(6.069), 'MMD': np.float64(2.433)}, '2-212_213_1': {'VS': 0.788, 'HS': np.float64(5.176), 'MMD': np.float64(4.848)}, '3-212_213_208_1_0_0': {'VS': 0.381, 'HS': np.float64(6.333), 'MMD': np.float64(17.041)}, '4-212_213_208_999_1_0_0_0_0_0': {'VS': 0.0, 'HS': 0.0, 'MMD': 0.0}}","{'1-212_': {'VS': 0.94, 'HS': np.float64(4.166), 'MMD': np.float64(2.968)}, '2-212_213_1': {'VS': 0.825, 'HS': np.float64(3.447), 'MMD': np.float64(5.139)}, '3-212_213_208_1_0_0': {'VS': 0.408, 'HS': np.float64(3.087), 'MMD': np.float64(14.56)}, '4-212_213_208_999_1_0_0_0_0_0': {'VS': 0.377, 'HS': np.float64(2.716), 'MMD': np.float64(18.781)}}",465,0.027,2.175,0.032,0,0,0,0,0,0,0,0,0,0,0,0,0,0,0,0,0,0,0,0,0
4-212_213_196_999_1_0_0_0_0_0,4,354,2.627,18.294,"{'1-212_': {'VS': 0.909, 'HS': np.float64(6.069), 'MMD': np.float64(2.433)}, '2-212_213_1': {'VS': 0.788, 'HS': np.float64(5.176), 'MMD': np.float64(4.848)}, '3-212_213_196_1_0_0': {'VS': 0.289, 'HS': np.float64(5.164), 'MMD': np.float64(14.219)}, '4-212_213_196_999_1_0_0_0_0_0': {'VS': 0.0, 'HS': 0.0, 'MMD': 0.0}}","{'1-212_': {'VS': 0.94, 'HS': np.float64(4.166), 'MMD': np.float64(2.968)}, '2-212_213_1': {'VS': 0.825, 'HS': np.float64(3.447), 'MMD': np.float64(5.139)}, '3-212_213_196_1_0_0': {'VS': 0.312, 'HS': np.float64(3.026), 'MMD': np.float64(13.295)}, '4-212_213_196_999_1_0_0_0_0_0': {'VS': 0.287, 'HS': np.float64(2.627), 'MMD': np.float64(18.294)}}",354,0.023,0.408,0.03,0,0,0,0,0,0,0,0,0,0,0,0,0,0,0,0,0,0,0,0,0
4-212_213_224_999_1_0_0_0_0_0,4,591,3.797,18.603,"{'1-212_': {'VS': 0.909, 'HS': np.float64(6.069), 'MMD': np.float64(2.433)}, '2-212_213_1': {'VS': 0.788, 'HS': np.float64(5.176), 'MMD': np.float64(4.848)}, '3-212_213_224_1_0_0': {'VS': 0.207, 'HS': np.float64(5.532), 'MMD': np.float64(13.834)}, '4-212_213_224_999_1_0_0_0_0_0': {'VS': 0.0, 'HS': 0.0, 'MMD': 0.0}}","{'1-212_': {'VS': 0.94, 'HS': np.float64(4.166), 'MMD': np.float64(2.968)}, '2-212_213_1': {'VS': 0.825, 'HS': np.float64(3.447), 'MMD': np.float64(5.139)}, '3-212_213_224_1_0_0': {'VS': 0.508, 'HS': np.float64(4.506), 'MMD': np.float64(14.61)}, '4-212_213_224_999_1_0_0_0_0_0': {'VS': 0.479, 'HS': np.float64(3.797), 'MMD': np.float64(18.603)}}",591,0.301,0.324,0.123,0,0,0,0,0,0,0,0,0,0,0,0,0,0,0,0,0,0,0,0,0
4-212_213_224_999_1_0_1_0_0_0,4,252,1.234,15.455,"{'1-212_': {'VS': 0.909, 'HS': np.float64(6.069), 'MMD': np.float64(2.433)}, '2-212_213_1': {'VS': 0.788, 'HS': np.float64(5.176), 'MMD': np.float64(4.848)}, '3-212_213_224_1_0_1': {'VS': 0.099, 'HS': np.float64(1.278), 'MMD': np.float64(8.32)}, '4-212_213_224_999_1_0_1_0_0_0': {'VS': 0.0, 'HS': 0.0, 'MMD': 0.0}}","{'1-212_': {'VS': 0.94, 'HS': np.float64(4.166), 'MMD': np.float64(2.968)}, '2-212_213_1': {'VS': 0.825, 'HS': np.float64(3.447), 'MMD': np.float64(5.139)}, '3-212_213_224_1_0_1': {'VS': 0.221, 'HS': np.float64(1.278), 'MMD': np.float64(7.877)}, '4-212_213_224_999_1_0_1_0_0_0': {'VS': 0.204, 'HS': np.float64(1.234), 'MMD': np.float64(15.455)}}",252,0.122,0.189,0.063,0,0,0,0,0,0,0,0,0,0,0,0,0,0,0,0,0,0,0,0,0
4-212_213_172_999_1_0_0_0_0_0,4,578,2.933,17.677,"{'1-212_': {'VS': 0.909, 'HS': np.float64(6.069), 'MMD': np.float64(2.433)}, '2-212_213_1': {'VS': 0.788, 'HS': np.float64(5.176), 'MMD': np.float64(4.848)}, '3-212_213_172_1_0_0': {'VS': 0.402, 'HS': np.float64(4.947), 'MMD': np.float64(13.763)}, '4-212_213_172_999_1_0_0_0_0_0': {'VS': 0.0, 'HS': 0.0, 'MMD': 0.0}}","{'1-212_': {'VS': 0.94, 'HS': np.float64(4.166), 'MMD': np.float64(2.968)}, '2-212_213_1': {'VS': 0.825, 'HS': np.float64(3.447), 'MMD': np.float64(5.139)}, '3-212_213_172_1_0_0': {'VS': 0.489, 'HS': np.float64(3.361), 'MMD': np.float64(13.757)}, '4-212_213_172_999_1_0_0_0_0_0': {'VS': 0.468, 'HS': np.float64(2.933), 'MMD': np.float64(17.677)}}",578,0.087,0.124,0.052,0,0,0,0,0,0,0,0,0,0,0,0,0,0,0,0,0,0,0,0,0
4-212_213_199_999_1_0_0_0_0_0,4,429,2.746,18.574,"{'1-212_': {'VS': 0.909, 'HS': np.float64(6.069), 'MMD': np.float64(2.433)}, '2-212_213_1': {'VS': 0.788, 'HS': np.float64(5.176), 'MMD': np.float64(4.848)}, '3-212_213_199_1_0_0': {'VS': 0.37, 'HS': np.float64(6.294), 'MMD': np.float64(17.879)}, '4-212_213_199_999_1_0_0_0_0_0': {'VS': 0.0, 'HS': 0.0, 'MMD': 0.0}}","{'1-212_': {'VS': 0.94, 'HS': np.float64(4.166), 'MMD': np.float64(2.968)}, '2-212_213_1': {'VS': 0.825, 'HS': np.float64(3.447), 'MMD': np.float64(5.139)}, '3-212_213_199_1_0_0': {'VS': 0.377, 'HS': np.float64(3.166), 'MMD': np.float64(14.586)}, '4-212_213_199_999_1_0_0_0_0_0': {'VS': 0.348, 'HS': np.float64(2.746), 'MMD': np.float64(18.574)}}",429,0.007,3.738,0.025,0,0,0,0,0,0,0,0,0,0,0,0,0,0,0,0,0,0,0,0,0
4-212_213_221_999_1_0_0_0_0_0,4,346,3.211,18.629,"{'1-212_': {'VS': 0.909, 'HS': np.float64(6.069), 'MMD': np.float64(2.433)}, '2-212_213_1': {'VS': 0.788, 'HS': np.float64(5.176), 'MMD': np.float64(4.848)}, '3-212_213_221_1_0_0': {'VS': 0.3, 'HS': np.float64(7.416), 'MMD': np.float64(13.761)}, '4-212_213_221_999_1_0_0_0_0_0': {'VS': 0.0, 'HS': 0.0, 'MMD': 0.0}}","{'1-212_': {'VS': 0.94, 'HS': np.float64(4.166), 'MMD': np.float64(2.968)}, '2-212_213_1': {'VS': 0.825, 'HS': np.float64(3.447), 'MMD': np.float64(5.139)}, '3-212_213_221_1_0_0': {'VS': 0.296, 'HS': np.float64(3.745), 'MMD': np.float64(12.936)}, '4-212_213_221_999_1_0_0_0_0_0': {'VS': 0.28, 'HS': np.float64(3.211), 'MMD': np.float64(18.629)}}",346,-0.004,0.351,0.021,0,0,0,0,0,0,0,0,0,0,0,0,0,0,0,0,0,0,0,0,0
4-212_213_169_999_1_0_0_0_0_0,4,413,2.835,17.623,"{'1-212_': {'VS': 0.909, 'HS': np.float64(6.069), 'MMD': np.float64(2.433)}, '2-212_213_1': {'VS': 0.788, 'HS': np.float64(5.176), 'MMD': np.float64(4.848)}, '3-212_213_169_1_0_0': {'VS': 0.25, 'HS': np.float64(5.061), 'MMD': np.float64(14.144)}, '4-212_213_169_999_1_0_0_0_0_0': {'VS': 0.0, 'HS': 0.0, 'MMD': 0.0}}","{'1-212_': {'VS': 0.94, 'HS': np.float64(4.166), 'MMD': np.float64(2.968)}, '2-212_213_1': {'VS': 0.825, 'HS': np.float64(3.447), 'MMD': np.float64(5.139)}, '3-212_213_169_1_0_0': {'VS': 0.356, 'HS': np.float64(3.157), 'MMD': np.float64(13.679)}, '4-212_213_169_999_1_0_0_0_0_0': {'VS': 0.335, 'HS': np.float64(2.835), 'MMD': np.float64(17.623)}}",413,0.106,0.196,0.058,0,0,0,0,0,0,0,0,0,0,0,0,0,0,0,0,0,0,0,0,0
3-212_213_999_1_0_0,3,1006,3.179,14.372,"{'1-212_': {'VS': 0.909, 'HS': np.float64(6.069), 'MMD': np.float64(2.433)}, '2-212_213_1': {'VS': 0.788, 'HS': np.float64(5.176), 'MMD': np.float64(4.848)}, '3-212_213_999_1_0_0': {'VS': 0.0, 'HS': 0.0, 'MMD': 0.0}}","{'1-212_': {'VS': 0.94, 'HS': np.float64(4.166), 'MMD': np.float64(2.968)}, '2-212_213_1': {'VS': 0.825, 'HS': np.float64(3.447), 'MMD': np.float64(5.139)}, '3-212_213_999_1_0_0': {'VS': 0.815, 'HS': np.float64(3.179), 'MMD': np.float64(14.372)}}",1006,0.037,0.185,0.034,0,0,0,0,1,1,0,0,0,0,0,0,0,0,0,0,0,0,0,0,1
4-212_213_157_999_1_0_0_0_0_0,4,361,2.695,18.296,"{'1-212_': {'VS': 0.909, 'HS': np.float64(6.069), 'MMD': np.float64(2.433)}, '2-212_213_1': {'VS': 0.788, 'HS': np.float64(5.176), 'MMD': np.float64(4.848)}, '3-212_213_157_1_0_0': {'VS': 0.291, 'HS': np.float64(5.402), 'MMD': np.float64(15.574)}, '4-212_213_157_999_1_0_0_0_0_0': {'VS': 0.0, 'HS': 0.0, 'MMD': 0.0}}","{'1-212_': {'VS': 0.94, 'HS': np.float64(4.166), 'MMD': np.float64(2.968)}, '2-212_213_1': {'VS': 0.825, 'HS': np.float64(3.447), 'MMD': np.float64(5.139)}, '3-212_213_157_1_0_0': {'VS': 0.31, 'HS': np.float64(3.031), 'MMD': np.float64(13.701)}, '4-212_213_157_999_1_0_0_0_0_0': {'VS': 0.293, 'HS': np.float64(2.695), 'MMD': np.float64(18.296)}}",361,0.019,1.293,0.029,0,0,0,0,0,0,0,0,0,0,0,0,0,0,0,0,0,0,0,0,0
4-212_213_178_999_1_0_0_0_0_0,4,465,2.768,16.937,"{'1-212_': {'VS': 0.909, 'HS': np.float64(6.069), 'MMD': np.float64(2.433)}, '2-212_213_1': {'VS': 0.788, 'HS': np.float64(5.176), 'MMD': np.float64(4.848)}, '3-212_213_178_1_0_0': {'VS': 0.197, 'HS': np.float64(3.604), 'MMD': np.float64(13.846)}, '4-212_213_178_999_1_0_0_0_0_0': {'VS': 0.0, 'HS': 0.0, 'MMD': 0.0}}","{'1-212_': {'VS': 0.94, 'HS': np.float64(4.166), 'MMD': np.float64(2.968)}, '2-212_213_1': {'VS': 0.825, 'HS': np.float64(3.447), 'MMD': np.float64(5.139)}, '3-212_213_178_1_0_0': {'VS': 0.39, 'HS': np.float64(3.1), 'MMD': np.float64(13.7)}, '4-212_213_178_999_1_0_0_0_0_0': {'VS': 0.377, 'HS': np.float64(2.768), 'MMD': np.float64(16.937)}}",465,0.193,0.131,0.087,0,0,0,0,0,0,0,0,0,0,0,0,0,0,0,0,0,0,0,0,0
4-212_213_215_999_1_0_0_0_0_0,4,323,4.285,18.531,"{'1-212_': {'VS': 0.909, 'HS': np.float64(6.069), 'MMD': np.float64(2.433)}, '2-212_213_1': {'VS': 0.788, 'HS': np.float64(5.176), 'MMD': np.float64(4.848)}, '3-212_213_215_1_0_0': {'VS': 0.288, 'HS': np.float64(9.829), 'MMD': np.float64(12.807)}, '4-212_213_215_999_1_0_0_0_0_0': {'VS': 0.0, 'HS': 0.0, 'MMD': 0.0}}","{'1-212_': {'VS': 0.94, 'HS': np.float64(4.166), 'MMD': np.float64(2.968)}, '2-212_213_1': {'VS': 0.825, 'HS': np.float64(3.447), 'MMD': np.float64(5.139)}, '3-212_213_215_1_0_0': {'VS': 0.277, 'HS': np.float64(4.991), 'MMD': np.float64(12.456)}, '4-212_213_215_999_1_0_0_0_0_0': {'VS': 0.262, 'HS': np.float64(4.285), 'MMD': np.float64(18.531)}}",323,-0.011,0.165,0.019,0,0,0,0,0,0,0,0,0,0,0,0,0,0,0,0,0,0,0,0,0
3-212_172_999_0_0_0,3,722,3.55,16.952,"{'1-212_': {'VS': 0.909, 'HS': np.float64(6.069), 'MMD': np.float64(2.433)}, '2-212_172_0': {'VS': 0.494, 'HS': np.float64(6.292), 'MMD': np.float64(12.228)}, '3-212_172_999_0_0_0': {'VS': 0.0, 'HS': 0.0, 'MMD': 0.0}}","{'1-212_': {'VS': 0.94, 'HS': np.float64(4.166), 'MMD': np.float64(2.968)}, '2-212_172_0': {'VS': 0.61, 'HS': np.float64(4.031), 'MMD': np.float64(12.262)}, '3-212_172_999_0_0_0': {'VS': 0.585, 'HS': np.float64(3.55), 'MMD': np.float64(16.952)}}",722,0.116,0.144,0.073,0,0,0,0,1,0,0,0,0,0,0,0,0,0,0,0,0,0,0,0,1
3-212_199_999_0_0_0,3,562,3.361,17.899,"{'1-212_': {'VS': 0.909, 'HS': np.float64(6.069), 'MMD': np.float64(2.433)}, '2-212_199_0': {'VS': 0.459, 'HS': np.float64(7.599), 'MMD': np.float64(15.974)}, '3-212_199_999_0_0_0': {'VS': 0.0, 'HS': 0.0, 'MMD': 0.0}}","{'1-212_': {'VS': 0.94, 'HS': np.float64(4.166), 'MMD': np.float64(2.968)}, '2-212_199_0': {'VS': 0.477, 'HS': np.float64(3.89), 'MMD': np.float64(13.287)}, '3-212_199_999_0_0_0': {'VS': 0.455, 'HS': np.float64(3.361), 'MMD': np.float64(17.899)}}",562,0.018,3.753,0.024,0,0,0,0,0,0,0,0,0,0,0,0,0,0,0,0,0,0,0,0,0
3-212_211_999_0_0_0,3,336,3.845,18.455,"{'1-212_': {'VS': 0.909, 'HS': np.float64(6.069), 'MMD': np.float64(2.433)}, '2-212_211_0': {'VS': 0.344, 'HS': np.float64(8.478), 'MMD': np.float64(12.299)}, '3-212_211_999_0_0_0': {'VS': 0.0, 'HS': 0.0, 'MMD': 0.0}}","{'1-212_': {'VS': 0.94, 'HS': np.float64(4.166), 'MMD': np.float64(2.968)}, '2-212_211_0': {'VS': 0.288, 'HS': np.float64(4.399), 'MMD': np.float64(11.268)}, '3-212_211_999_0_0_0': {'VS': 0.272, 'HS': np.float64(3.845), 'MMD': np.float64(18.455)}}",336,-0.056,0.675,-0.013,0,0,0,0,0,0,0,0,0,0,0,0,0,0,0,0,0,0,0,0,0
3-212_211_999_1_0_0,3,266,1.677,14.13,"{'1-212_': {'VS': 0.909, 'HS': np.float64(6.069), 'MMD': np.float64(2.433)}, '2-212_211_1': {'VS': 0.277, 'HS': np.float64(2.474), 'MMD': np.float64(4.302)}, '3-212_211_999_1_0_0': {'VS': 0.0, 'HS': 0.0, 'MMD': 0.0}}","{'1-212_': {'VS': 0.94, 'HS': np.float64(4.166), 'MMD': np.float64(2.968)}, '2-212_211_1': {'VS': 0.226, 'HS': np.float64(1.771), 'MMD': np.float64(4.258)}, '3-212_211_999_1_0_0': {'VS': 0.216, 'HS': np.float64(1.677), 'MMD': np.float64(14.13)}}",266,-0.051,0.144,-0.01,0,0,0,0,0,0,0,0,0,0,0,0,0,0,0,0,0,0,0,0,0
3-212_221_999_0_0_0,3,426,4.009,17.689,"{'1-212_': {'VS': 0.909, 'HS': np.float64(6.069), 'MMD': np.float64(2.433)}, '2-212_221_0': {'VS': 0.37, 'HS': np.float64(8.763), 'MMD': np.float64(12.076)}, '3-212_221_999_0_0_0': {'VS': 0.0, 'HS': 0.0, 'MMD': 0.0}}","{'1-212_': {'VS': 0.94, 'HS': np.float64(4.166), 'MMD': np.float64(2.968)}, '2-212_221_0': {'VS': 0.365, 'HS': np.float64(4.633), 'MMD': np.float64(11.44)}, '3-212_221_999_0_0_0': {'VS': 0.345, 'HS': np.float64(4.009), 'MMD': np.float64(17.689)}}",426,-0.005,0.345,0.013,0,0,0,0,0,0,0,0,0,0,0,0,0,0,0,0,0,0,0,0,0
3-212_169_999_0_0_0,3,517,3.4,16.997,"{'1-212_': {'VS': 0.909, 'HS': np.float64(6.069), 'MMD': np.float64(2.433)}, '2-212_169_0': {'VS': 0.318, 'HS': np.float64(6.109), 'MMD': np.float64(12.374)}, '3-212_169_999_0_0_0': {'VS': 0.0, 'HS': 0.0, 'MMD': 0.0}}","{'1-212_': {'VS': 0.94, 'HS': np.float64(4.166), 'MMD': np.float64(2.968)}, '2-212_169_0': {'VS': 0.438, 'HS': np.float64(3.811), 'MMD': np.float64(12.289)}, '3-212_169_999_0_0_0': {'VS': 0.419, 'HS': np.float64(3.4), 'MMD': np.float64(16.997)}}",517,0.12,0.147,0.075,0,0,0,0,0,0,0,0,0,0,0,0,0,0,0,0,0,0,0,0,0
3-212_175_999_0_0_0,3,258,2.88,17.531,"{'1-212_': {'VS': 0.909, 'HS': np.float64(6.069), 'MMD': np.float64(2.433)}, '2-212_175_0': {'VS': 0.216, 'HS': np.float64(4.207), 'MMD': np.float64(11.763)}, '3-212_175_999_0_0_0': {'VS': 0.0, 'HS': 0.0, 'MMD': 0.0}}","{'1-212_': {'VS': 0.94, 'HS': np.float64(4.166), 'MMD': np.float64(2.968)}, '2-212_175_0': {'VS': 0.224, 'HS': np.float64(3.152), 'MMD': np.float64(11.646)}, '3-212_175_999_0_0_0': {'VS': 0.209, 'HS': np.float64(2.88), 'MMD': np.float64(17.531)}}",258,0.008,0.15,0.019,0,0,0,0,0,0,0,0,0,0,0,0,0,0,0,0,0,0,0,0,0
2-212_999_0,2,1153,3.861,13.156,"{'1-212_': {'VS': 0.909, 'HS': np.float64(6.069), 'MMD': np.float64(2.433)}, '2-212_999_0': {'VS': 0.0, 'HS': 0.0, 'MMD': 0.0}}","{'1-212_': {'VS': 0.94, 'HS': np.float64(4.166), 'MMD': np.float64(2.968)}, '2-212_999_0': {'VS': 0.934, 'HS': np.float64(3.861), 'MMD': np.float64(13.156)}}",1153,0.031,0.286,0.031,0,0,0,0,1,1,1,0,0,0,0,0,0,0,0,0,0,0,0,0,1
3-212_163_999_0_0_0,3,257,2.887,18.225,"{'1-212_': {'VS': 0.909, 'HS': np.float64(6.069), 'MMD': np.float64(2.433)}, '2-212_163_0': {'VS': 0.218, 'HS': np.float64(6.812), 'MMD': np.float64(17.375)}, '3-212_163_999_0_0_0': {'VS': 0.0, 'HS': 0.0, 'MMD': 0.0}}","{'1-212_': {'VS': 0.94, 'HS': np.float64(4.166), 'MMD': np.float64(2.968)}, '2-212_163_0': {'VS': 0.226, 'HS': np.float64(3.337), 'MMD': np.float64(13.59)}, '3-212_163_999_0_0_0': {'VS': 0.208, 'HS': np.float64(2.887), 'MMD': np.float64(18.225)}}",257,0.008,7.306,0.019,0,0,0,0,0,0,0,0,0,0,0,0,0,0,0,0,0,0,0,0,0
3-212_229_999_0_0_0,3,317,2.855,17.078,"{'1-212_': {'VS': 0.909, 'HS': np.float64(6.069), 'MMD': np.float64(2.433)}, '2-212_229_0': {'VS': 0.129, 'HS': np.float64(3.711), 'MMD': np.float64(11.465)}, '3-212_229_999_0_0_0': {'VS': 0.0, 'HS': 0.0, 'MMD': 0.0}}","{'1-212_': {'VS': 0.94, 'HS': np.float64(4.166), 'MMD': np.float64(2.968)}, '2-212_229_0': {'VS': 0.273, 'HS': np.float64(3.101), 'MMD': np.float64(11.739)}, '3-212_229_999_0_0_0': {'VS': 0.257, 'HS': np.float64(2.855), 'MMD': np.float64(17.078)}}",317,0.144,0.181,0.087,0,0,0,0,0,0,0,0,0,0,0,0,0,0,0,0,0,0,0,0,0
3-212_157_999_0_0_0,3,459,3.316,17.514,"{'1-212_': {'VS': 0.909, 'HS': np.float64(6.069), 'MMD': np.float64(2.433)}, '2-212_157_0': {'VS': 0.364, 'HS': np.float64(6.436), 'MMD': np.float64(13.807)}, '3-212_157_999_0_0_0': {'VS': 0.0, 'HS': 0.0, 'MMD': 0.0}}","{'1-212_': {'VS': 0.94, 'HS': np.float64(4.166), 'MMD': np.float64(2.968)}, '2-212_157_0': {'VS': 0.389, 'HS': np.float64(3.754), 'MMD': np.float64(12.412)}, '3-212_157_999_0_0_0': {'VS': 0.372, 'HS': np.float64(3.316), 'MMD': np.float64(17.514)}}",459,0.025,1.116,0.028,0,0,0,0,0,0,0,0,0,0,0,0,0,0,0,0,0,0,0,0,0
3-212_178_999_0_0_0,3,557,3.305,16.203,"{'1-212_': {'VS': 0.909, 'HS': np.float64(6.069), 'MMD': np.float64(2.433)}, '2-212_178_0': {'VS': 0.245, 'HS': np.float64(4.615), 'MMD': np.float64(12.48)}, '3-212_178_999_0_0_0': {'VS': 0.0, 'HS': 0.0, 'MMD': 0.0}}","{'1-212_': {'VS': 0.94, 'HS': np.float64(4.166), 'MMD': np.float64(2.968)}, '2-212_178_0': {'VS': 0.466, 'HS': np.float64(3.678), 'MMD': np.float64(12.521)}, '3-212_178_999_0_0_0': {'VS': 0.451, 'HS': np.float64(3.305), 'MMD': np.float64(16.203)}}",557,0.221,0.144,0.126,0,0,0,0,0,0,0,0,0,0,0,0,0,0,0,0,0,0,0,0,0
3-212_215_999_0_0_0,3,382,5.154,17.703,"{'1-212_': {'VS': 0.909, 'HS': np.float64(6.069), 'MMD': np.float64(2.433)}, '2-212_215_0': {'VS': 0.329, 'HS': np.float64(11.683), 'MMD': np.float64(11.175)}, '3-212_215_999_0_0_0': {'VS': 0.0, 'HS': 0.0, 'MMD': 0.0}}","{'1-212_': {'VS': 0.94, 'HS': np.float64(4.166), 'MMD': np.float64(2.968)}, '2-212_215_0': {'VS': 0.325, 'HS': np.float64(5.945), 'MMD': np.float64(10.816)}, '3-212_215_999_0_0_0': {'VS': 0.31, 'HS': np.float64(5.154), 'MMD': np.float64(17.703)}}",382,-0.004,0.208,0.013,0,0,0,0,0,0,0,0,0,0,0,0,0,0,0,0,0,0,0,0,0
3-212_136_999_0_0_0,3,299,2.672,18.117,"{'1-212_': {'VS': 0.909, 'HS': np.float64(6.069), 'MMD': np.float64(2.433)}, '2-212_136_0': {'VS': 0.126, 'HS': np.float64(3.221), 'MMD': np.float64(8.879)}, '3-212_136_999_0_0_0': {'VS': 0.0, 'HS': 0.0, 'MMD': 0.0}}","{'1-212_': {'VS': 0.94, 'HS': np.float64(4.166), 'MMD': np.float64(2.968)}, '2-212_136_0': {'VS': 0.266, 'HS': np.float64(3.012), 'MMD': np.float64(10.033)}, '3-212_136_999_0_0_0': {'VS': 0.242, 'HS': np.float64(2.672), 'MMD': np.float64(18.117)}}",299,0.14,0.809,0.085,0,0,0,0,0,0,0,0,0,0,0,0,0,0,0,0,0,0,0,0,0
3-220_214_999_0_0_0,3,251,2.896,19.754,"{'1-220_': {'VS': 0.597, 'HS': np.float64(2.945), 'MMD': np.float64(6.397)}, '2-220_214_0': {'VS': 0.213, 'HS': np.float64(5.962), 'MMD': np.float64(20.293)}, '3-220_214_999_0_0_0': {'VS': 0.0, 'HS': 0.0, 'MMD': 0.0}}","{'1-220_': {'VS': 0.7, 'HS': np.float64(2.127), 'MMD': np.float64(8.336)}, '2-220_214_0': {'VS': 0.223, 'HS': np.float64(3.269), 'MMD': np.float64(16.285)}, '3-220_214_999_0_0_0': {'VS': 0.203, 'HS': np.float64(2.896), 'MMD': np.float64(19.754)}}",251,0.01,9.912,0.056,1,0,0,0,0,0,0,0,0,0,0,0,0,0,0,0,0,0,0,0,1
3-220_202_999_0_0_0,3,356,2.087,20.147,"{'1-220_': {'VS': 0.597, 'HS': np.float64(2.945), 'MMD': np.float64(6.397)}, '2-220_202_0': {'VS': 0.328, 'HS': np.float64(4.205), 'MMD': np.float64(17.567)}, '3-220_202_999_0_0_0': {'VS': 0.0, 'HS': 0.0, 'MMD': 0.0}}","{'1-220_': {'VS': 0.7, 'HS': np.float64(2.127), 'MMD': np.float64(8.336)}, '2-220_202_0': {'VS': 0.314, 'HS': np.float64(2.333), 'MMD': np.float64(15.558)}, '3-220_202_999_0_0_0': {'VS': 0.288, 'HS': np.float64(2.087), 'MMD': np.float64(20.147)}}",356,-0.014,3.898,0.044,0,0,0,0,0,0,0,0,0,0,0,0,0,0,0,0,0,0,0,0,0
3-220_225_999_0_0_0,3,340,2.771,20.272,"{'1-220_': {'VS': 0.597, 'HS': np.float64(2.945), 'MMD': np.float64(6.397)}, '2-220_225_0': {'VS': 0.148, 'HS': np.float64(3.647), 'MMD': np.float64(10.84)}, '3-220_225_999_0_0_0': {'VS': 0.0, 'HS': 0.0, 'MMD': 0.0}}","{'1-220_': {'VS': 0.7, 'HS': np.float64(2.127), 'MMD': np.float64(8.336)}, '2-220_225_0': {'VS': 0.301, 'HS': np.float64(3.156), 'MMD': np.float64(13.543)}, '3-220_225_999_0_0_0': {'VS': 0.276, 'HS': np.float64(2.771), 'MMD': np.float64(20.272)}}",340,0.153,5.533,0.128,0,0,0,0,0,0,0,0,0,0,0,0,0,0,0,0,0,0,0,0,0
3-220_225_999_4_0_0,3,266,1.838,23.193,"{'1-220_': {'VS': 0.597, 'HS': np.float64(2.945), 'MMD': np.float64(6.397)}, '2-220_225_4': {'VS': 0.07, 'HS': np.float64(1.709), 'MMD': np.float64(12.753)}, '3-220_225_999_4_0_0': {'VS': 0.0, 'HS': 0.0, 'MMD': 0.0}}","{'1-220_': {'VS': 0.7, 'HS': np.float64(2.127), 'MMD': np.float64(8.336)}, '2-220_225_4': {'VS': 0.221, 'HS': np.float64(1.938), 'MMD': np.float64(17.352)}, '3-220_225_999_4_0_0': {'VS': 0.216, 'HS': np.float64(1.838), 'MMD': np.float64(23.193)}}",266,0.151,12.455,0.127,0,0,0,0,0,0,0,0,0,0,0,0,0,0,0,0,0,0,0,0,0
4-220_212_172_999_0_0_0_0_0_0,4,253,2.771,21.225,"{'1-220_': {'VS': 0.597, 'HS': np.float64(2.945), 'MMD': np.float64(6.397)}, '2-220_212_0': {'VS': 0.45, 'HS': np.float64(8.329), 'MMD': np.float64(14.388)}, '3-220_212_172_0_0_0': {'VS': 0.19, 'HS': np.float64(5.633), 'MMD': np.float64(19.509)}, '4-220_212_172_999_0_0_0_0_0_0': {'VS': 0.0, 'HS': 0.0, 'MMD': 0.0}}","{'1-220_': {'VS': 0.7, 'HS': np.float64(2.127), 'MMD': np.float64(8.336)}, '2-220_212_0': {'VS': 0.464, 'HS': np.float64(4.332), 'MMD': np.float64(14.016)}, '3-220_212_172_0_0_0': {'VS': 0.229, 'HS': np.float64(3.376), 'MMD': np.float64(18.337)}, '4-220_212_172_999_0_0_0_0_0_0': {'VS': 0.205, 'HS': np.float64(2.771), 'MMD': np.float64(21.225)}}",253,0.039,1.757,0.052,0,0,0,0,0,0,0,0,0,0,0,0,0,0,0,0,0,0,0,0,0
3-220_212_999_0_0_0,3,543,3.709,19.684,"{'1-220_': {'VS': 0.597, 'HS': np.float64(2.945), 'MMD': np.float64(6.397)}, '2-220_212_0': {'VS': 0.45, 'HS': np.float64(8.329), 'MMD': np.float64(14.388)}, '3-220_212_999_0_0_0': {'VS': 0.0, 'HS': 0.0, 'MMD': 0.0}}","{'1-220_': {'VS': 0.7, 'HS': np.float64(2.127), 'MMD': np.float64(8.336)}, '2-220_212_0': {'VS': 0.464, 'HS': np.float64(4.332), 'MMD': np.float64(14.016)}, '3-220_212_999_0_0_0': {'VS': 0.44, 'HS': np.float64(3.709), 'MMD': np.float64(19.684)}}",543,0.014,1.949,0.058,0,0,0,0,0,0,0,0,0,0,0,0,0,0,0,0,0,0,0,0,0
3-220_212_999_4_0_0,3,378,2.542,23.329,"{'1-220_': {'VS': 0.597, 'HS': np.float64(2.945), 'MMD': np.float64(6.397)}, '2-220_212_4': {'VS': 0.239, 'HS': np.float64(3.943), 'MMD': np.float64(17.242)}, '3-220_212_999_4_0_0': {'VS': 0.0, 'HS': 0.0, 'MMD': 0.0}}","{'1-220_': {'VS': 0.7, 'HS': np.float64(2.127), 'MMD': np.float64(8.336)}, '2-220_212_4': {'VS': 0.311, 'HS': np.float64(2.711), 'MMD': np.float64(17.287)}, '3-220_212_999_4_0_0': {'VS': 0.306, 'HS': np.float64(2.542), 'MMD': np.float64(23.329)}}",378,0.072,1.881,0.087,0,0,0,0,0,0,0,0,0,0,0,0,0,0,0,0,0,0,0,0,0
3-220_208_999_0_0_0,3,346,1.89,19.997,"{'1-220_': {'VS': 0.597, 'HS': np.float64(2.945), 'MMD': np.float64(6.397)}, '2-220_208_0': {'VS': 0.285, 'HS': np.float64(3.839), 'MMD': np.float64(17.746)}, '3-220_208_999_0_0_0': {'VS': 0.0, 'HS': 0.0, 'MMD': 0.0}}","{'1-220_': {'VS': 0.7, 'HS': np.float64(2.127), 'MMD': np.float64(8.336)}, '2-220_208_0': {'VS': 0.306, 'HS': np.float64(2.114), 'MMD': np.float64(15.927)}, '3-220_208_999_0_0_0': {'VS': 0.28, 'HS': np.float64(1.89), 'MMD': np.float64(19.997)}}",346,0.021,3.534,0.062,0,0,0,0,0,0,0,0,0,0,0,0,0,0,0,0,0,0,0,0,0
3-220_196_999_0_0_0,3,251,1.932,20.003,"{'1-220_': {'VS': 0.597, 'HS': np.float64(2.945), 'MMD': np.float64(6.397)}, '2-220_196_0': {'VS': 0.202, 'HS': np.float64(3.169), 'MMD': np.float64(15.244)}, '3-220_196_999_0_0_0': {'VS': 0.0, 'HS': 0.0, 'MMD': 0.0}}","{'1-220_': {'VS': 0.7, 'HS': np.float64(2.127), 'MMD': np.float64(8.336)}, '2-220_196_0': {'VS': 0.227, 'HS': np.float64(2.096), 'MMD': np.float64(14.273)}, '3-220_196_999_0_0_0': {'VS': 0.203, 'HS': np.float64(1.932), 'MMD': np.float64(20.003)}}",251,0.025,2.351,0.064,0,0,0,0,0,0,0,0,0,0,0,0,0,0,0,0,0,0,0,0,0
3-220_224_999_0_0_0,3,390,2.664,20.255,"{'1-220_': {'VS': 0.597, 'HS': np.float64(2.945), 'MMD': np.float64(6.397)}, '2-220_224_0': {'VS': 0.146, 'HS': np.float64(4.156), 'MMD': np.float64(14.134)}, '3-220_224_999_0_0_0': {'VS': 0.0, 'HS': 0.0, 'MMD': 0.0}}","{'1-220_': {'VS': 0.7, 'HS': np.float64(2.127), 'MMD': np.float64(8.336)}, '2-220_224_0': {'VS': 0.349, 'HS': np.float64(2.993), 'MMD': np.float64(15.847)}, '3-220_224_999_0_0_0': {'VS': 0.316, 'HS': np.float64(2.664), 'MMD': np.float64(20.255)}}",390,0.203,3.347,0.153,0,0,0,0,0,0,0,0,0,0,0,0,0,0,0,0,0,0,0,0,0
3-220_213_999_0_0_0,3,516,3.659,19.534,"{'1-220_': {'VS': 0.597, 'HS': np.float64(2.945), 'MMD': np.float64(6.397)}, '2-220_213_0': {'VS': 0.42, 'HS': np.float64(7.89), 'MMD': np.float64(14.4)}, '3-220_213_999_0_0_0': {'VS': 0.0, 'HS': 0.0, 'MMD': 0.0}}","{'1-220_': {'VS': 0.7, 'HS': np.float64(2.127), 'MMD': np.float64(8.336)}, '2-220_213_0': {'VS': 0.442, 'HS': np.float64(4.251), 'MMD': np.float64(13.94)}, '3-220_213_999_0_0_0': {'VS': 0.418, 'HS': np.float64(3.659), 'MMD': np.float64(19.534)}}",516,0.022,1.986,0.062,0,0,0,0,0,0,0,0,0,0,0,0,0,0,0,0,0,0,0,0,0
3-220_213_999_4_0_0,3,372,2.368,23.375,"{'1-220_': {'VS': 0.597, 'HS': np.float64(2.945), 'MMD': np.float64(6.397)}, '2-220_213_4': {'VS': 0.222, 'HS': np.float64(3.817), 'MMD': np.float64(17.477)}, '3-220_213_999_4_0_0': {'VS': 0.0, 'HS': 0.0, 'MMD': 0.0}}","{'1-220_': {'VS': 0.7, 'HS': np.float64(2.127), 'MMD': np.float64(8.336)}, '2-220_213_4': {'VS': 0.31, 'HS': np.float64(2.51), 'MMD': np.float64(17.417)}, '3-220_213_999_4_0_0': {'VS': 0.301, 'HS': np.float64(2.368), 'MMD': np.float64(23.375)}}",372,0.088,1.882,0.095,0,0,0,0,0,0,0,0,0,0,0,0,0,0,0,0,0,0,0,0,0
3-220_172_999_0_0_0,3,387,2.075,19.462,"{'1-220_': {'VS': 0.597, 'HS': np.float64(2.945), 'MMD': np.float64(6.397)}, '2-220_172_0': {'VS': 0.278, 'HS': np.float64(3.58), 'MMD': np.float64(14.636)}, '3-220_172_999_0_0_0': {'VS': 0.0, 'HS': 0.0, 'MMD': 0.0}}","{'1-220_': {'VS': 0.7, 'HS': np.float64(2.127), 'MMD': np.float64(8.336)}, '2-220_172_0': {'VS': 0.335, 'HS': np.float64(2.324), 'MMD': np.float64(14.981)}, '3-220_172_999_0_0_0': {'VS': 0.314, 'HS': np.float64(2.075), 'MMD': np.float64(19.462)}}",387,0.057,1.939,0.08,0,0,0,0,0,0,0,0,0,0,0,0,0,0,0,0,0,0,0,0,0
3-220_199_999_0_0_0,3,319,2.047,20.116,"{'1-220_': {'VS': 0.597, 'HS': np.float64(2.945), 'MMD': np.float64(6.397)}, '2-220_199_0': {'VS': 0.264, 'HS': np.float64(4.022), 'MMD': np.float64(18.202)}, '3-220_199_999_0_0_0': {'VS': 0.0, 'HS': 0.0, 'MMD': 0.0}}","{'1-220_': {'VS': 0.7, 'HS': np.float64(2.127), 'MMD': np.float64(8.336)}, '2-220_199_0': {'VS': 0.28, 'HS': np.float64(2.249), 'MMD': np.float64(15.537)}, '3-220_199_999_0_0_0': {'VS': 0.259, 'HS': np.float64(2.047), 'MMD': np.float64(20.116)}}",319,0.016,5.431,0.059,0,0,0,0,0,0,0,0,0,0,0,0,0,0,0,0,0,0,0,0,0
3-220_221_999_1_0_0,3,249,1.598,18.49,"{'1-220_': {'VS': 0.597, 'HS': np.float64(2.945), 'MMD': np.float64(6.397)}, '2-220_221_1': {'VS': 0.203, 'HS': np.float64(2.365), 'MMD': np.float64(7.723)}, '3-220_221_999_1_0_0': {'VS': 0.0, 'HS': 0.0, 'MMD': 0.0}}","{'1-220_': {'VS': 0.7, 'HS': np.float64(2.127), 'MMD': np.float64(8.336)}, '2-220_221_1': {'VS': 0.211, 'HS': np.float64(1.677), 'MMD': np.float64(8.723)}, '3-220_221_999_1_0_0': {'VS': 0.202, 'HS': np.float64(1.598), 'MMD': np.float64(18.49)}}",249,0.008,2.38,0.055,0,0,0,0,0,0,0,0,0,0,0,0,0,0,0,0,0,0,0,0,0
3-220_169_999_0_0_0,3,295,2.014,18.74,"{'1-220_': {'VS': 0.597, 'HS': np.float64(2.945), 'MMD': np.float64(6.397)}, '2-220_169_0': {'VS': 0.172, 'HS': np.float64(3.576), 'MMD': np.float64(15.003)}, '3-220_169_999_0_0_0': {'VS': 0.0, 'HS': 0.0, 'MMD': 0.0}}","{'1-220_': {'VS': 0.7, 'HS': np.float64(2.127), 'MMD': np.float64(8.336)}, '2-220_169_0': {'VS': 0.256, 'HS': np.float64(2.203), 'MMD': np.float64(14.796)}, '3-220_169_999_0_0_0': {'VS': 0.239, 'HS': np.float64(2.014), 'MMD': np.float64(18.74)}}",295,0.084,1.901,0.093,0,0,0,0,0,0,0,0,0,0,0,0,0,0,0,0,0,0,0,0,0
2-220_999_0,2,858,1.99,16.725,"{'1-220_': {'VS': 0.597, 'HS': np.float64(2.945), 'MMD': np.float64(6.397)}, '2-220_999_0': {'VS': 0.0, 'HS': 0.0, 'MMD': 0.0}}","{'1-220_': {'VS': 0.7, 'HS': np.float64(2.127), 'MMD': np.float64(8.336)}, '2-220_999_0': {'VS': 0.695, 'HS': np.float64(1.99), 'MMD': np.float64(16.725)}}",858,0.103,3.76,0.103,0,0,0,0,1,1,0,0,0,0,0,0,0,0,0,0,0,0,0,0,1
3-220_157_999_0_0_0,3,254,1.965,19.544,"{'1-220_': {'VS': 0.597, 'HS': np.float64(2.945), 'MMD': np.float64(6.397)}, '2-220_157_0': {'VS': 0.21, 'HS': np.float64(3.506), 'MMD': np.float64(16.94)}, '3-220_157_999_0_0_0': {'VS': 0.0, 'HS': 0.0, 'MMD': 0.0}}","{'1-220_': {'VS': 0.7, 'HS': np.float64(2.127), 'MMD': np.float64(8.336)}, '2-220_157_0': {'VS': 0.224, 'HS': np.float64(2.195), 'MMD': np.float64(14.612)}, '3-220_157_999_0_0_0': {'VS': 0.206, 'HS': np.float64(1.965), 'MMD': np.float64(19.544)}}",254,0.014,4.59,0.058,0,0,0,0,0,0,0,0,0,0,0,0,0,0,0,0,0,0,0,0,0
3-220_178_999_0_0_0,3,301,1.85,18.518,"{'1-220_': {'VS': 0.597, 'HS': np.float64(2.945), 'MMD': np.float64(6.397)}, '2-220_178_0': {'VS': 0.147, 'HS': np.float64(2.592), 'MMD': np.float64(15.527)}, '3-220_178_999_0_0_0': {'VS': 0.0, 'HS': 0.0, 'MMD': 0.0}}","{'1-220_': {'VS': 0.7, 'HS': np.float64(2.127), 'MMD': np.float64(8.336)}, '2-220_178_0': {'VS': 0.263, 'HS': np.float64(1.988), 'MMD': np.float64(15.219)}, '3-220_178_999_0_0_0': {'VS': 0.244, 'HS': np.float64(1.85), 'MMD': np.float64(18.518)}}",301,0.116,1.927,0.11,0,0,0,0,0,0,0,0,0,0,0,0,0,0,0,0,0,0,0,0,0
3-208_193_999_0_0_0,3,300,1.84,20.602,"{'1-208_': {'VS': 0.737, 'HS': np.float64(2.542), 'MMD': np.float64(9.105)}, '2-208_193_0': {'VS': 0.263, 'HS': np.float64(3.51), 'MMD': np.float64(19.428)}, '3-208_193_999_0_0_0': {'VS': 0.0, 'HS': 0.0, 'MMD': 0.0}}","{'1-208_': {'VS': 0.909, 'HS': np.float64(1.841), 'MMD': np.float64(12.375)}, '2-208_193_0': {'VS': 0.267, 'HS': np.float64(2.012), 'MMD': np.float64(16.445)}, '3-208_193_999_0_0_0': {'VS': 0.243, 'HS': np.float64(1.84), 'MMD': np.float64(20.602)}}",300,0.004,9.796,0.088,1,0,0,0,0,0,0,0,0,0,0,0,0,0,0,0,0,0,0,0,1
3-208_214_999_0_0_0,3,302,2.427,21.153,"{'1-208_': {'VS': 0.737, 'HS': np.float64(2.542), 'MMD': np.float64(9.105)}, '2-208_214_0': {'VS': 0.258, 'HS': np.float64(5.542), 'MMD': np.float64(20.817)}, '3-208_214_999_0_0_0': {'VS': 0.0, 'HS': 0.0, 'MMD': 0.0}}","{'1-208_': {'VS': 0.909, 'HS': np.float64(1.841), 'MMD': np.float64(12.375)}, '2-208_214_0': {'VS': 0.265, 'HS': np.float64(2.651), 'MMD': np.float64(17.823)}, '3-208_214_999_0_0_0': {'VS': 0.245, 'HS': np.float64(2.427), 'MMD': np.float64(21.153)}}",302,0.007,9.828,0.09,0,0,0,0,0,0,0,0,0,0,0,0,0,0,0,0,0,0,0,0,0
3-208_202_999_0_0_0,3,433,1.848,20.697,"{'1-208_': {'VS': 0.737, 'HS': np.float64(2.542), 'MMD': np.float64(9.105)}, '2-208_202_0': {'VS': 0.389, 'HS': np.float64(3.756), 'MMD': np.float64(18.257)}, '3-208_202_999_0_0_0': {'VS': 0.0, 'HS': 0.0, 'MMD': 0.0}}","{'1-208_': {'VS': 0.909, 'HS': np.float64(1.841), 'MMD': np.float64(12.375)}, '2-208_202_0': {'VS': 0.378, 'HS': np.float64(2.071), 'MMD': np.float64(16.165)}, '3-208_202_999_0_0_0': {'VS': 0.351, 'HS': np.float64(1.848), 'MMD': np.float64(20.697)}}",433,-0.011,7.535,0.081,0,0,0,0,0,0,0,0,0,0,0,0,0,0,0,0,0,0,0,0,0
3-208_202_999_4_0_0,3,335,1.484,27.929,"{'1-208_': {'VS': 0.737, 'HS': np.float64(2.542), 'MMD': np.float64(9.105)}, '2-208_202_4': {'VS': 0.195, 'HS': np.float64(2.403), 'MMD': np.float64(25.492)}, '3-208_202_999_4_0_0': {'VS': 0.0, 'HS': 0.0, 'MMD': 0.0}}","{'1-208_': {'VS': 0.909, 'HS': np.float64(1.841), 'MMD': np.float64(12.375)}, '2-208_202_4': {'VS': 0.283, 'HS': np.float64(1.605), 'MMD': np.float64(23.277)}, '3-208_202_999_4_0_0': {'VS': 0.271, 'HS': np.float64(1.484), 'MMD': np.float64(27.929)}}",335,0.088,7.8,0.13,0,0,0,0,0,0,0,0,0,0,0,0,0,0,0,0,0,0,0,0,0
3-208_225_999_0_0_0,3,377,2.554,20.273,"{'1-208_': {'VS': 0.737, 'HS': np.float64(2.542), 'MMD': np.float64(9.105)}, '2-208_225_0': {'VS': 0.17, 'HS': np.float64(2.905), 'MMD': np.float64(11.413)}, '3-208_225_999_0_0_0': {'VS': 0.0, 'HS': 0.0, 'MMD': 0.0}}","{'1-208_': {'VS': 0.909, 'HS': np.float64(1.841), 'MMD': np.float64(12.375)}, '2-208_225_0': {'VS': 0.331, 'HS': np.float64(2.887), 'MMD': np.float64(13.87)}, '3-208_225_999_0_0_0': {'VS': 0.306, 'HS': np.float64(2.554), 'MMD': np.float64(20.273)}}",377,0.161,8.365,0.167,0,0,0,0,0,0,0,0,0,0,0,0,0,0,0,0,0,0,0,0,0
3-208_225_999_4_0_0,3,411,2.032,26.932,"{'1-208_': {'VS': 0.737, 'HS': np.float64(2.542), 'MMD': np.float64(9.105)}, '2-208_225_4': {'VS': 0.09, 'HS': np.float64(1.972), 'MMD': np.float64(15.732)}, '3-208_225_999_4_0_0': {'VS': 0.0, 'HS': 0.0, 'MMD': 0.0}}","{'1-208_': {'VS': 0.909, 'HS': np.float64(1.841), 'MMD': np.float64(12.375)}, '2-208_225_4': {'VS': 0.347, 'HS': np.float64(2.18), 'MMD': np.float64(21.95)}, '3-208_225_999_4_0_0': {'VS': 0.333, 'HS': np.float64(2.032), 'MMD': np.float64(26.932)}}",411,0.257,24.678,0.215,0,0,0,0,0,0,0,0,0,0,0,0,0,0,0,0,0,0,0,0,0
4-208_212_224_999_0_0_0_0_0_0,4,250,3.216,21.515,"{'1-208_': {'VS': 0.737, 'HS': np.float64(2.542), 'MMD': np.float64(9.105)}, '2-208_212_0': {'VS': 0.513, 'HS': np.float64(7.272), 'MMD': np.float64(15.182)}, '3-208_212_224_0_0_0': {'VS': 0.1, 'HS': np.float64(5.78), 'MMD': np.float64(20.865)}, '4-208_212_224_999_0_0_0_0_0_0': {'VS': 0.0, 'HS': 0.0, 'MMD': 0.0}}","{'1-208_': {'VS': 0.909, 'HS': np.float64(1.841), 'MMD': np.float64(12.375)}, '2-208_212_0': {'VS': 0.521, 'HS': np.float64(3.893), 'MMD': np.float64(15.003)}, '3-208_212_224_0_0_0': {'VS': 0.245, 'HS': np.float64(3.808), 'MMD': np.float64(18.854)}, '4-208_212_224_999_0_0_0_0_0_0': {'VS': 0.203, 'HS': np.float64(3.216), 'MMD': np.float64(21.515)}}",250,0.145,4.923,0.108,0,0,0,0,0,0,0,0,0,0,0,0,0,0,0,0,0,0,0,0,0
4-208_212_172_999_0_0_0_0_0_0,4,279,2.563,21.867,"{'1-208_': {'VS': 0.737, 'HS': np.float64(2.542), 'MMD': np.float64(9.105)}, '2-208_212_0': {'VS': 0.513, 'HS': np.float64(7.272), 'MMD': np.float64(15.182)}, '3-208_212_172_0_0_0': {'VS': 0.225, 'HS': np.float64(4.614), 'MMD': np.float64(19.564)}, '4-208_212_172_999_0_0_0_0_0_0': {'VS': 0.0, 'HS': 0.0, 'MMD': 0.0}}","{'1-208_': {'VS': 0.909, 'HS': np.float64(1.841), 'MMD': np.float64(12.375)}, '2-208_212_0': {'VS': 0.521, 'HS': np.float64(3.893), 'MMD': np.float64(15.003)}, '3-208_212_172_0_0_0': {'VS': 0.257, 'HS': np.float64(3.132), 'MMD': np.float64(19.261)}, '4-208_212_172_999_0_0_0_0_0_0': {'VS': 0.226, 'HS': np.float64(2.563), 'MMD': np.float64(21.867)}}",279,0.032,3.606,0.071,0,0,0,0,0,0,0,0,0,0,0,0,0,0,0,0,0,0,0,0,0
3-208_212_999_0_0_0,3,611,3.272,20.431,"{'1-208_': {'VS': 0.737, 'HS': np.float64(2.542), 'MMD': np.float64(9.105)}, '2-208_212_0': {'VS': 0.513, 'HS': np.float64(7.272), 'MMD': np.float64(15.182)}, '3-208_212_999_0_0_0': {'VS': 0.0, 'HS': 0.0, 'MMD': 0.0}}","{'1-208_': {'VS': 0.909, 'HS': np.float64(1.841), 'MMD': np.float64(12.375)}, '2-208_212_0': {'VS': 0.521, 'HS': np.float64(3.893), 'MMD': np.float64(15.003)}, '3-208_212_999_0_0_0': {'VS': 0.495, 'HS': np.float64(3.272), 'MMD': np.float64(20.431)}}",611,0.008,5.362,0.09,0,0,0,0,0,0,0,0,0,0,0,0,0,0,0,0,0,0,0,0,0
3-208_212_999_3_0_0,3,313,1.045,23.133,"{'1-208_': {'VS': 0.737, 'HS': np.float64(2.542), 'MMD': np.float64(9.105)}, '2-208_212_3': {'VS': 0.161, 'HS': np.float64(1.139), 'MMD': np.float64(16.961)}, '3-208_212_999_3_0_0': {'VS': 0.0, 'HS': 0.0, 'MMD': 0.0}}","{'1-208_': {'VS': 0.909, 'HS': np.float64(1.841), 'MMD': np.float64(12.375)}, '2-208_212_3': {'VS': 0.262, 'HS': np.float64(1.056), 'MMD': np.float64(17.288)}, '3-208_212_999_3_0_0': {'VS': 0.254, 'HS': np.float64(1.045), 'MMD': np.float64(23.133)}}",313,0.101,5.4,0.137,0,0,0,0,0,0,0,0,0,0,0,0,0,0,0,0,0,0,0,0,0
3-208_212_999_4_0_0,3,603,2.663,26.289,"{'1-208_': {'VS': 0.737, 'HS': np.float64(2.542), 'MMD': np.float64(9.105)}, '2-208_212_4': {'VS': 0.324, 'HS': np.float64(4.42), 'MMD': np.float64(21.496)}, '3-208_212_999_4_0_0': {'VS': 0.0, 'HS': 0.0, 'MMD': 0.0}}","{'1-208_': {'VS': 0.909, 'HS': np.float64(1.841), 'MMD': np.float64(12.375)}, '2-208_212_4': {'VS': 0.5, 'HS': np.float64(2.843), 'MMD': np.float64(21.061)}, '3-208_212_999_4_0_0': {'VS': 0.489, 'HS': np.float64(2.663), 'MMD': np.float64(26.289)}}",603,0.176,5.441,0.174,0,0,0,0,0,0,0,0,0,0,0,0,0,0,0,0,0,0,0,0,0
3-208_220_999_0_0_0,3,367,1.858,21.28,"{'1-208_': {'VS': 0.737, 'HS': np.float64(2.542), 'MMD': np.float64(9.105)}, '2-208_220_0': {'VS': 0.293, 'HS': np.float64(4.035), 'MMD': np.float64(18.055)}, '3-208_220_999_0_0_0': {'VS': 0.0, 'HS': 0.0, 'MMD': 0.0}}","{'1-208_': {'VS': 0.909, 'HS': np.float64(1.841), 'MMD': np.float64(12.375)}, '2-208_220_0': {'VS': 0.328, 'HS': np.float64(2.104), 'MMD': np.float64(16.92)}, '3-208_220_999_0_0_0': {'VS': 0.297, 'HS': np.float64(1.858), 'MMD': np.float64(21.28)}}",367,0.035,5.991,0.104,0,0,0,0,0,0,0,0,0,0,0,0,0,0,0,0,0,0,0,0,0
3-208_196_999_0_0_0,3,280,1.811,21.096,"{'1-208_': {'VS': 0.737, 'HS': np.float64(2.542), 'MMD': np.float64(9.105)}, '2-208_196_0': {'VS': 0.239, 'HS': np.float64(2.853), 'MMD': np.float64(15.674)}, '3-208_196_999_0_0_0': {'VS': 0.0, 'HS': 0.0, 'MMD': 0.0}}","{'1-208_': {'VS': 0.909, 'HS': np.float64(1.841), 'MMD': np.float64(12.375)}, '2-208_196_0': {'VS': 0.252, 'HS': np.float64(1.936), 'MMD': np.float64(15.132)}, '3-208_196_999_0_0_0': {'VS': 0.227, 'HS': np.float64(1.811), 'MMD': np.float64(21.096)}}",280,0.013,5.493,0.093,0,0,0,0,0,0,0,0,0,0,0,0,0,0,0,0,0,0,0,0,0
3-208_196_999_4_0_0,3,270,1.422,27.733,"{'1-208_': {'VS': 0.737, 'HS': np.float64(2.542), 'MMD': np.float64(9.105)}, '2-208_196_4': {'VS': 0.138, 'HS': np.float64(1.822), 'MMD': np.float64(24.99)}, '3-208_196_999_4_0_0': {'VS': 0.0, 'HS': 0.0, 'MMD': 0.0}}","{'1-208_': {'VS': 0.909, 'HS': np.float64(1.841), 'MMD': np.float64(12.375)}, '2-208_196_4': {'VS': 0.23, 'HS': np.float64(1.472), 'MMD': np.float64(23.518)}, '3-208_196_999_4_0_0': {'VS': 0.219, 'HS': np.float64(1.422), 'MMD': np.float64(27.733)}}",270,0.092,6.43,0.132,0,0,0,0,0,0,0,0,0,0,0,0,0,0,0,0,0,0,0,0,0
3-208_224_999_0_0_0,3,423,2.544,20.611,"{'1-208_': {'VS': 0.737, 'HS': np.float64(2.542), 'MMD': np.float64(9.105)}, '2-208_224_0': {'VS': 0.172, 'HS': np.float64(3.31), 'MMD': np.float64(14.662)}, '3-208_224_999_0_0_0': {'VS': 0.0, 'HS': 0.0, 'MMD': 0.0}}","{'1-208_': {'VS': 0.909, 'HS': np.float64(1.841), 'MMD': np.float64(12.375)}, '2-208_224_0': {'VS': 0.376, 'HS': np.float64(2.817), 'MMD': np.float64(16.164)}, '3-208_224_999_0_0_0': {'VS': 0.343, 'HS': np.float64(2.544), 'MMD': np.float64(20.611)}}",423,0.204,6.474,0.188,0,0,0,0,0,0,0,0,0,0,0,0,0,0,0,0,0,0,0,0,0
3-208_224_999_4_0_0,3,390,2.162,28.621,"{'1-208_': {'VS': 0.737, 'HS': np.float64(2.542), 'MMD': np.float64(9.105)}, '2-208_224_4': {'VS': 0.077, 'HS': np.float64(2.137), 'MMD': np.float64(18.151)}, '3-208_224_999_4_0_0': {'VS': 0.0, 'HS': 0.0, 'MMD': 0.0}}","{'1-208_': {'VS': 0.909, 'HS': np.float64(1.841), 'MMD': np.float64(12.375)}, '2-208_224_4': {'VS': 0.328, 'HS': np.float64(2.279), 'MMD': np.float64(23.687)}, '3-208_224_999_4_0_0': {'VS': 0.316, 'HS': np.float64(2.162), 'MMD': np.float64(28.621)}}",390,0.251,20.67,0.212,0,0,0,0,0,0,0,0,0,0,0,0,0,0,0,0,0,0,0,0,0
4-208_213_172_999_0_0_0_0_0_0,4,267,2.584,21.747,"{'1-208_': {'VS': 0.737, 'HS': np.float64(2.542), 'MMD': np.float64(9.105)}, '2-208_213_0': {'VS': 0.491, 'HS': np.float64(6.857), 'MMD': np.float64(15.03)}, '3-208_213_172_0_0_0': {'VS': 0.199, 'HS': np.float64(4.379), 'MMD': np.float64(19.73)}, '4-208_213_172_999_0_0_0_0_0_0': {'VS': 0.0, 'HS': 0.0, 'MMD': 0.0}}","{'1-208_': {'VS': 0.909, 'HS': np.float64(1.841), 'MMD': np.float64(12.375)}, '2-208_213_0': {'VS': 0.506, 'HS': np.float64(3.667), 'MMD': np.float64(15.134)}, '3-208_213_172_0_0_0': {'VS': 0.244, 'HS': np.float64(3.113), 'MMD': np.float64(19.064)}, '4-208_213_172_999_0_0_0_0_0_0': {'VS': 0.216, 'HS': np.float64(2.584), 'MMD': np.float64(21.747)}}",267,0.045,3.716,0.077,0,0,0,0,0,0,0,0,0,0,0,0,0,0,0,0,0,0,0,0,0
3-208_213_999_0_0_0,3,588,3.136,20.633,"{'1-208_': {'VS': 0.737, 'HS': np.float64(2.542), 'MMD': np.float64(9.105)}, '2-208_213_0': {'VS': 0.491, 'HS': np.float64(6.857), 'MMD': np.float64(15.03)}, '3-208_213_999_0_0_0': {'VS': 0.0, 'HS': 0.0, 'MMD': 0.0}}","{'1-208_': {'VS': 0.909, 'HS': np.float64(1.841), 'MMD': np.float64(12.375)}, '2-208_213_0': {'VS': 0.506, 'HS': np.float64(3.667), 'MMD': np.float64(15.134)}, '3-208_213_999_0_0_0': {'VS': 0.476, 'HS': np.float64(3.136), 'MMD': np.float64(20.633)}}",588,0.015,5.352,0.094,0,0,0,0,0,0,0,0,0,0,0,0,0,0,0,0,0,0,0,0,0
3-208_213_999_3_0_0,3,271,1.033,23.408,"{'1-208_': {'VS': 0.737, 'HS': np.float64(2.542), 'MMD': np.float64(9.105)}, '2-208_213_3': {'VS': 0.15, 'HS': np.float64(1.141), 'MMD': np.float64(15.681)}, '3-208_213_999_3_0_0': {'VS': 0.0, 'HS': 0.0, 'MMD': 0.0}}","{'1-208_': {'VS': 0.909, 'HS': np.float64(1.841), 'MMD': np.float64(12.375)}, '2-208_213_3': {'VS': 0.227, 'HS': np.float64(1.043), 'MMD': np.float64(17.789)}, '3-208_213_999_3_0_0': {'VS': 0.22, 'HS': np.float64(1.033), 'MMD': np.float64(23.408)}}",271,0.077,7.568,0.125,0,0,0,0,0,0,0,0,0,0,0,0,0,0,0,0,0,0,0,0,0
3-208_213_999_4_0_0,3,566,2.608,26.482,"{'1-208_': {'VS': 0.737, 'HS': np.float64(2.542), 'MMD': np.float64(9.105)}, '2-208_213_4': {'VS': 0.307, 'HS': np.float64(4.177), 'MMD': np.float64(21.547)}, '3-208_213_999_4_0_0': {'VS': 0.0, 'HS': 0.0, 'MMD': 0.0}}","{'1-208_': {'VS': 0.909, 'HS': np.float64(1.841), 'MMD': np.float64(12.375)}, '2-208_213_4': {'VS': 0.468, 'HS': np.float64(2.813), 'MMD': np.float64(21.168)}, '3-208_213_999_4_0_0': {'VS': 0.459, 'HS': np.float64(2.608), 'MMD': np.float64(26.482)}}",566,0.161,5.418,0.167,0,0,0,0,0,0,0,0,0,0,0,0,0,0,0,0,0,0,0,0,0
3-208_172_999_0_0_0,3,464,1.869,20.032,"{'1-208_': {'VS': 0.737, 'HS': np.float64(2.542), 'MMD': np.float64(9.105)}, '2-208_172_0': {'VS': 0.326, 'HS': np.float64(2.969), 'MMD': np.float64(15.705)}, '3-208_172_999_0_0_0': {'VS': 0.0, 'HS': 0.0, 'MMD': 0.0}}","{'1-208_': {'VS': 0.909, 'HS': np.float64(1.841), 'MMD': np.float64(12.375)}, '2-208_172_0': {'VS': 0.404, 'HS': np.float64(2.04), 'MMD': np.float64(15.661)}, '3-208_172_999_0_0_0': {'VS': 0.376, 'HS': np.float64(1.869), 'MMD': np.float64(20.032)}}",464,0.078,5.347,0.125,0,0,0,0,0,0,0,0,0,0,0,0,0,0,0,0,0,0,0,0,0
3-208_172_999_4_0_0,3,347,1.329,26.958,"{'1-208_': {'VS': 0.737, 'HS': np.float64(2.542), 'MMD': np.float64(9.105)}, '2-208_172_4': {'VS': 0.187, 'HS': np.float64(1.751), 'MMD': np.float64(23.632)}, '3-208_172_999_4_0_0': {'VS': 0.0, 'HS': 0.0, 'MMD': 0.0}}","{'1-208_': {'VS': 0.909, 'HS': np.float64(1.841), 'MMD': np.float64(12.375)}, '2-208_172_4': {'VS': 0.297, 'HS': np.float64(1.38), 'MMD': np.float64(22.527)}, '3-208_172_999_4_0_0': {'VS': 0.281, 'HS': np.float64(1.329), 'MMD': np.float64(26.958)}}",347,0.11,5.957,0.141,0,0,0,0,0,0,0,0,0,0,0,0,0,0,0,0,0,0,0,0,0
3-208_199_999_0_0_0,3,363,1.851,20.812,"{'1-208_': {'VS': 0.737, 'HS': np.float64(2.542), 'MMD': np.float64(9.105)}, '2-208_199_0': {'VS': 0.329, 'HS': np.float64(3.641), 'MMD': np.float64(18.44)}, '3-208_199_999_0_0_0': {'VS': 0.0, 'HS': 0.0, 'MMD': 0.0}}","{'1-208_': {'VS': 0.909, 'HS': np.float64(1.841), 'MMD': np.float64(12.375)}, '2-208_199_0': {'VS': 0.323, 'HS': np.float64(2.048), 'MMD': np.float64(16.356)}, '3-208_199_999_0_0_0': {'VS': 0.294, 'HS': np.float64(1.851), 'MMD': np.float64(20.812)}}",363,-0.006,7.518,0.083,0,0,0,0,0,0,0,0,0,0,0,0,0,0,0,0,0,0,0,0,0
3-208_221_999_4_0_0,3,310,1.961,28.533,"{'1-208_': {'VS': 0.737, 'HS': np.float64(2.542), 'MMD': np.float64(9.105)}, '2-208_221_4': {'VS': 0.189, 'HS': np.float64(3.076), 'MMD': np.float64(24.606)}, '3-208_221_999_4_0_0': {'VS': 0.0, 'HS': 0.0, 'MMD': 0.0}}","{'1-208_': {'VS': 0.909, 'HS': np.float64(1.841), 'MMD': np.float64(12.375)}, '2-208_221_4': {'VS': 0.261, 'HS': np.float64(2.087), 'MMD': np.float64(23.573)}, '3-208_221_999_4_0_0': {'VS': 0.251, 'HS': np.float64(1.961), 'MMD': np.float64(28.533)}}",310,0.072,5.88,0.122,0,0,0,0,0,0,0,0,0,0,0,0,0,0,0,0,0,0,0,0,0
3-208_169_999_0_0_0,3,348,1.753,20.065,"{'1-208_': {'VS': 0.737, 'HS': np.float64(2.542), 'MMD': np.float64(9.105)}, '2-208_169_0': {'VS': 0.194, 'HS': np.float64(2.852), 'MMD': np.float64(15.858)}, '3-208_169_999_0_0_0': {'VS': 0.0, 'HS': 0.0, 'MMD': 0.0}}","{'1-208_': {'VS': 0.909, 'HS': np.float64(1.841), 'MMD': np.float64(12.375)}, '2-208_169_0': {'VS': 0.299, 'HS': np.float64(1.908), 'MMD': np.float64(15.939)}, '3-208_169_999_0_0_0': {'VS': 0.282, 'HS': np.float64(1.753), 'MMD': np.float64(20.065)}}",348,0.105,5.35,0.139,0,0,0,0,0,0,0,0,0,0,0,0,0,0,0,0,0,0,0,0,0
2-208_999_0,2,1118,1.732,19.933,"{'1-208_': {'VS': 0.737, 'HS': np.float64(2.542), 'MMD': np.float64(9.105)}, '2-208_999_0': {'VS': 0.0, 'HS': 0.0, 'MMD': 0.0}}","{'1-208_': {'VS': 0.909, 'HS': np.float64(1.841), 'MMD': np.float64(12.375)}, '2-208_999_0': {'VS': 0.906, 'HS': np.float64(1.732), 'MMD': np.float64(19.933)}}",1118,0.172,10.693,0.172,0,0,0,0,1,1,1,0,0,0,0,0,0,0,0,0,0,0,0,0,1
3-208_157_999_0_0_0,3,283,1.834,20.943,"{'1-208_': {'VS': 0.737, 'HS': np.float64(2.542), 'MMD': np.float64(9.105)}, '2-208_157_0': {'VS': 0.247, 'HS': np.float64(3.022), 'MMD': np.float64(17.641)}, '3-208_157_999_0_0_0': {'VS': 0.0, 'HS': 0.0, 'MMD': 0.0}}","{'1-208_': {'VS': 0.909, 'HS': np.float64(1.841), 'MMD': np.float64(12.375)}, '2-208_157_0': {'VS': 0.245, 'HS': np.float64(2.003), 'MMD': np.float64(16.3)}, '3-208_157_999_0_0_0': {'VS': 0.229, 'HS': np.float64(1.834), 'MMD': np.float64(20.943)}}",283,-0.002,6.246,0.085,0,0,0,0,0,0,0,0,0,0,0,0,0,0,0,0,0,0,0,0,0
3-208_157_999_4_0_0,3,247,1.425,27.083,"{'1-208_': {'VS': 0.737, 'HS': np.float64(2.542), 'MMD': np.float64(9.105)}, '2-208_157_4': {'VS': 0.141, 'HS': np.float64(2.009), 'MMD': np.float64(25.419)}, '3-208_157_999_4_0_0': {'VS': 0.0, 'HS': 0.0, 'MMD': 0.0}}","{'1-208_': {'VS': 0.909, 'HS': np.float64(1.841), 'MMD': np.float64(12.375)}, '2-208_157_4': {'VS': 0.212, 'HS': np.float64(1.506), 'MMD': np.float64(22.633)}, '3-208_157_999_4_0_0': {'VS': 0.2, 'HS': np.float64(1.425), 'MMD': np.float64(27.083)}}",247,0.071,9.227,0.122,0,0,0,0,0,0,0,0,0,0,0,0,0,0,0,0,0,0,0,0,0
3-208_178_999_0_0_0,3,359,1.691,19.678,"{'1-208_': {'VS': 0.737, 'HS': np.float64(2.542), 'MMD': np.float64(9.105)}, '2-208_178_0': {'VS': 0.164, 'HS': np.float64(2.273), 'MMD': np.float64(15.92)}, '3-208_178_999_0_0_0': {'VS': 0.0, 'HS': 0.0, 'MMD': 0.0}}","{'1-208_': {'VS': 0.909, 'HS': np.float64(1.841), 'MMD': np.float64(12.375)}, '2-208_178_0': {'VS': 0.305, 'HS': np.float64(1.832), 'MMD': np.float64(16.346)}, '3-208_178_999_0_0_0': {'VS': 0.291, 'HS': np.float64(1.691), 'MMD': np.float64(19.678)}}",359,0.141,5.437,0.157,0,0,0,0,0,0,0,0,0,0,0,0,0,0,0,0,0,0,0,0,0
3-208_215_999_4_0_0,3,251,2.283,27.152,"{'1-208_': {'VS': 0.737, 'HS': np.float64(2.542), 'MMD': np.float64(9.105)}, '2-208_215_4': {'VS': 0.147, 'HS': np.float64(3.487), 'MMD': np.float64(23.19)}, '3-208_215_999_4_0_0': {'VS': 0.0, 'HS': 0.0, 'MMD': 0.0}}","{'1-208_': {'VS': 0.909, 'HS': np.float64(1.841), 'MMD': np.float64(12.375)}, '2-208_215_4': {'VS': 0.209, 'HS': np.float64(2.481), 'MMD': np.float64(22.508)}, '3-208_215_999_4_0_0': {'VS': 0.203, 'HS': np.float64(2.283), 'MMD': np.float64(27.152)}}",251,0.062,5.579,0.117,0,0,0,0,0,0,0,0,0,0,0,0,0,0,0,0,0,0,0,0,0
3-196_202_999_0_0_0,3,285,1.667,17.99,"{'1-196_': {'VS': 0.487, 'HS': np.float64(2.048), 'MMD': np.float64(3.557)}, '2-196_202_0': {'VS': 0.255, 'HS': np.float64(3.151), 'MMD': np.float64(15.957)}, '3-196_202_999_0_0_0': {'VS': 0.0, 'HS': 0.0, 'MMD': 0.0}}","{'1-196_': {'VS': 0.547, 'HS': np.float64(1.674), 'MMD': np.float64(3.735)}, '2-196_202_0': {'VS': 0.253, 'HS': np.float64(1.843), 'MMD': np.float64(13.317)}, '3-196_202_999_0_0_0': {'VS': 0.231, 'HS': np.float64(1.667), 'MMD': np.float64(17.99)}}",285,-0.002,3.501,0.029,0,0,0,0,0,0,0,0,0,0,0,0,0,0,0,0,0,0,0,0,0
3-196_225_999_0_0_0,3,299,2.197,17.365,"{'1-196_': {'VS': 0.487, 'HS': np.float64(2.048), 'MMD': np.float64(3.557)}, '2-196_225_0': {'VS': 0.12, 'HS': np.float64(2.651), 'MMD': np.float64(9.885)}, '3-196_225_999_0_0_0': {'VS': 0.0, 'HS': 0.0, 'MMD': 0.0}}","{'1-196_': {'VS': 0.547, 'HS': np.float64(1.674), 'MMD': np.float64(3.735)}, '2-196_225_0': {'VS': 0.26, 'HS': np.float64(2.408), 'MMD': np.float64(10.871)}, '3-196_225_999_0_0_0': {'VS': 0.242, 'HS': np.float64(2.197), 'MMD': np.float64(17.365)}}",299,0.14,0.502,0.1,0,0,0,0,0,0,0,0,0,0,0,0,0,0,0,0,0,0,0,0,0
3-196_212_999_0_0_0,3,447,2.826,17.092,"{'1-196_': {'VS': 0.487, 'HS': np.float64(2.048), 'MMD': np.float64(3.557)}, '2-196_212_0': {'VS': 0.361, 'HS': np.float64(5.956), 'MMD': np.float64(12.15)}, '3-196_212_999_0_0_0': {'VS': 0.0, 'HS': 0.0, 'MMD': 0.0}}","{'1-196_': {'VS': 0.547, 'HS': np.float64(1.674), 'MMD': np.float64(3.735)}, '2-196_212_0': {'VS': 0.386, 'HS': np.float64(3.282), 'MMD': np.float64(11.571)}, '3-196_212_999_0_0_0': {'VS': 0.362, 'HS': np.float64(2.826), 'MMD': np.float64(17.092)}}",447,0.025,0.183,0.043,0,0,0,0,0,0,0,0,0,0,0,0,0,0,0,0,0,0,0,0,0
3-196_208_999_0_0_0,3,250,1.676,17.575,"{'1-196_': {'VS': 0.487, 'HS': np.float64(2.048), 'MMD': np.float64(3.557)}, '2-196_208_0': {'VS': 0.213, 'HS': np.float64(2.98), 'MMD': np.float64(15.973)}, '3-196_208_999_0_0_0': {'VS': 0.0, 'HS': 0.0, 'MMD': 0.0}}","{'1-196_': {'VS': 0.547, 'HS': np.float64(1.674), 'MMD': np.float64(3.735)}, '2-196_208_0': {'VS': 0.226, 'HS': np.float64(1.846), 'MMD': np.float64(13.262)}, '3-196_208_999_0_0_0': {'VS': 0.203, 'HS': np.float64(1.676), 'MMD': np.float64(17.575)}}",250,0.013,3.691,0.037,0,0,0,0,0,0,0,0,0,0,0,0,0,0,0,0,0,0,0,0,0
3-196_224_999_0_0_0,3,307,2.293,17.439,"{'1-196_': {'VS': 0.487, 'HS': np.float64(2.048), 'MMD': np.float64(3.557)}, '2-196_224_0': {'VS': 0.11, 'HS': np.float64(3.062), 'MMD': np.float64(13.106)}, '3-196_224_999_0_0_0': {'VS': 0.0, 'HS': 0.0, 'MMD': 0.0}}","{'1-196_': {'VS': 0.547, 'HS': np.float64(1.674), 'MMD': np.float64(3.735)}, '2-196_224_0': {'VS': 0.275, 'HS': np.float64(2.484), 'MMD': np.float64(13.142)}, '3-196_224_999_0_0_0': {'VS': 0.249, 'HS': np.float64(2.293), 'MMD': np.float64(17.439)}}",307,0.165,0.016,0.113,1,1,0,0,0,0,0,0,0,0,0,0,0,0,0,0,0,0,0,0,1
3-196_213_999_0_0_0,3,425,2.704,16.962,"{'1-196_': {'VS': 0.487, 'HS': np.float64(2.048), 'MMD': np.float64(3.557)}, '2-196_213_0': {'VS': 0.34, 'HS': np.float64(5.607), 'MMD': np.float64(12.341)}, '3-196_213_999_0_0_0': {'VS': 0.0, 'HS': 0.0, 'MMD': 0.0}}","{'1-196_': {'VS': 0.547, 'HS': np.float64(1.674), 'MMD': np.float64(3.735)}, '2-196_213_0': {'VS': 0.37, 'HS': np.float64(3.107), 'MMD': np.float64(11.472)}, '3-196_213_999_0_0_0': {'VS': 0.344, 'HS': np.float64(2.704), 'MMD': np.float64(16.962)}}",425,0.03,0.393,0.045,0,0,0,0,0,0,0,0,0,0,0,0,0,0,0,0,0,0,0,0,0
3-196_172_999_0_0_0,3,322,1.671,16.873,"{'1-196_': {'VS': 0.487, 'HS': np.float64(2.048), 'MMD': np.float64(3.557)}, '2-196_172_0': {'VS': 0.217, 'HS': np.float64(2.708), 'MMD': np.float64(12.639)}, '3-196_172_999_0_0_0': {'VS': 0.0, 'HS': 0.0, 'MMD': 0.0}}","{'1-196_': {'VS': 0.547, 'HS': np.float64(1.674), 'MMD': np.float64(3.735)}, '2-196_172_0': {'VS': 0.288, 'HS': np.float64(1.825), 'MMD': np.float64(12.538)}, '3-196_172_999_0_0_0': {'VS': 0.261, 'HS': np.float64(1.671), 'MMD': np.float64(16.873)}}",322,0.071,0.021,0.066,0,0,0,0,0,0,0,0,0,0,0,0,0,0,0,0,0,0,0,0,0
3-196_169_999_0_0_0,3,251,1.598,17.256,"{'1-196_': {'VS': 0.487, 'HS': np.float64(2.048), 'MMD': np.float64(3.557)}, '2-196_169_0': {'VS': 0.15, 'HS': np.float64(2.53), 'MMD': np.float64(13.154)}, '3-196_169_999_0_0_0': {'VS': 0.0, 'HS': 0.0, 'MMD': 0.0}}","{'1-196_': {'VS': 0.547, 'HS': np.float64(1.674), 'MMD': np.float64(3.735)}, '2-196_169_0': {'VS': 0.217, 'HS': np.float64(1.776), 'MMD': np.float64(12.839)}, '3-196_169_999_0_0_0': {'VS': 0.203, 'HS': np.float64(1.598), 'MMD': np.float64(17.256)}}",251,0.067,0.065,0.064,0,0,0,0,0,0,0,0,0,0,0,0,0,0,0,0,0,0,0,0,0
2-196_999_0,2,655,1.602,13.382,"{'1-196_': {'VS': 0.487, 'HS': np.float64(2.048), 'MMD': np.float64(3.557)}, '2-196_999_0': {'VS': 0.0, 'HS': 0.0, 'MMD': 0.0}}","{'1-196_': {'VS': 0.547, 'HS': np.float64(1.674), 'MMD': np.float64(3.735)}, '2-196_999_0': {'VS': 0.531, 'HS': np.float64(1.602), 'MMD': np.float64(13.382)}}",655,0.06,0.032,0.06,0,0,0,0,0,0,0,0,0,0,0,0,0,0,0,0,0,0,0,0,0
3-196_178_999_0_0_0,3,260,1.527,16.055,"{'1-196_': {'VS': 0.487, 'HS': np.float64(2.048), 'MMD': np.float64(3.557)}, '2-196_178_0': {'VS': 0.112, 'HS': np.float64(2.075), 'MMD': np.float64(12.815)}, '3-196_178_999_0_0_0': {'VS': 0.0, 'HS': 0.0, 'MMD': 0.0}}","{'1-196_': {'VS': 0.547, 'HS': np.float64(1.674), 'MMD': np.float64(3.735)}, '2-196_178_0': {'VS': 0.229, 'HS': np.float64(1.597), 'MMD': np.float64(12.812)}, '3-196_178_999_0_0_0': {'VS': 0.211, 'HS': np.float64(1.527), 'MMD': np.float64(16.055)}}",260,0.117,0.016,0.089,0,0,0,0,0,0,0,0,0,0,0,0,0,0,0,0,0,0,0,0,0
3-224_193_999_0_0_0,3,343,2.356,21.084,"{'1-224_': {'VS': 0.466, 'HS': np.float64(2.684), 'MMD': np.float64(5.275)}, '2-224_193_0': {'VS': 0.121, 'HS': np.float64(3.388), 'MMD': np.float64(16.463)}, '3-224_193_999_0_0_0': {'VS': 0.0, 'HS': 0.0, 'MMD': 0.0}}","{'1-224_': {'VS': 0.887, 'HS': np.float64(2.853), 'MMD': np.float64(8.946)}, '2-224_193_0': {'VS': 0.299, 'HS': np.float64(2.602), 'MMD': np.float64(16.917)}, '3-224_193_999_0_0_0': {'VS': 0.278, 'HS': np.float64(2.356), 'MMD': np.float64(21.084)}}",343,0.178,6.841,0.299,0,0,0,0,0,0,0,0,0,0,0,0,0,0,0,0,0,0,0,0,0
3-224_214_999_0_0_0,3,356,3.59,20.617,"{'1-224_': {'VS': 0.466, 'HS': np.float64(2.684), 'MMD': np.float64(5.275)}, '2-224_214_0': {'VS': 0.136, 'HS': np.float64(3.851), 'MMD': np.float64(17.218)}, '3-224_214_999_0_0_0': {'VS': 0.0, 'HS': 0.0, 'MMD': 0.0}}","{'1-224_': {'VS': 0.887, 'HS': np.float64(2.853), 'MMD': np.float64(8.946)}, '2-224_214_0': {'VS': 0.311, 'HS': np.float64(4.076), 'MMD': np.float64(17.153)}, '3-224_214_999_0_0_0': {'VS': 0.288, 'HS': np.float64(3.59), 'MMD': np.float64(20.617)}}",356,0.175,6.74,0.298,0,0,0,0,0,0,0,0,0,0,0,0,0,0,0,0,0,0,0,0,0
3-224_202_999_0_0_0,3,498,2.53,20.83,"{'1-224_': {'VS': 0.466, 'HS': np.float64(2.684), 'MMD': np.float64(5.275)}, '2-224_202_0': {'VS': 0.194, 'HS': np.float64(3.491), 'MMD': np.float64(14.553)}, '3-224_202_999_0_0_0': {'VS': 0.0, 'HS': 0.0, 'MMD': 0.0}}","{'1-224_': {'VS': 0.887, 'HS': np.float64(2.853), 'MMD': np.float64(8.946)}, '2-224_202_0': {'VS': 0.431, 'HS': np.float64(2.876), 'MMD': np.float64(15.958)}, '3-224_202_999_0_0_0': {'VS': 0.404, 'HS': np.float64(2.53), 'MMD': np.float64(20.83)}}",498,0.237,7.725,0.329,1,0,0,0,0,0,0,0,0,0,0,0,0,0,0,0,0,0,0,0,1
3-224_202_999_4_0_0,3,318,1.403,24.345,"{'1-224_': {'VS': 0.466, 'HS': np.float64(2.684), 'MMD': np.float64(5.275)}, '2-224_202_4': {'VS': 0.107, 'HS': np.float64(1.671), 'MMD': np.float64(14.985)}, '3-224_202_999_4_0_0': {'VS': 0.0, 'HS': 0.0, 'MMD': 0.0}}","{'1-224_': {'VS': 0.887, 'HS': np.float64(2.853), 'MMD': np.float64(8.946)}, '2-224_202_4': {'VS': 0.271, 'HS': np.float64(1.49), 'MMD': np.float64(18.49)}, '3-224_202_999_4_0_0': {'VS': 0.258, 'HS': np.float64(1.403), 'MMD': np.float64(24.345)}}",318,0.164,12.881,0.292,0,0,0,0,0,0,0,0,0,0,0,0,0,0,0,0,0,0,0,0,0
4-224_225_212_999_0_0_0_0_0_0,4,420,4.4,21.946,"{'1-224_': {'VS': 0.466, 'HS': np.float64(2.684), 'MMD': np.float64(5.275)}, '2-224_225_0': {'VS': 0.264, 'HS': np.float64(4.526), 'MMD': np.float64(10.977)}, '3-224_225_212_0_0_0': {'VS': 0.148, 'HS': np.float64(8.103), 'MMD': np.float64(16.0)}, '4-224_225_212_999_0_0_0_0_0_0': {'VS': 0.0, 'HS': 0.0, 'MMD': 0.0}}","{'1-224_': {'VS': 0.887, 'HS': np.float64(2.853), 'MMD': np.float64(8.946)}, '2-224_225_0': {'VS': 0.499, 'HS': np.float64(4.771), 'MMD': np.float64(13.581)}, '3-224_225_212_0_0_0': {'VS': 0.378, 'HS': np.float64(5.585), 'MMD': np.float64(18.383)}, '4-224_225_212_999_0_0_0_0_0_0': {'VS': 0.34, 'HS': np.float64(4.4), 'MMD': np.float64(21.946)}}",420,0.23,8.645,0.295,0,0,0,0,0,0,0,0,0,0,0,0,0,0,0,0,0,0,0,0,0
4-224_225_213_999_0_0_0_0_0_0,4,397,4.307,22.135,"{'1-224_': {'VS': 0.466, 'HS': np.float64(2.684), 'MMD': np.float64(5.275)}, '2-224_225_0': {'VS': 0.264, 'HS': np.float64(4.526), 'MMD': np.float64(10.977)}, '3-224_225_213_0_0_0': {'VS': 0.141, 'HS': np.float64(7.269), 'MMD': np.float64(16.284)}, '4-224_225_213_999_0_0_0_0_0_0': {'VS': 0.0, 'HS': 0.0, 'MMD': 0.0}}","{'1-224_': {'VS': 0.887, 'HS': np.float64(2.853), 'MMD': np.float64(8.946)}, '2-224_225_0': {'VS': 0.499, 'HS': np.float64(4.771), 'MMD': np.float64(13.581)}, '3-224_225_213_0_0_0': {'VS': 0.361, 'HS': np.float64(5.379), 'MMD': np.float64(18.538)}, '4-224_225_213_999_0_0_0_0_0_0': {'VS': 0.322, 'HS': np.float64(4.307), 'MMD': np.float64(22.135)}}",397,0.22,8.446,0.292,0,0,0,0,0,0,0,0,0,0,0,0,0,0,0,0,0,0,0,0,0
4-224_225_172_999_0_0_0_0_0_0,4,313,2.987,21.936,"{'1-224_': {'VS': 0.466, 'HS': np.float64(2.684), 'MMD': np.float64(5.275)}, '2-224_225_0': {'VS': 0.264, 'HS': np.float64(4.526), 'MMD': np.float64(10.977)}, '3-224_225_172_0_0_0': {'VS': 0.085, 'HS': np.float64(4.488), 'MMD': np.float64(18.539)}, '4-224_225_172_999_0_0_0_0_0_0': {'VS': 0.0, 'HS': 0.0, 'MMD': 0.0}}","{'1-224_': {'VS': 0.887, 'HS': np.float64(2.853), 'MMD': np.float64(8.946)}, '2-224_225_0': {'VS': 0.499, 'HS': np.float64(4.771), 'MMD': np.float64(13.581)}, '3-224_225_172_0_0_0': {'VS': 0.281, 'HS': np.float64(3.487), 'MMD': np.float64(18.988)}, '4-224_225_172_999_0_0_0_0_0_0': {'VS': 0.254, 'HS': np.float64(2.987), 'MMD': np.float64(21.936)}}",313,0.196,6.82,0.284,0,0,0,0,0,0,0,0,0,0,0,0,0,0,0,0,0,0,0,0,0
3-224_225_999_0_0_0,3,582,4.174,20.225,"{'1-224_': {'VS': 0.466, 'HS': np.float64(2.684), 'MMD': np.float64(5.275)}, '2-224_225_0': {'VS': 0.264, 'HS': np.float64(4.526), 'MMD': np.float64(10.977)}, '3-224_225_999_0_0_0': {'VS': 0.0, 'HS': 0.0, 'MMD': 0.0}}","{'1-224_': {'VS': 0.887, 'HS': np.float64(2.853), 'MMD': np.float64(8.946)}, '2-224_225_0': {'VS': 0.499, 'HS': np.float64(4.771), 'MMD': np.float64(13.581)}, '3-224_225_999_0_0_0': {'VS': 0.472, 'HS': np.float64(4.174), 'MMD': np.float64(20.225)}}",582,0.235,10.129,0.328,0,0,0,0,0,0,0,0,0,0,0,0,0,0,0,0,0,0,0,0,0
4-224_225_202_999_1_0_0_0_0_0,4,317,2.142,21.153,"{'1-224_': {'VS': 0.466, 'HS': np.float64(2.684), 'MMD': np.float64(5.275)}, '2-224_225_1': {'VS': 0.307, 'HS': np.float64(2.212), 'MMD': np.float64(5.948)}, '3-224_225_202_1_0_0': {'VS': 0.113, 'HS': np.float64(2.907), 'MMD': np.float64(16.295)}, '4-224_225_202_999_1_0_0_0_0_0': {'VS': 0.0, 'HS': 0.0, 'MMD': 0.0}}","{'1-224_': {'VS': 0.887, 'HS': np.float64(2.853), 'MMD': np.float64(8.946)}, '2-224_225_1': {'VS': 0.557, 'HS': np.float64(2.352), 'MMD': np.float64(7.904)}, '3-224_225_202_1_0_0': {'VS': 0.284, 'HS': np.float64(2.377), 'MMD': np.float64(16.772)}, '4-224_225_202_999_1_0_0_0_0_0': {'VS': 0.257, 'HS': np.float64(2.142), 'MMD': np.float64(21.153)}}",317,0.171,5.843,0.281,0,0,0,0,0,0,0,0,0,0,0,0,0,0,0,0,0,0,0,0,0
4-224_225_212_999_1_0_0_0_0_0,4,513,4.043,21.089,"{'1-224_': {'VS': 0.466, 'HS': np.float64(2.684), 'MMD': np.float64(5.275)}, '2-224_225_1': {'VS': 0.307, 'HS': np.float64(2.212), 'MMD': np.float64(5.948)}, '3-224_225_212_1_0_0': {'VS': 0.214, 'HS': np.float64(4.994), 'MMD': np.float64(13.228)}, '4-224_225_212_999_1_0_0_0_0_0': {'VS': 0.0, 'HS': 0.0, 'MMD': 0.0}}","{'1-224_': {'VS': 0.887, 'HS': np.float64(2.853), 'MMD': np.float64(8.946)}, '2-224_225_1': {'VS': 0.557, 'HS': np.float64(2.352), 'MMD': np.float64(7.904)}, '3-224_225_212_1_0_0': {'VS': 0.442, 'HS': np.float64(4.677), 'MMD': np.float64(15.979)}, '4-224_225_212_999_1_0_0_0_0_0': {'VS': 0.416, 'HS': np.float64(4.043), 'MMD': np.float64(21.089)}}",513,0.228,8.29,0.3,0,0,0,0,0,0,0,0,0,0,0,0,0,0,0,0,0,0,0,0,0
4-224_225_220_999_1_0_0_0_0_0,4,271,2.247,21.414,"{'1-224_': {'VS': 0.466, 'HS': np.float64(2.684), 'MMD': np.float64(5.275)}, '2-224_225_1': {'VS': 0.307, 'HS': np.float64(2.212), 'MMD': np.float64(5.948)}, '3-224_225_220_1_0_0': {'VS': 0.102, 'HS': np.float64(3.413), 'MMD': np.float64(16.147)}, '4-224_225_220_999_1_0_0_0_0_0': {'VS': 0.0, 'HS': 0.0, 'MMD': 0.0}}","{'1-224_': {'VS': 0.887, 'HS': np.float64(2.853), 'MMD': np.float64(8.946)}, '2-224_225_1': {'VS': 0.557, 'HS': np.float64(2.352), 'MMD': np.float64(7.904)}, '3-224_225_220_1_0_0': {'VS': 0.245, 'HS': np.float64(2.51), 'MMD': np.float64(16.853)}, '4-224_225_220_999_1_0_0_0_0_0': {'VS': 0.22, 'HS': np.float64(2.247), 'MMD': np.float64(21.414)}}",271,0.143,5.934,0.271,0,0,0,0,0,0,0,0,0,0,0,0,0,0,0,0,0,0,0,0,0
4-224_225_208_999_1_0_0_0_0_0,4,279,2.158,21.047,"{'1-224_': {'VS': 0.466, 'HS': np.float64(2.684), 'MMD': np.float64(5.275)}, '2-224_225_1': {'VS': 0.307, 'HS': np.float64(2.212), 'MMD': np.float64(5.948)}, '3-224_225_208_1_0_0': {'VS': 0.103, 'HS': np.float64(2.819), 'MMD': np.float64(16.101)}, '4-224_225_208_999_1_0_0_0_0_0': {'VS': 0.0, 'HS': 0.0, 'MMD': 0.0}}","{'1-224_': {'VS': 0.887, 'HS': np.float64(2.853), 'MMD': np.float64(8.946)}, '2-224_225_1': {'VS': 0.557, 'HS': np.float64(2.352), 'MMD': np.float64(7.904)}, '3-224_225_208_1_0_0': {'VS': 0.25, 'HS': np.float64(2.359), 'MMD': np.float64(16.775)}, '4-224_225_208_999_1_0_0_0_0_0': {'VS': 0.226, 'HS': np.float64(2.158), 'MMD': np.float64(21.047)}}",279,0.147,5.919,0.273,0,0,0,0,0,0,0,0,0,0,0,0,0,0,0,0,0,0,0,0,0
4-224_225_213_999_1_0_0_0_0_0,4,498,3.89,21.228,"{'1-224_': {'VS': 0.466, 'HS': np.float64(2.684), 'MMD': np.float64(5.275)}, '2-224_225_1': {'VS': 0.307, 'HS': np.float64(2.212), 'MMD': np.float64(5.948)}, '3-224_225_213_1_0_0': {'VS': 0.202, 'HS': np.float64(4.606), 'MMD': np.float64(13.061)}, '4-224_225_213_999_1_0_0_0_0_0': {'VS': 0.0, 'HS': 0.0, 'MMD': 0.0}}","{'1-224_': {'VS': 0.887, 'HS': np.float64(2.853), 'MMD': np.float64(8.946)}, '2-224_225_1': {'VS': 0.557, 'HS': np.float64(2.352), 'MMD': np.float64(7.904)}, '3-224_225_213_1_0_0': {'VS': 0.432, 'HS': np.float64(4.441), 'MMD': np.float64(15.891)}, '4-224_225_213_999_1_0_0_0_0_0': {'VS': 0.404, 'HS': np.float64(3.89), 'MMD': np.float64(21.228)}}",498,0.23,8.437,0.3,0,0,0,0,0,0,0,0,0,0,0,0,0,0,0,0,0,0,0,0,0
4-224_225_172_999_1_0_0_0_0_0,4,380,2.276,20.731,"{'1-224_': {'VS': 0.466, 'HS': np.float64(2.684), 'MMD': np.float64(5.275)}, '2-224_225_1': {'VS': 0.307, 'HS': np.float64(2.212), 'MMD': np.float64(5.948)}, '3-224_225_172_1_0_0': {'VS': 0.122, 'HS': np.float64(2.792), 'MMD': np.float64(14.643)}, '4-224_225_172_999_1_0_0_0_0_0': {'VS': 0.0, 'HS': 0.0, 'MMD': 0.0}}","{'1-224_': {'VS': 0.887, 'HS': np.float64(2.853), 'MMD': np.float64(8.946)}, '2-224_225_1': {'VS': 0.557, 'HS': np.float64(2.352), 'MMD': np.float64(7.904)}, '3-224_225_172_1_0_0': {'VS': 0.332, 'HS': np.float64(2.498), 'MMD': np.float64(16.714)}, '4-224_225_172_999_1_0_0_0_0_0': {'VS': 0.308, 'HS': np.float64(2.276), 'MMD': np.float64(20.731)}}",380,0.21,7.197,0.294,0,0,0,0,0,0,0,0,0,0,0,0,0,0,0,0,0,0,0,0,0
4-224_225_199_999_1_0_0_0_0_0,4,284,2.148,20.961,"{'1-224_': {'VS': 0.466, 'HS': np.float64(2.684), 'MMD': np.float64(5.275)}, '2-224_225_1': {'VS': 0.307, 'HS': np.float64(2.212), 'MMD': np.float64(5.948)}, '3-224_225_199_1_0_0': {'VS': 0.099, 'HS': np.float64(2.923), 'MMD': np.float64(17.323)}, '4-224_225_199_999_1_0_0_0_0_0': {'VS': 0.0, 'HS': 0.0, 'MMD': 0.0}}","{'1-224_': {'VS': 0.887, 'HS': np.float64(2.853), 'MMD': np.float64(8.946)}, '2-224_225_1': {'VS': 0.557, 'HS': np.float64(2.352), 'MMD': np.float64(7.904)}, '3-224_225_199_1_0_0': {'VS': 0.253, 'HS': np.float64(2.436), 'MMD': np.float64(16.808)}, '4-224_225_199_999_1_0_0_0_0_0': {'VS': 0.23, 'HS': np.float64(2.148), 'MMD': np.float64(20.961)}}",284,0.154,5.856,0.275,0,0,0,0,0,0,0,0,0,0,0,0,0,0,0,0,0,0,0,0,0
4-224_225_169_999_1_0_0_0_0_0,4,258,2.174,21.131,"{'1-224_': {'VS': 0.466, 'HS': np.float64(2.684), 'MMD': np.float64(5.275)}, '2-224_225_1': {'VS': 0.307, 'HS': np.float64(2.212), 'MMD': np.float64(5.948)}, '3-224_225_169_1_0_0': {'VS': 0.08, 'HS': np.float64(2.54), 'MMD': np.float64(14.647)}, '4-224_225_169_999_1_0_0_0_0_0': {'VS': 0.0, 'HS': 0.0, 'MMD': 0.0}}","{'1-224_': {'VS': 0.887, 'HS': np.float64(2.853), 'MMD': np.float64(8.946)}, '2-224_225_1': {'VS': 0.557, 'HS': np.float64(2.352), 'MMD': np.float64(7.904)}, '3-224_225_169_1_0_0': {'VS': 0.232, 'HS': np.float64(2.378), 'MMD': np.float64(17.213)}, '4-224_225_169_999_1_0_0_0_0_0': {'VS': 0.209, 'HS': np.float64(2.174), 'MMD': np.float64(21.131)}}",258,0.152,7.962,0.274,0,0,0,0,0,0,0,0,0,0,0,0,0,0,0,0,0,0,0,0,0
3-224_225_999_1_0_0,3,667,2.208,18.181,"{'1-224_': {'VS': 0.466, 'HS': np.float64(2.684), 'MMD': np.float64(5.275)}, '2-224_225_1': {'VS': 0.307, 'HS': np.float64(2.212), 'MMD': np.float64(5.948)}, '3-224_225_999_1_0_0': {'VS': 0.0, 'HS': 0.0, 'MMD': 0.0}}","{'1-224_': {'VS': 0.887, 'HS': np.float64(2.853), 'MMD': np.float64(8.946)}, '2-224_225_1': {'VS': 0.557, 'HS': np.float64(2.352), 'MMD': np.float64(7.904)}, '3-224_225_999_1_0_0': {'VS': 0.541, 'HS': np.float64(2.208), 'MMD': np.float64(18.181)}}",667,0.25,8.651,0.336,0,0,0,0,0,0,0,0,0,0,0,0,0,0,0,0,0,0,0,0,0
4-224_225_178_999_1_0_0_0_0_0,4,295,2.044,20.268,"{'1-224_': {'VS': 0.466, 'HS': np.float64(2.684), 'MMD': np.float64(5.275)}, '2-224_225_1': {'VS': 0.307, 'HS': np.float64(2.212), 'MMD': np.float64(5.948)}, '3-224_225_178_1_0_0': {'VS': 0.062, 'HS': np.float64(2.313), 'MMD': np.float64(16.226)}, '4-224_225_178_999_1_0_0_0_0_0': {'VS': 0.0, 'HS': 0.0, 'MMD': 0.0}}","{'1-224_': {'VS': 0.887, 'HS': np.float64(2.853), 'MMD': np.float64(8.946)}, '2-224_225_1': {'VS': 0.557, 'HS': np.float64(2.352), 'MMD': np.float64(7.904)}, '3-224_225_178_1_0_0': {'VS': 0.256, 'HS': np.float64(2.165), 'MMD': np.float64(17.034)}, '4-224_225_178_999_1_0_0_0_0_0': {'VS': 0.239, 'HS': np.float64(2.044), 'MMD': np.float64(20.268)}}",295,0.194,5.985,0.288,0,0,0,0,0,0,0,0,0,0,0,0,0,0,0,0,0,0,0,0,0
4-224_212_202_999_0_0_0_0_0_0,4,299,2.9,22.659,"{'1-224_': {'VS': 0.466, 'HS': np.float64(2.684), 'MMD': np.float64(5.275)}, '2-224_212_0': {'VS': 0.338, 'HS': np.float64(5.882), 'MMD': np.float64(12.0)}, '3-224_212_202_0_0_0': {'VS': 0.118, 'HS': np.float64(5.748), 'MMD': np.float64(20.647)}, '4-224_212_202_999_0_0_0_0_0_0': {'VS': 0.0, 'HS': 0.0, 'MMD': 0.0}}","{'1-224_': {'VS': 0.887, 'HS': np.float64(2.853), 'MMD': np.float64(8.946)}, '2-224_212_0': {'VS': 0.646, 'HS': np.float64(5.626), 'MMD': np.float64(15.052)}, '3-224_212_202_0_0_0': {'VS': 0.286, 'HS': np.float64(3.448), 'MMD': np.float64(19.308)}, '4-224_212_202_999_0_0_0_0_0_0': {'VS': 0.242, 'HS': np.float64(2.9), 'MMD': np.float64(22.659)}}",299,0.168,8.195,0.299,0,0,0,0,0,0,0,0,0,0,0,0,0,0,0,0,0,0,0,0,0
4-224_212_220_999_0_0_0_0_0_0,4,258,3.368,22.525,"{'1-224_': {'VS': 0.466, 'HS': np.float64(2.684), 'MMD': np.float64(5.275)}, '2-224_212_0': {'VS': 0.338, 'HS': np.float64(5.882), 'MMD': np.float64(12.0)}, '3-224_212_220_0_0_0': {'VS': 0.099, 'HS': np.float64(6.662), 'MMD': np.float64(19.457)}, '4-224_212_220_999_0_0_0_0_0_0': {'VS': 0.0, 'HS': 0.0, 'MMD': 0.0}}","{'1-224_': {'VS': 0.887, 'HS': np.float64(2.853), 'MMD': np.float64(8.946)}, '2-224_212_0': {'VS': 0.646, 'HS': np.float64(5.626), 'MMD': np.float64(15.052)}, '3-224_212_220_0_0_0': {'VS': 0.242, 'HS': np.float64(4.057), 'MMD': np.float64(19.344)}, '4-224_212_220_999_0_0_0_0_0_0': {'VS': 0.209, 'HS': np.float64(3.368), 'MMD': np.float64(22.525)}}",258,0.143,7.601,0.291,0,0,0,0,0,0,0,0,0,0,0,0,0,0,0,0,0,0,0,0,0
4-224_212_208_999_0_0_0_0_0_0,4,284,2.856,22.533,"{'1-224_': {'VS': 0.466, 'HS': np.float64(2.684), 'MMD': np.float64(5.275)}, '2-224_212_0': {'VS': 0.338, 'HS': np.float64(5.882), 'MMD': np.float64(12.0)}, '3-224_212_208_0_0_0': {'VS': 0.101, 'HS': np.float64(5.646), 'MMD': np.float64(20.202)}, '4-224_212_208_999_0_0_0_0_0_0': {'VS': 0.0, 'HS': 0.0, 'MMD': 0.0}}","{'1-224_': {'VS': 0.887, 'HS': np.float64(2.853), 'MMD': np.float64(8.946)}, '2-224_212_0': {'VS': 0.646, 'HS': np.float64(5.626), 'MMD': np.float64(15.052)}, '3-224_212_208_0_0_0': {'VS': 0.263, 'HS': np.float64(3.565), 'MMD': np.float64(19.163)}, '4-224_212_208_999_0_0_0_0_0_0': {'VS': 0.23, 'HS': np.float64(2.856), 'MMD': np.float64(22.533)}}",284,0.162,7.957,0.297,0,0,0,0,0,0,0,0,0,0,0,0,0,0,0,0,0,0,0,0,0
4-224_212_172_999_0_0_0_0_0_0,4,390,3.477,22.279,"{'1-224_': {'VS': 0.466, 'HS': np.float64(2.684), 'MMD': np.float64(5.275)}, '2-224_212_0': {'VS': 0.338, 'HS': np.float64(5.882), 'MMD': np.float64(12.0)}, '3-224_212_172_0_0_0': {'VS': 0.125, 'HS': np.float64(5.675), 'MMD': np.float64(18.612)}, '4-224_212_172_999_0_0_0_0_0_0': {'VS': 0.0, 'HS': 0.0, 'MMD': 0.0}}","{'1-224_': {'VS': 0.887, 'HS': np.float64(2.853), 'MMD': np.float64(8.946)}, '2-224_212_0': {'VS': 0.646, 'HS': np.float64(5.626), 'MMD': np.float64(15.052)}, '3-224_212_172_0_0_0': {'VS': 0.355, 'HS': np.float64(4.087), 'MMD': np.float64(19.446)}, '4-224_212_172_999_0_0_0_0_0_0': {'VS': 0.316, 'HS': np.float64(3.477), 'MMD': np.float64(22.279)}}",390,0.23,7.829,0.32,0,0,0,0,0,0,0,0,0,0,0,0,0,0,0,0,0,0,0,0,0
4-224_212_199_999_0_0_0_0_0_0,4,269,3.078,22.413,"{'1-224_': {'VS': 0.466, 'HS': np.float64(2.684), 'MMD': np.float64(5.275)}, '2-224_212_0': {'VS': 0.338, 'HS': np.float64(5.882), 'MMD': np.float64(12.0)}, '3-224_212_199_0_0_0': {'VS': 0.104, 'HS': np.float64(5.804), 'MMD': np.float64(21.529)}, '4-224_212_199_999_0_0_0_0_0_0': {'VS': 0.0, 'HS': 0.0, 'MMD': 0.0}}","{'1-224_': {'VS': 0.887, 'HS': np.float64(2.853), 'MMD': np.float64(8.946)}, '2-224_212_0': {'VS': 0.646, 'HS': np.float64(5.626), 'MMD': np.float64(15.052)}, '3-224_212_199_0_0_0': {'VS': 0.25, 'HS': np.float64(3.706), 'MMD': np.float64(19.184)}, '4-224_212_199_999_0_0_0_0_0_0': {'VS': 0.218, 'HS': np.float64(3.078), 'MMD': np.float64(22.413)}}",269,0.146,9.43,0.292,0,0,0,0,0,0,0,0,0,0,0,0,0,0,0,0,0,0,0,0,0
4-224_212_169_999_0_0_0_0_0_0,4,262,3.305,22.436,"{'1-224_': {'VS': 0.466, 'HS': np.float64(2.684), 'MMD': np.float64(5.275)}, '2-224_212_0': {'VS': 0.338, 'HS': np.float64(5.882), 'MMD': np.float64(12.0)}, '3-224_212_169_0_0_0': {'VS': 0.075, 'HS': np.float64(5.034), 'MMD': np.float64(19.352)}, '4-224_212_169_999_0_0_0_0_0_0': {'VS': 0.0, 'HS': 0.0, 'MMD': 0.0}}","{'1-224_': {'VS': 0.887, 'HS': np.float64(2.853), 'MMD': np.float64(8.946)}, '2-224_212_0': {'VS': 0.646, 'HS': np.float64(5.626), 'MMD': np.float64(15.052)}, '3-224_212_169_0_0_0': {'VS': 0.242, 'HS': np.float64(3.906), 'MMD': np.float64(19.555)}, '4-224_212_169_999_0_0_0_0_0_0': {'VS': 0.212, 'HS': np.float64(3.305), 'MMD': np.float64(22.436)}}",262,0.167,7.611,0.299,0,0,0,0,0,0,0,0,0,0,0,0,0,0,0,0,0,0,0,0,0
3-224_212_999_0_0_0,3,763,4.831,20.732,"{'1-224_': {'VS': 0.466, 'HS': np.float64(2.684), 'MMD': np.float64(5.275)}, '2-224_212_0': {'VS': 0.338, 'HS': np.float64(5.882), 'MMD': np.float64(12.0)}, '3-224_212_999_0_0_0': {'VS': 0.0, 'HS': 0.0, 'MMD': 0.0}}","{'1-224_': {'VS': 0.887, 'HS': np.float64(2.853), 'MMD': np.float64(8.946)}, '2-224_212_0': {'VS': 0.646, 'HS': np.float64(5.626), 'MMD': np.float64(15.052)}, '3-224_212_999_0_0_0': {'VS': 0.618, 'HS': np.float64(4.831), 'MMD': np.float64(20.732)}}",763,0.308,11.395,0.364,0,0,0,0,1,0,0,0,0,0,0,0,0,0,0,0,0,0,0,0,1
4-224_212_178_999_0_0_0_0_0_0,4,317,3.252,22.084,"{'1-224_': {'VS': 0.466, 'HS': np.float64(2.684), 'MMD': np.float64(5.275)}, '2-224_212_0': {'VS': 0.338, 'HS': np.float64(5.882), 'MMD': np.float64(12.0)}, '3-224_212_178_0_0_0': {'VS': 0.067, 'HS': np.float64(4.516), 'MMD': np.float64(19.954)}, '4-224_212_178_999_0_0_0_0_0_0': {'VS': 0.0, 'HS': 0.0, 'MMD': 0.0}}","{'1-224_': {'VS': 0.887, 'HS': np.float64(2.853), 'MMD': np.float64(8.946)}, '2-224_212_0': {'VS': 0.646, 'HS': np.float64(5.626), 'MMD': np.float64(15.052)}, '3-224_212_178_0_0_0': {'VS': 0.284, 'HS': np.float64(3.8), 'MMD': np.float64(19.501)}, '4-224_212_178_999_0_0_0_0_0_0': {'VS': 0.257, 'HS': np.float64(3.252), 'MMD': np.float64(22.084)}}",317,0.217,7.665,0.315,0,0,0,0,0,0,0,0,0,0,0,0,0,0,0,0,0,0,0,0,0
3-224_212_999_1_0_0,3,317,1.293,16.58,"{'1-224_': {'VS': 0.466, 'HS': np.float64(2.684), 'MMD': np.float64(5.275)}, '2-224_212_1': {'VS': 0.142, 'HS': np.float64(1.361), 'MMD': np.float64(6.09)}, '3-224_212_999_1_0_0': {'VS': 0.0, 'HS': 0.0, 'MMD': 0.0}}","{'1-224_': {'VS': 0.887, 'HS': np.float64(2.853), 'MMD': np.float64(8.946)}, '2-224_212_1': {'VS': 0.278, 'HS': np.float64(1.321), 'MMD': np.float64(7.465)}, '3-224_212_999_1_0_0': {'VS': 0.257, 'HS': np.float64(1.293), 'MMD': np.float64(16.58)}}",317,0.136,7.683,0.279,0,0,0,0,0,0,0,0,0,0,0,0,0,0,0,0,0,0,0,0,0
3-224_212_999_3_0_0,3,370,1.141,19.307,"{'1-224_': {'VS': 0.466, 'HS': np.float64(2.684), 'MMD': np.float64(5.275)}, '2-224_212_3': {'VS': 0.118, 'HS': np.float64(1.161), 'MMD': np.float64(7.806)}, '3-224_212_999_3_0_0': {'VS': 0.0, 'HS': 0.0, 'MMD': 0.0}}","{'1-224_': {'VS': 0.887, 'HS': np.float64(2.853), 'MMD': np.float64(8.946)}, '2-224_212_3': {'VS': 0.306, 'HS': np.float64(1.159), 'MMD': np.float64(12.176)}, '3-224_212_999_3_0_0': {'VS': 0.3, 'HS': np.float64(1.141), 'MMD': np.float64(19.307)}}",370,0.188,16.287,0.304,0,0,0,0,0,0,0,0,0,0,0,0,0,0,0,0,0,0,0,0,0
3-224_212_999_4_0_0,3,593,2.447,22.664,"{'1-224_': {'VS': 0.466, 'HS': np.float64(2.684), 'MMD': np.float64(5.275)}, '2-224_212_4': {'VS': 0.18, 'HS': np.float64(3.016), 'MMD': np.float64(12.952)}, '3-224_212_999_4_0_0': {'VS': 0.0, 'HS': 0.0, 'MMD': 0.0}}","{'1-224_': {'VS': 0.887, 'HS': np.float64(2.853), 'MMD': np.float64(8.946)}, '2-224_212_4': {'VS': 0.494, 'HS': np.float64(2.616), 'MMD': np.float64(15.852)}, '3-224_212_999_4_0_0': {'VS': 0.481, 'HS': np.float64(2.447), 'MMD': np.float64(22.664)}}",593,0.314,10.943,0.367,0,0,0,0,0,0,0,0,0,0,0,0,0,0,0,0,0,0,0,0,0
3-224_220_999_0_0_0,3,416,2.75,21.048,"{'1-224_': {'VS': 0.466, 'HS': np.float64(2.684), 'MMD': np.float64(5.275)}, '2-224_220_0': {'VS': 0.165, 'HS': np.float64(3.879), 'MMD': np.float64(14.695)}, '3-224_220_999_0_0_0': {'VS': 0.0, 'HS': 0.0, 'MMD': 0.0}}","{'1-224_': {'VS': 0.887, 'HS': np.float64(2.853), 'MMD': np.float64(8.946)}, '2-224_220_0': {'VS': 0.37, 'HS': np.float64(3.059), 'MMD': np.float64(16.153)}, '3-224_220_999_0_0_0': {'VS': 0.337, 'HS': np.float64(2.75), 'MMD': np.float64(21.048)}}",416,0.205,7.801,0.313,0,0,0,0,0,0,0,0,0,0,0,0,0,0,0,0,0,0,0,0,0
3-224_220_999_4_0_0,3,270,1.633,24.03,"{'1-224_': {'VS': 0.466, 'HS': np.float64(2.684), 'MMD': np.float64(5.275)}, '2-224_220_4': {'VS': 0.083, 'HS': np.float64(1.908), 'MMD': np.float64(15.405)}, '3-224_220_999_4_0_0': {'VS': 0.0, 'HS': 0.0, 'MMD': 0.0}}","{'1-224_': {'VS': 0.887, 'HS': np.float64(2.853), 'MMD': np.float64(8.946)}, '2-224_220_4': {'VS': 0.232, 'HS': np.float64(1.696), 'MMD': np.float64(17.639)}, '3-224_220_999_4_0_0': {'VS': 0.219, 'HS': np.float64(1.633), 'MMD': np.float64(24.03)}}",270,0.149,9.233,0.285,1,0,0,0,0,0,0,0,0,0,0,0,0,0,0,0,0,0,0,0,1
3-224_208_999_0_0_0,3,443,2.569,20.588,"{'1-224_': {'VS': 0.466, 'HS': np.float64(2.684), 'MMD': np.float64(5.275)}, '2-224_208_0': {'VS': 0.175, 'HS': np.float64(3.259), 'MMD': np.float64(14.644)}, '3-224_208_999_0_0_0': {'VS': 0.0, 'HS': 0.0, 'MMD': 0.0}}","{'1-224_': {'VS': 0.887, 'HS': np.float64(2.853), 'MMD': np.float64(8.946)}, '2-224_208_0': {'VS': 0.39, 'HS': np.float64(2.859), 'MMD': np.float64(15.754)}, '3-224_208_999_0_0_0': {'VS': 0.359, 'HS': np.float64(2.569), 'MMD': np.float64(20.588)}}",443,0.215,7.354,0.318,0,0,0,0,0,0,0,0,0,0,0,0,0,0,0,0,0,0,0,0,0
3-224_208_999_4_0_0,3,291,1.405,24.6,"{'1-224_': {'VS': 0.466, 'HS': np.float64(2.684), 'MMD': np.float64(5.275)}, '2-224_208_4': {'VS': 0.082, 'HS': np.float64(1.758), 'MMD': np.float64(16.822)}, '3-224_208_999_4_0_0': {'VS': 0.0, 'HS': 0.0, 'MMD': 0.0}}","{'1-224_': {'VS': 0.887, 'HS': np.float64(2.853), 'MMD': np.float64(8.946)}, '2-224_208_4': {'VS': 0.25, 'HS': np.float64(1.476), 'MMD': np.float64(18.5)}, '3-224_208_999_4_0_0': {'VS': 0.236, 'HS': np.float64(1.405), 'MMD': np.float64(24.6)}}",291,0.168,8.146,0.294,0,0,0,0,0,0,0,0,0,0,0,0,0,0,0,0,0,0,0,0,0
3-224_196_999_0_0_0,3,341,2.504,20.835,"{'1-224_': {'VS': 0.466, 'HS': np.float64(2.684), 'MMD': np.float64(5.275)}, '2-224_196_0': {'VS': 0.141, 'HS': np.float64(2.805), 'MMD': np.float64(13.681)}, '3-224_196_999_0_0_0': {'VS': 0.0, 'HS': 0.0, 'MMD': 0.0}}","{'1-224_': {'VS': 0.887, 'HS': np.float64(2.853), 'MMD': np.float64(8.946)}, '2-224_196_0': {'VS': 0.301, 'HS': np.float64(2.725), 'MMD': np.float64(15.091)}, '3-224_196_999_0_0_0': {'VS': 0.276, 'HS': np.float64(2.504), 'MMD': np.float64(20.835)}}",341,0.16,7.732,0.29,0,0,0,0,0,0,0,0,0,0,0,0,0,0,0,0,0,0,0,0,0
4-224_213_202_999_0_0_0_0_0_0,4,268,2.825,22.964,"{'1-224_': {'VS': 0.466, 'HS': np.float64(2.684), 'MMD': np.float64(5.275)}, '2-224_213_0': {'VS': 0.319, 'HS': np.float64(5.282), 'MMD': np.float64(12.14)}, '3-224_213_202_0_0_0': {'VS': 0.104, 'HS': np.float64(5.313), 'MMD': np.float64(20.57)}, '4-224_213_202_999_0_0_0_0_0_0': {'VS': 0.0, 'HS': 0.0, 'MMD': 0.0}}","{'1-224_': {'VS': 0.887, 'HS': np.float64(2.853), 'MMD': np.float64(8.946)}, '2-224_213_0': {'VS': 0.616, 'HS': np.float64(5.355), 'MMD': np.float64(15.086)}, '3-224_213_202_0_0_0': {'VS': 0.259, 'HS': np.float64(3.334), 'MMD': np.float64(19.485)}, '4-224_213_202_999_0_0_0_0_0_0': {'VS': 0.217, 'HS': np.float64(2.825), 'MMD': np.float64(22.964)}}",268,0.155,7.777,0.291,0,0,0,0,0,0,0,0,0,0,0,0,0,0,0,0,0,0,0,0,0
4-224_213_220_999_0_0_0_0_0_0,4,247,3.308,22.385,"{'1-224_': {'VS': 0.466, 'HS': np.float64(2.684), 'MMD': np.float64(5.275)}, '2-224_213_0': {'VS': 0.319, 'HS': np.float64(5.282), 'MMD': np.float64(12.14)}, '3-224_213_220_0_0_0': {'VS': 0.091, 'HS': np.float64(5.949), 'MMD': np.float64(19.408)}, '4-224_213_220_999_0_0_0_0_0_0': {'VS': 0.0, 'HS': 0.0, 'MMD': 0.0}}","{'1-224_': {'VS': 0.887, 'HS': np.float64(2.853), 'MMD': np.float64(8.946)}, '2-224_213_0': {'VS': 0.616, 'HS': np.float64(5.355), 'MMD': np.float64(15.086)}, '3-224_213_220_0_0_0': {'VS': 0.229, 'HS': np.float64(4.018), 'MMD': np.float64(19.354)}, '4-224_213_220_999_0_0_0_0_0_0': {'VS': 0.2, 'HS': np.float64(3.308), 'MMD': np.float64(22.385)}}",247,0.138,7.386,0.285,0,0,0,0,0,0,0,0,0,0,0,0,0,0,0,0,0,0,0,0,0
4-224_213_208_999_0_0_0_0_0_0,4,254,3.028,22.595,"{'1-224_': {'VS': 0.466, 'HS': np.float64(2.684), 'MMD': np.float64(5.275)}, '2-224_213_0': {'VS': 0.319, 'HS': np.float64(5.282), 'MMD': np.float64(12.14)}, '3-224_213_208_0_0_0': {'VS': 0.088, 'HS': np.float64(5.606), 'MMD': np.float64(20.283)}, '4-224_213_208_999_0_0_0_0_0_0': {'VS': 0.0, 'HS': 0.0, 'MMD': 0.0}}","{'1-224_': {'VS': 0.887, 'HS': np.float64(2.853), 'MMD': np.float64(8.946)}, '2-224_213_0': {'VS': 0.616, 'HS': np.float64(5.355), 'MMD': np.float64(15.086)}, '3-224_213_208_0_0_0': {'VS': 0.241, 'HS': np.float64(3.67), 'MMD': np.float64(19.392)}, '4-224_213_208_999_0_0_0_0_0_0': {'VS': 0.206, 'HS': np.float64(3.028), 'MMD': np.float64(22.595)}}",254,0.153,7.65,0.29,1,0,0,0,0,0,0,0,0,0,0,0,0,0,0,0,0,0,0,0,1
4-224_213_172_999_0_0_0_0_0_0,4,365,3.504,22.018,"{'1-224_': {'VS': 0.466, 'HS': np.float64(2.684), 'MMD': np.float64(5.275)}, '2-224_213_0': {'VS': 0.319, 'HS': np.float64(5.282), 'MMD': np.float64(12.14)}, '3-224_213_172_0_0_0': {'VS': 0.112, 'HS': np.float64(4.962), 'MMD': np.float64(18.957)}, '4-224_213_172_999_0_0_0_0_0_0': {'VS': 0.0, 'HS': 0.0, 'MMD': 0.0}}","{'1-224_': {'VS': 0.887, 'HS': np.float64(2.853), 'MMD': np.float64(8.946)}, '2-224_213_0': {'VS': 0.616, 'HS': np.float64(5.355), 'MMD': np.float64(15.086)}, '3-224_213_172_0_0_0': {'VS': 0.328, 'HS': np.float64(4.153), 'MMD': np.float64(19.246)}, '4-224_213_172_999_0_0_0_0_0_0': {'VS': 0.296, 'HS': np.float64(3.504), 'MMD': np.float64(22.018)}}",365,0.216,7.413,0.311,0,0,0,0,0,0,0,0,0,0,0,0,0,0,0,0,0,0,0,0,0
4-224_213_169_999_0_0_0_0_0_0,4,248,3.266,22.31,"{'1-224_': {'VS': 0.466, 'HS': np.float64(2.684), 'MMD': np.float64(5.275)}, '2-224_213_0': {'VS': 0.319, 'HS': np.float64(5.282), 'MMD': np.float64(12.14)}, '3-224_213_169_0_0_0': {'VS': 0.066, 'HS': np.float64(4.739), 'MMD': np.float64(18.506)}, '4-224_213_169_999_0_0_0_0_0_0': {'VS': 0.0, 'HS': 0.0, 'MMD': 0.0}}","{'1-224_': {'VS': 0.887, 'HS': np.float64(2.853), 'MMD': np.float64(8.946)}, '2-224_213_0': {'VS': 0.616, 'HS': np.float64(5.355), 'MMD': np.float64(15.086)}, '3-224_213_169_0_0_0': {'VS': 0.229, 'HS': np.float64(3.908), 'MMD': np.float64(19.388)}, '4-224_213_169_999_0_0_0_0_0_0': {'VS': 0.201, 'HS': np.float64(3.266), 'MMD': np.float64(22.31)}}",248,0.163,7.644,0.294,0,0,0,0,0,0,0,0,0,0,0,0,0,0,0,0,0,0,0,0,0
3-224_213_999_0_0_0,3,726,4.609,20.949,"{'1-224_': {'VS': 0.466, 'HS': np.float64(2.684), 'MMD': np.float64(5.275)}, '2-224_213_0': {'VS': 0.319, 'HS': np.float64(5.282), 'MMD': np.float64(12.14)}, '3-224_213_999_0_0_0': {'VS': 0.0, 'HS': 0.0, 'MMD': 0.0}}","{'1-224_': {'VS': 0.887, 'HS': np.float64(2.853), 'MMD': np.float64(8.946)}, '2-224_213_0': {'VS': 0.616, 'HS': np.float64(5.355), 'MMD': np.float64(15.086)}, '3-224_213_999_0_0_0': {'VS': 0.588, 'HS': np.float64(4.609), 'MMD': np.float64(20.949)}}",726,0.297,11.078,0.359,0,0,0,0,1,0,0,0,0,0,0,0,0,0,0,0,0,0,0,0,1
4-224_213_178_999_0_0_0_0_0_0,4,300,3.243,22.212,"{'1-224_': {'VS': 0.466, 'HS': np.float64(2.684), 'MMD': np.float64(5.275)}, '2-224_213_0': {'VS': 0.319, 'HS': np.float64(5.282), 'MMD': np.float64(12.14)}, '3-224_213_178_0_0_0': {'VS': 0.056, 'HS': np.float64(4.015), 'MMD': np.float64(20.121)}, '4-224_213_178_999_0_0_0_0_0_0': {'VS': 0.0, 'HS': 0.0, 'MMD': 0.0}}","{'1-224_': {'VS': 0.887, 'HS': np.float64(2.853), 'MMD': np.float64(8.946)}, '2-224_213_0': {'VS': 0.616, 'HS': np.float64(5.355), 'MMD': np.float64(15.086)}, '3-224_213_178_0_0_0': {'VS': 0.264, 'HS': np.float64(3.84), 'MMD': np.float64(19.643)}, '4-224_213_178_999_0_0_0_0_0_0': {'VS': 0.243, 'HS': np.float64(3.243), 'MMD': np.float64(22.212)}}",300,0.208,7.461,0.309,0,0,0,0,0,0,0,0,0,0,0,0,0,0,0,0,0,0,0,0,0
3-224_213_999_1_0_0,3,321,1.249,16.631,"{'1-224_': {'VS': 0.466, 'HS': np.float64(2.684), 'MMD': np.float64(5.275)}, '2-224_213_1': {'VS': 0.146, 'HS': np.float64(1.26), 'MMD': np.float64(6.315)}, '3-224_213_999_1_0_0': {'VS': 0.0, 'HS': 0.0, 'MMD': 0.0}}","{'1-224_': {'VS': 0.887, 'HS': np.float64(2.853), 'MMD': np.float64(8.946)}, '2-224_213_1': {'VS': 0.275, 'HS': np.float64(1.289), 'MMD': np.float64(7.047)}, '3-224_213_999_1_0_0': {'VS': 0.26, 'HS': np.float64(1.249), 'MMD': np.float64(16.631)}}",321,0.129,7.006,0.275,0,0,0,0,0,0,0,0,0,0,0,0,0,0,0,0,0,0,0,0,0
3-224_213_999_3_0_0,3,328,1.098,18.742,"{'1-224_': {'VS': 0.466, 'HS': np.float64(2.684), 'MMD': np.float64(5.275)}, '2-224_213_3': {'VS': 0.095, 'HS': np.float64(1.174), 'MMD': np.float64(8.144)}, '3-224_213_999_3_0_0': {'VS': 0.0, 'HS': 0.0, 'MMD': 0.0}}","{'1-224_': {'VS': 0.887, 'HS': np.float64(2.853), 'MMD': np.float64(8.946)}, '2-224_213_3': {'VS': 0.276, 'HS': np.float64(1.121), 'MMD': np.float64(11.584)}, '3-224_213_999_3_0_0': {'VS': 0.266, 'HS': np.float64(1.098), 'MMD': np.float64(18.742)}}",328,0.181,12.655,0.301,0,0,0,0,0,0,0,0,0,0,0,0,0,0,0,0,0,0,0,0,0
3-224_213_999_4_0_0,3,578,2.355,22.601,"{'1-224_': {'VS': 0.466, 'HS': np.float64(2.684), 'MMD': np.float64(5.275)}, '2-224_213_4': {'VS': 0.179, 'HS': np.float64(2.811), 'MMD': np.float64(12.564)}, '3-224_213_999_4_0_0': {'VS': 0.0, 'HS': 0.0, 'MMD': 0.0}}","{'1-224_': {'VS': 0.887, 'HS': np.float64(2.853), 'MMD': np.float64(8.946)}, '2-224_213_4': {'VS': 0.481, 'HS': np.float64(2.53), 'MMD': np.float64(15.712)}, '3-224_213_999_4_0_0': {'VS': 0.468, 'HS': np.float64(2.355), 'MMD': np.float64(22.601)}}",578,0.302,11.693,0.361,0,0,0,0,0,0,0,0,0,0,0,0,0,0,0,0,0,0,0,0,0
3-224_172_999_0_0_0,3,558,2.713,20.165,"{'1-224_': {'VS': 0.466, 'HS': np.float64(2.684), 'MMD': np.float64(5.275)}, '2-224_172_0': {'VS': 0.195, 'HS': np.float64(3.468), 'MMD': np.float64(13.452)}, '3-224_172_999_0_0_0': {'VS': 0.0, 'HS': 0.0, 'MMD': 0.0}}","{'1-224_': {'VS': 0.887, 'HS': np.float64(2.853), 'MMD': np.float64(8.946)}, '2-224_172_0': {'VS': 0.479, 'HS': np.float64(3.002), 'MMD': np.float64(15.626)}, '3-224_172_999_0_0_0': {'VS': 0.452, 'HS': np.float64(2.713), 'MMD': np.float64(20.165)}}",558,0.284,9.101,0.352,0,0,0,0,0,0,0,0,0,0,0,0,0,0,0,0,0,0,0,0,0
3-224_172_999_4_0_0,3,320,1.281,22.185,"{'1-224_': {'VS': 0.466, 'HS': np.float64(2.684), 'MMD': np.float64(5.275)}, '2-224_172_4': {'VS': 0.1, 'HS': np.float64(1.564), 'MMD': np.float64(15.384)}, '3-224_172_999_4_0_0': {'VS': 0.0, 'HS': 0.0, 'MMD': 0.0}}","{'1-224_': {'VS': 0.887, 'HS': np.float64(2.853), 'MMD': np.float64(8.946)}, '2-224_172_4': {'VS': 0.277, 'HS': np.float64(1.345), 'MMD': np.float64(16.445)}, '3-224_172_999_4_0_0': {'VS': 0.259, 'HS': np.float64(1.281), 'MMD': np.float64(22.185)}}",320,0.177,7.301,0.299,0,0,0,0,0,0,0,0,0,0,0,0,0,0,0,0,0,0,0,0,0
3-224_199_999_0_0_0,3,429,2.599,20.715,"{'1-224_': {'VS': 0.466, 'HS': np.float64(2.684), 'MMD': np.float64(5.275)}, '2-224_199_0': {'VS': 0.173, 'HS': np.float64(3.382), 'MMD': np.float64(15.64)}, '3-224_199_999_0_0_0': {'VS': 0.0, 'HS': 0.0, 'MMD': 0.0}}","{'1-224_': {'VS': 0.887, 'HS': np.float64(2.853), 'MMD': np.float64(8.946)}, '2-224_199_0': {'VS': 0.375, 'HS': np.float64(2.918), 'MMD': np.float64(16.109)}, '3-224_199_999_0_0_0': {'VS': 0.348, 'HS': np.float64(2.599), 'MMD': np.float64(20.715)}}",429,0.202,6.848,0.311,0,0,0,0,0,0,0,0,0,0,0,0,0,0,0,0,0,0,0,0,0
3-224_221_999_0_0_0,3,331,2.915,21.09,"{'1-224_': {'VS': 0.466, 'HS': np.float64(2.684), 'MMD': np.float64(5.275)}, '2-224_221_0': {'VS': 0.147, 'HS': np.float64(3.555), 'MMD': np.float64(12.508)}, '3-224_221_999_0_0_0': {'VS': 0.0, 'HS': 0.0, 'MMD': 0.0}}","{'1-224_': {'VS': 0.887, 'HS': np.float64(2.853), 'MMD': np.float64(8.946)}, '2-224_221_0': {'VS': 0.285, 'HS': np.float64(3.349), 'MMD': np.float64(14.911)}, '3-224_221_999_0_0_0': {'VS': 0.268, 'HS': np.float64(2.915), 'MMD': np.float64(21.09)}}",331,0.138,9.625,0.279,0,0,0,0,0,0,0,0,0,0,0,0,0,0,0,0,0,0,0,0,0
3-224_169_999_0_0_0,3,395,2.499,20.529,"{'1-224_': {'VS': 0.466, 'HS': np.float64(2.684), 'MMD': np.float64(5.275)}, '2-224_169_0': {'VS': 0.124, 'HS': np.float64(3.113), 'MMD': np.float64(13.856)}, '3-224_169_999_0_0_0': {'VS': 0.0, 'HS': 0.0, 'MMD': 0.0}}","{'1-224_': {'VS': 0.887, 'HS': np.float64(2.853), 'MMD': np.float64(8.946)}, '2-224_169_0': {'VS': 0.344, 'HS': np.float64(2.762), 'MMD': np.float64(15.911)}, '3-224_169_999_0_0_0': {'VS': 0.32, 'HS': np.float64(2.499), 'MMD': np.float64(20.529)}}",395,0.22,8.85,0.321,0,0,0,0,0,0,0,0,0,0,0,0,0,0,0,0,0,0,0,0,0
2-224_999_0,2,1088,2.67,17.6,"{'1-224_': {'VS': 0.466, 'HS': np.float64(2.684), 'MMD': np.float64(5.275)}, '2-224_999_0': {'VS': 0.0, 'HS': 0.0, 'MMD': 0.0}}","{'1-224_': {'VS': 0.887, 'HS': np.float64(2.853), 'MMD': np.float64(8.946)}, '2-224_999_0': {'VS': 0.882, 'HS': np.float64(2.67), 'MMD': np.float64(17.6)}}",1088,0.421,13.476,0.421,0,0,0,0,1,1,0,0,1,1,1,0,0,0,0,0,1,1,0,0,1
3-224_157_999_0_0_0,3,353,2.53,20.42,"{'1-224_': {'VS': 0.466, 'HS': np.float64(2.684), 'MMD': np.float64(5.275)}, '2-224_157_0': {'VS': 0.126, 'HS': np.float64(3.097), 'MMD': np.float64(14.781)}, '3-224_157_999_0_0_0': {'VS': 0.0, 'HS': 0.0, 'MMD': 0.0}}","{'1-224_': {'VS': 0.887, 'HS': np.float64(2.853), 'MMD': np.float64(8.946)}, '2-224_157_0': {'VS': 0.313, 'HS': np.float64(2.72), 'MMD': np.float64(15.433)}, '3-224_157_999_0_0_0': {'VS': 0.286, 'HS': np.float64(2.53), 'MMD': np.float64(20.42)}}",353,0.187,6.951,0.304,0,0,0,0,0,0,0,0,0,0,0,0,0,0,0,0,0,0,0,0,0
3-224_178_999_0_0_0,3,427,2.354,19.837,"{'1-224_': {'VS': 0.466, 'HS': np.float64(2.684), 'MMD': np.float64(5.275)}, '2-224_178_0': {'VS': 0.103, 'HS': np.float64(2.906), 'MMD': np.float64(15.256)}, '3-224_178_999_0_0_0': {'VS': 0.0, 'HS': 0.0, 'MMD': 0.0}}","{'1-224_': {'VS': 0.887, 'HS': np.float64(2.853), 'MMD': np.float64(8.946)}, '2-224_178_0': {'VS': 0.365, 'HS': np.float64(2.543), 'MMD': np.float64(16.262)}, '3-224_178_999_0_0_0': {'VS': 0.346, 'HS': np.float64(2.354), 'MMD': np.float64(19.837)}}",427,0.262,7.244,0.342,0,0,0,0,0,0,0,0,0,0,0,0,0,0,0,0,0,0,0,0,0
3-224_215_999_0_0_0,3,294,3.881,20.978,"{'1-224_': {'VS': 0.466, 'HS': np.float64(2.684), 'MMD': np.float64(5.275)}, '2-224_215_0': {'VS': 0.13, 'HS': np.float64(3.782), 'MMD': np.float64(11.792)}, '3-224_215_999_0_0_0': {'VS': 0.0, 'HS': 0.0, 'MMD': 0.0}}","{'1-224_': {'VS': 0.887, 'HS': np.float64(2.853), 'MMD': np.float64(8.946)}, '2-224_215_0': {'VS': 0.254, 'HS': np.float64(4.441), 'MMD': np.float64(14.334)}, '3-224_215_999_0_0_0': {'VS': 0.238, 'HS': np.float64(3.881), 'MMD': np.float64(20.978)}}",294,0.124,9.969,0.272,0,0,0,0,0,0,0,0,0,0,0,0,0,0,0,0,0,0,0,0,0
3-224_215_999_4_0_0,3,250,2.08,22.55,"{'1-224_': {'VS': 0.466, 'HS': np.float64(2.684), 'MMD': np.float64(5.275)}, '2-224_215_4': {'VS': 0.084, 'HS': np.float64(2.136), 'MMD': np.float64(13.278)}, '3-224_215_999_4_0_0': {'VS': 0.0, 'HS': 0.0, 'MMD': 0.0}}","{'1-224_': {'VS': 0.887, 'HS': np.float64(2.853), 'MMD': np.float64(8.946)}, '2-224_215_4': {'VS': 0.215, 'HS': np.float64(2.196), 'MMD': np.float64(15.988)}, '3-224_215_999_4_0_0': {'VS': 0.203, 'HS': np.float64(2.08), 'MMD': np.float64(22.55)}}",250,0.131,10.41,0.276,0,0,0,0,0,0,0,0,0,0,0,0,0,0,0,0,0,0,0,0,0
3-222_212_999_0_0_0,3,277,3.845,16.494,"{'1-222_': {'VS': 0.312, 'HS': np.float64(3.125), 'MMD': np.float64(1.967)}, '2-222_212_0': {'VS': 0.251, 'HS': np.float64(8.926), 'MMD': np.float64(11.691)}, '3-222_212_999_0_0_0': {'VS': 0.0, 'HS': 0.0, 'MMD': 0.0}}","{'1-222_': {'VS': 0.28, 'HS': np.float64(2.312), 'MMD': np.float64(2.113)}, '2-222_212_0': {'VS': 0.234, 'HS': np.float64(4.484), 'MMD': np.float64(10.823)}, '3-222_212_999_0_0_0': {'VS': 0.224, 'HS': np.float64(3.845), 'MMD': np.float64(16.494)}}",277,-0.017,0.387,-0.024,0,0,0,0,0,0,0,0,0,0,0,0,0,0,0,0,0,0,0,0,0
3-222_213_999_0_0_0,3,270,3.707,16.53,"{'1-222_': {'VS': 0.312, 'HS': np.float64(3.125), 'MMD': np.float64(1.967)}, '2-222_213_0': {'VS': 0.236, 'HS': np.float64(8.642), 'MMD': np.float64(12.204)}, '3-222_213_999_0_0_0': {'VS': 0.0, 'HS': 0.0, 'MMD': 0.0}}","{'1-222_': {'VS': 0.28, 'HS': np.float64(2.312), 'MMD': np.float64(2.113)}, '2-222_213_0': {'VS': 0.231, 'HS': np.float64(4.211), 'MMD': np.float64(10.88)}, '3-222_213_999_0_0_0': {'VS': 0.219, 'HS': np.float64(3.707), 'MMD': np.float64(16.53)}}",270,-0.005,0.887,-0.018,0,0,0,0,0,0,0,0,0,0,0,0,0,0,0,0,0,0,0,0,0
2-222_999_0,2,337,2.187,13.209,"{'1-222_': {'VS': 0.312, 'HS': np.float64(3.125), 'MMD': np.float64(1.967)}, '2-222_999_0': {'VS': 0.0, 'HS': 0.0, 'MMD': 0.0}}","{'1-222_': {'VS': 0.28, 'HS': np.float64(2.312), 'MMD': np.float64(2.113)}, '2-222_999_0': {'VS': 0.273, 'HS': np.float64(2.187), 'MMD': np.float64(13.209)}}",337,-0.032,0.021,-0.032,0,0,0,0,0,0,0,0,0,0,0,0,0,0,0,0,0,0,0,0,0
3-213_193_999_0_0_0,3,420,3.11,18.222,"{'1-213_': {'VS': 0.878, 'HS': np.float64(5.658), 'MMD': np.float64(2.73)}, '2-213_193_0': {'VS': 0.34, 'HS': np.float64(6.904), 'MMD': np.float64(16.756)}, '3-213_193_999_0_0_0': {'VS': 0.0, 'HS': 0.0, 'MMD': 0.0}}","{'1-213_': {'VS': 0.915, 'HS': np.float64(3.921), 'MMD': np.float64(3.465)}, '2-213_193_0': {'VS': 0.357, 'HS': np.float64(3.618), 'MMD': np.float64(13.774)}, '3-213_193_999_0_0_0': {'VS': 0.34, 'HS': np.float64(3.11), 'MMD': np.float64(18.222)}}",420,0.017,4.716,0.027,0,0,0,0,0,0,0,0,0,0,0,0,0,0,0,0,0,0,0,0,0
3-213_214_999_0_0_0,3,449,4.653,17.912,"{'1-213_': {'VS': 0.878, 'HS': np.float64(5.658), 'MMD': np.float64(2.73)}, '2-213_214_0': {'VS': 0.359, 'HS': np.float64(11.039), 'MMD': np.float64(18.698)}, '3-213_214_999_0_0_0': {'VS': 0.0, 'HS': 0.0, 'MMD': 0.0}}","{'1-213_': {'VS': 0.915, 'HS': np.float64(3.921), 'MMD': np.float64(3.465)}, '2-213_214_0': {'VS': 0.385, 'HS': np.float64(5.318), 'MMD': np.float64(14.544)}, '3-213_214_999_0_0_0': {'VS': 0.364, 'HS': np.float64(4.653), 'MMD': np.float64(17.912)}}",449,0.026,8.898,0.032,0,0,0,0,0,0,0,0,0,0,0,0,0,0,0,0,0,0,0,0,0
3-213_202_999_0_0_0,3,626,3.142,18.094,"{'1-213_': {'VS': 0.878, 'HS': np.float64(5.658), 'MMD': np.float64(2.73)}, '2-213_202_0': {'VS': 0.525, 'HS': np.float64(7.92), 'MMD': np.float64(15.587)}, '3-213_202_999_0_0_0': {'VS': 0.0, 'HS': 0.0, 'MMD': 0.0}}","{'1-213_': {'VS': 0.915, 'HS': np.float64(3.921), 'MMD': np.float64(3.465)}, '2-213_202_0': {'VS': 0.536, 'HS': np.float64(3.624), 'MMD': np.float64(13.333)}, '3-213_202_999_0_0_0': {'VS': 0.507, 'HS': np.float64(3.142), 'MMD': np.float64(18.094)}}",626,0.011,2.81,0.024,0,0,0,0,0,0,0,0,0,0,0,0,0,0,0,0,0,0,0,0,0
4-213_225_202_999_0_0_0_0_0_0,4,250,3.056,19.974,"{'1-213_': {'VS': 0.878, 'HS': np.float64(5.658), 'MMD': np.float64(2.73)}, '2-213_225_0': {'VS': 0.286, 'HS': np.float64(5.16), 'MMD': np.float64(9.287)}, '3-213_225_202_0_0_0': {'VS': 0.088, 'HS': np.float64(5.447), 'MMD': np.float64(17.925)}, '4-213_225_202_999_0_0_0_0_0_0': {'VS': 0.0, 'HS': 0.0, 'MMD': 0.0}}","{'1-213_': {'VS': 0.915, 'HS': np.float64(3.921), 'MMD': np.float64(3.465)}, '2-213_225_0': {'VS': 0.54, 'HS': np.float64(5.167), 'MMD': np.float64(11.087)}, '3-213_225_202_0_0_0': {'VS': 0.234, 'HS': np.float64(3.609), 'MMD': np.float64(16.663)}, '4-213_225_202_999_0_0_0_0_0_0': {'VS': 0.203, 'HS': np.float64(3.056), 'MMD': np.float64(19.974)}}",250,0.146,1.791,0.146,0,0,0,0,0,0,0,0,0,0,0,0,0,0,0,0,0,0,0,0,0
4-213_225_172_999_0_0_0_0_0_0,4,335,3.424,19.722,"{'1-213_': {'VS': 0.878, 'HS': np.float64(5.658), 'MMD': np.float64(2.73)}, '2-213_225_0': {'VS': 0.286, 'HS': np.float64(5.16), 'MMD': np.float64(9.287)}, '3-213_225_172_0_0_0': {'VS': 0.099, 'HS': np.float64(5.119), 'MMD': np.float64(16.565)}, '4-213_225_172_999_0_0_0_0_0_0': {'VS': 0.0, 'HS': 0.0, 'MMD': 0.0}}","{'1-213_': {'VS': 0.915, 'HS': np.float64(3.921), 'MMD': np.float64(3.465)}, '2-213_225_0': {'VS': 0.54, 'HS': np.float64(5.167), 'MMD': np.float64(11.087)}, '3-213_225_172_0_0_0': {'VS': 0.297, 'HS': np.float64(3.951), 'MMD': np.float64(16.602)}, '4-213_225_172_999_0_0_0_0_0_0': {'VS': 0.271, 'HS': np.float64(3.424), 'MMD': np.float64(19.722)}}",335,0.198,1.261,0.163,0,0,0,0,0,0,0,0,0,0,0,0,0,0,0,0,0,0,0,0,0
3-213_225_999_0_0_0,3,641,4.473,18.207,"{'1-213_': {'VS': 0.878, 'HS': np.float64(5.658), 'MMD': np.float64(2.73)}, '2-213_225_0': {'VS': 0.286, 'HS': np.float64(5.16), 'MMD': np.float64(9.287)}, '3-213_225_999_0_0_0': {'VS': 0.0, 'HS': 0.0, 'MMD': 0.0}}","{'1-213_': {'VS': 0.915, 'HS': np.float64(3.921), 'MMD': np.float64(3.465)}, '2-213_225_0': {'VS': 0.54, 'HS': np.float64(5.167), 'MMD': np.float64(11.087)}, '3-213_225_999_0_0_0': {'VS': 0.519, 'HS': np.float64(4.473), 'MMD': np.float64(18.207)}}",641,0.254,1.89,0.146,0,0,0,0,0,0,0,0,0,0,0,0,0,0,0,0,0,0,0,0,0
4-213_225_178_999_0_0_0_0_0_0,4,271,3.351,19.356,"{'1-213_': {'VS': 0.878, 'HS': np.float64(5.658), 'MMD': np.float64(2.73)}, '2-213_225_0': {'VS': 0.286, 'HS': np.float64(5.16), 'MMD': np.float64(9.287)}, '3-213_225_178_0_0_0': {'VS': 0.053, 'HS': np.float64(3.872), 'MMD': np.float64(16.857)}, '4-213_225_178_999_0_0_0_0_0_0': {'VS': 0.0, 'HS': 0.0, 'MMD': 0.0}}","{'1-213_': {'VS': 0.915, 'HS': np.float64(3.921), 'MMD': np.float64(3.465)}, '2-213_225_0': {'VS': 0.54, 'HS': np.float64(5.167), 'MMD': np.float64(11.087)}, '3-213_225_178_0_0_0': {'VS': 0.235, 'HS': np.float64(3.924), 'MMD': np.float64(16.688)}, '4-213_225_178_999_0_0_0_0_0_0': {'VS': 0.22, 'HS': np.float64(3.351), 'MMD': np.float64(19.356)}}",271,0.182,1.27,0.158,0,0,0,0,0,0,0,0,0,0,0,0,0,0,0,0,0,0,0,0,0
3-213_225_999_1_0_0,3,267,1.266,14.678,"{'1-213_': {'VS': 0.878, 'HS': np.float64(5.658), 'MMD': np.float64(2.73)}, '2-213_225_1': {'VS': 0.109, 'HS': np.float64(1.349), 'MMD': np.float64(3.843)}, '3-213_225_999_1_0_0': {'VS': 0.0, 'HS': 0.0, 'MMD': 0.0}}","{'1-213_': {'VS': 0.915, 'HS': np.float64(3.921), 'MMD': np.float64(3.465)}, '2-213_225_1': {'VS': 0.233, 'HS': np.float64(1.293), 'MMD': np.float64(4.405)}, '3-213_225_999_1_0_0': {'VS': 0.216, 'HS': np.float64(1.266), 'MMD': np.float64(14.678)}}",267,0.124,0.428,0.081,0,0,0,0,0,0,0,0,0,0,0,0,0,0,0,0,0,0,0,0,0
4-213_212_193_999_0_0_0_0_0_0,4,257,3.545,20.243,"{'1-213_': {'VS': 0.878, 'HS': np.float64(5.658), 'MMD': np.float64(2.73)}, '2-213_212_0': {'VS': 0.748, 'HS': np.float64(16.08), 'MMD': np.float64(12.693)}, '3-213_212_193_0_0_0': {'VS': 0.251, 'HS': np.float64(10.573), 'MMD': np.float64(21.822)}, '4-213_212_193_999_0_0_0_0_0_0': {'VS': 0.0, 'HS': 0.0, 'MMD': 0.0}}","{'1-213_': {'VS': 0.915, 'HS': np.float64(3.921), 'MMD': np.float64(3.465)}, '2-213_212_0': {'VS': 0.787, 'HS': np.float64(7.426), 'MMD': np.float64(12.623)}, '3-213_212_193_0_0_0': {'VS': 0.237, 'HS': np.float64(4.596), 'MMD': np.float64(17.274)}, '4-213_212_193_999_0_0_0_0_0_0': {'VS': 0.208, 'HS': np.float64(3.545), 'MMD': np.float64(20.243)}}",257,-0.014,7.076,0.021,0,0,0,0,0,0,0,0,0,0,0,0,0,0,0,0,0,0,0,0,0
4-213_212_214_999_0_0_0_0_0_0,4,300,5.103,20.293,"{'1-213_': {'VS': 0.878, 'HS': np.float64(5.658), 'MMD': np.float64(2.73)}, '2-213_212_0': {'VS': 0.748, 'HS': np.float64(16.08), 'MMD': np.float64(12.693)}, '3-213_212_214_0_0_0': {'VS': 0.273, 'HS': np.float64(16.345), 'MMD': np.float64(23.781)}, '4-213_212_214_999_0_0_0_0_0_0': {'VS': 0.0, 'HS': 0.0, 'MMD': 0.0}}","{'1-213_': {'VS': 0.915, 'HS': np.float64(3.921), 'MMD': np.float64(3.465)}, '2-213_212_0': {'VS': 0.787, 'HS': np.float64(7.426), 'MMD': np.float64(12.623)}, '3-213_212_214_0_0_0': {'VS': 0.275, 'HS': np.float64(6.351), 'MMD': np.float64(18.071)}, '4-213_212_214_999_0_0_0_0_0_0': {'VS': 0.243, 'HS': np.float64(5.103), 'MMD': np.float64(20.293)}}",300,0.002,11.05,0.026,0,0,0,0,0,0,0,0,0,0,0,0,0,0,0,0,0,0,0,0,0
4-213_212_202_999_0_0_0_0_0_0,4,390,3.462,20.382,"{'1-213_': {'VS': 0.878, 'HS': np.float64(5.658), 'MMD': np.float64(2.73)}, '2-213_212_0': {'VS': 0.748, 'HS': np.float64(16.08), 'MMD': np.float64(12.693)}, '3-213_212_202_0_0_0': {'VS': 0.409, 'HS': np.float64(11.992), 'MMD': np.float64(21.205)}, '4-213_212_202_999_0_0_0_0_0_0': {'VS': 0.0, 'HS': 0.0, 'MMD': 0.0}}","{'1-213_': {'VS': 0.915, 'HS': np.float64(3.921), 'MMD': np.float64(3.465)}, '2-213_212_0': {'VS': 0.787, 'HS': np.float64(7.426), 'MMD': np.float64(12.623)}, '3-213_212_202_0_0_0': {'VS': 0.357, 'HS': np.float64(4.477), 'MMD': np.float64(17.224)}, '4-213_212_202_999_0_0_0_0_0_0': {'VS': 0.316, 'HS': np.float64(3.462), 'MMD': np.float64(20.382)}}",390,-0.052,5.464,0.008,0,0,0,0,0,0,0,0,0,0,0,0,0,0,0,0,0,0,0,0,0
4-213_212_225_999_0_0_0_0_0_0,4,404,4.839,20.339,"{'1-213_': {'VS': 0.878, 'HS': np.float64(5.658), 'MMD': np.float64(2.73)}, '2-213_212_0': {'VS': 0.748, 'HS': np.float64(16.08), 'MMD': np.float64(12.693)}, '3-213_212_225_0_0_0': {'VS': 0.151, 'HS': np.float64(9.258), 'MMD': np.float64(14.668)}, '4-213_212_225_999_0_0_0_0_0_0': {'VS': 0.0, 'HS': 0.0, 'MMD': 0.0}}","{'1-213_': {'VS': 0.915, 'HS': np.float64(3.921), 'MMD': np.float64(3.465)}, '2-213_212_0': {'VS': 0.787, 'HS': np.float64(7.426), 'MMD': np.float64(12.623)}, '3-213_212_225_0_0_0': {'VS': 0.367, 'HS': np.float64(6.026), 'MMD': np.float64(15.935)}, '4-213_212_225_999_0_0_0_0_0_0': {'VS': 0.327, 'HS': np.float64(4.839), 'MMD': np.float64(20.339)}}",404,0.216,0.717,0.097,0,0,0,0,0,0,0,0,0,0,0,0,0,0,0,0,0,0,0,0,0
4-213_212_220_999_0_0_0_0_0_0,4,348,4.08,20.324,"{'1-213_': {'VS': 0.878, 'HS': np.float64(5.658), 'MMD': np.float64(2.73)}, '2-213_212_0': {'VS': 0.748, 'HS': np.float64(16.08), 'MMD': np.float64(12.693)}, '3-213_212_220_0_0_0': {'VS': 0.311, 'HS': np.float64(12.58), 'MMD': np.float64(20.328)}, '4-213_212_220_999_0_0_0_0_0_0': {'VS': 0.0, 'HS': 0.0, 'MMD': 0.0}}","{'1-213_': {'VS': 0.915, 'HS': np.float64(3.921), 'MMD': np.float64(3.465)}, '2-213_212_0': {'VS': 0.787, 'HS': np.float64(7.426), 'MMD': np.float64(12.623)}, '3-213_212_220_0_0_0': {'VS': 0.314, 'HS': np.float64(5.018), 'MMD': np.float64(17.203)}, '4-213_212_220_999_0_0_0_0_0_0': {'VS': 0.282, 'HS': np.float64(4.08), 'MMD': np.float64(20.324)}}",348,0.003,3.437,0.026,0,0,0,0,0,0,0,0,0,0,0,0,0,0,0,0,0,0,0,0,0
4-213_212_208_999_0_0_0_0_0_0,4,360,3.406,20.387,"{'1-213_': {'VS': 0.878, 'HS': np.float64(5.658), 'MMD': np.float64(2.73)}, '2-213_212_0': {'VS': 0.748, 'HS': np.float64(16.08), 'MMD': np.float64(12.693)}, '3-213_212_208_0_0_0': {'VS': 0.337, 'HS': np.float64(11.056), 'MMD': np.float64(20.765)}, '4-213_212_208_999_0_0_0_0_0_0': {'VS': 0.0, 'HS': 0.0, 'MMD': 0.0}}","{'1-213_': {'VS': 0.915, 'HS': np.float64(3.921), 'MMD': np.float64(3.465)}, '2-213_212_0': {'VS': 0.787, 'HS': np.float64(7.426), 'MMD': np.float64(12.623)}, '3-213_212_208_0_0_0': {'VS': 0.331, 'HS': np.float64(4.299), 'MMD': np.float64(17.104)}, '4-213_212_208_999_0_0_0_0_0_0': {'VS': 0.292, 'HS': np.float64(3.406), 'MMD': np.float64(20.387)}}",360,-0.006,4.649,0.023,0,0,0,0,0,0,0,0,0,0,0,0,0,0,0,0,0,0,0,0,0
4-213_212_196_999_0_0_0_0_0_0,4,283,3.689,20.373,"{'1-213_': {'VS': 0.878, 'HS': np.float64(5.658), 'MMD': np.float64(2.73)}, '2-213_212_0': {'VS': 0.748, 'HS': np.float64(16.08), 'MMD': np.float64(12.693)}, '3-213_212_196_0_0_0': {'VS': 0.248, 'HS': np.float64(9.344), 'MMD': np.float64(18.267)}, '4-213_212_196_999_0_0_0_0_0_0': {'VS': 0.0, 'HS': 0.0, 'MMD': 0.0}}","{'1-213_': {'VS': 0.915, 'HS': np.float64(3.921), 'MMD': np.float64(3.465)}, '2-213_212_0': {'VS': 0.787, 'HS': np.float64(7.426), 'MMD': np.float64(12.623)}, '3-213_212_196_0_0_0': {'VS': 0.26, 'HS': np.float64(4.567), 'MMD': np.float64(16.531)}, '4-213_212_196_999_0_0_0_0_0_0': {'VS': 0.229, 'HS': np.float64(3.689), 'MMD': np.float64(20.373)}}",283,0.012,1.186,0.029,1,0,0,0,0,0,0,0,0,0,0,0,0,0,0,0,0,0,0,0,1
4-213_212_224_999_0_0_0_0_0_0,4,458,4.79,20.203,"{'1-213_': {'VS': 0.878, 'HS': np.float64(5.658), 'MMD': np.float64(2.73)}, '2-213_212_0': {'VS': 0.748, 'HS': np.float64(16.08), 'MMD': np.float64(12.693)}, '3-213_212_224_0_0_0': {'VS': 0.153, 'HS': np.float64(10.579), 'MMD': np.float64(18.196)}, '4-213_212_224_999_0_0_0_0_0_0': {'VS': 0.0, 'HS': 0.0, 'MMD': 0.0}}","{'1-213_': {'VS': 0.915, 'HS': np.float64(3.921), 'MMD': np.float64(3.465)}, '2-213_212_0': {'VS': 0.787, 'HS': np.float64(7.426), 'MMD': np.float64(12.623)}, '3-213_212_224_0_0_0': {'VS': 0.417, 'HS': np.float64(5.984), 'MMD': np.float64(17.466)}, '4-213_212_224_999_0_0_0_0_0_0': {'VS': 0.371, 'HS': np.float64(4.79), 'MMD': np.float64(20.203)}}",458,0.264,0.359,0.113,0,0,0,0,0,0,0,0,0,0,0,0,0,0,0,0,0,0,0,0,0
4-213_212_172_999_0_0_0_0_0_0,4,494,4.028,19.938,"{'1-213_': {'VS': 0.878, 'HS': np.float64(5.658), 'MMD': np.float64(2.73)}, '2-213_212_0': {'VS': 0.748, 'HS': np.float64(16.08), 'MMD': np.float64(12.693)}, '3-213_212_172_0_0_0': {'VS': 0.334, 'HS': np.float64(9.412), 'MMD': np.float64(17.804)}, '4-213_212_172_999_0_0_0_0_0_0': {'VS': 0.0, 'HS': 0.0, 'MMD': 0.0}}","{'1-213_': {'VS': 0.915, 'HS': np.float64(3.921), 'MMD': np.float64(3.465)}, '2-213_212_0': {'VS': 0.787, 'HS': np.float64(7.426), 'MMD': np.float64(12.623)}, '3-213_212_172_0_0_0': {'VS': 0.437, 'HS': np.float64(4.894), 'MMD': np.float64(17.009)}, '4-213_212_172_999_0_0_0_0_0_0': {'VS': 0.4, 'HS': np.float64(4.028), 'MMD': np.float64(19.938)}}",494,0.103,0.392,0.06,0,0,0,0,0,0,0,0,0,0,0,0,0,0,0,0,0,0,0,0,0
4-213_212_199_999_0_0_0_0_0_0,4,345,3.429,20.471,"{'1-213_': {'VS': 0.878, 'HS': np.float64(5.658), 'MMD': np.float64(2.73)}, '2-213_212_0': {'VS': 0.748, 'HS': np.float64(16.08), 'MMD': np.float64(12.693)}, '3-213_212_199_0_0_0': {'VS': 0.329, 'HS': np.float64(11.107), 'MMD': np.float64(21.896)}, '4-213_212_199_999_0_0_0_0_0_0': {'VS': 0.0, 'HS': 0.0, 'MMD': 0.0}}","{'1-213_': {'VS': 0.915, 'HS': np.float64(3.921), 'MMD': np.float64(3.465)}, '2-213_212_0': {'VS': 0.787, 'HS': np.float64(7.426), 'MMD': np.float64(12.623)}, '3-213_212_199_0_0_0': {'VS': 0.317, 'HS': np.float64(4.258), 'MMD': np.float64(17.396)}, '4-213_212_199_999_0_0_0_0_0_0': {'VS': 0.28, 'HS': np.float64(3.429), 'MMD': np.float64(20.471)}}",345,-0.012,6.932,0.021,0,0,0,0,0,0,0,0,0,0,0,0,0,0,0,0,0,0,0,0,0
4-213_212_221_999_0_0_0_0_0_0,4,276,4.109,20.337,"{'1-213_': {'VS': 0.878, 'HS': np.float64(5.658), 'MMD': np.float64(2.73)}, '2-213_212_0': {'VS': 0.748, 'HS': np.float64(16.08), 'MMD': np.float64(12.693)}, '3-213_212_221_0_0_0': {'VS': 0.261, 'HS': np.float64(13.01), 'MMD': np.float64(18.117)}, '4-213_212_221_999_0_0_0_0_0_0': {'VS': 0.0, 'HS': 0.0, 'MMD': 0.0}}","{'1-213_': {'VS': 0.915, 'HS': np.float64(3.921), 'MMD': np.float64(3.465)}, '2-213_212_0': {'VS': 0.787, 'HS': np.float64(7.426), 'MMD': np.float64(12.623)}, '3-213_212_221_0_0_0': {'VS': 0.248, 'HS': np.float64(5.209), 'MMD': np.float64(16.51)}, '4-213_212_221_999_0_0_0_0_0_0': {'VS': 0.224, 'HS': np.float64(4.109), 'MMD': np.float64(20.337)}}",276,-0.013,1.043,0.021,0,0,0,0,0,0,0,0,0,0,0,0,0,0,0,0,0,0,0,0,0
4-213_212_169_999_0_0_0_0_0_0,4,345,3.939,19.877,"{'1-213_': {'VS': 0.878, 'HS': np.float64(5.658), 'MMD': np.float64(2.73)}, '2-213_212_0': {'VS': 0.748, 'HS': np.float64(16.08), 'MMD': np.float64(12.693)}, '3-213_212_169_0_0_0': {'VS': 0.216, 'HS': np.float64(8.805), 'MMD': np.float64(18.004)}, '4-213_212_169_999_0_0_0_0_0_0': {'VS': 0.0, 'HS': 0.0, 'MMD': 0.0}}","{'1-213_': {'VS': 0.915, 'HS': np.float64(3.921), 'MMD': np.float64(3.465)}, '2-213_212_0': {'VS': 0.787, 'HS': np.float64(7.426), 'MMD': np.float64(12.623)}, '3-213_212_169_0_0_0': {'VS': 0.307, 'HS': np.float64(4.834), 'MMD': np.float64(17.194)}, '4-213_212_169_999_0_0_0_0_0_0': {'VS': 0.28, 'HS': np.float64(3.939), 'MMD': np.float64(19.877)}}",345,0.091,0.4,0.056,0,0,0,0,0,0,0,0,0,0,0,0,0,0,0,0,0,0,0,0,0
3-213_212_999_0_0_0,3,958,6.147,18.03,"{'1-213_': {'VS': 0.878, 'HS': np.float64(5.658), 'MMD': np.float64(2.73)}, '2-213_212_0': {'VS': 0.748, 'HS': np.float64(16.08), 'MMD': np.float64(12.693)}, '3-213_212_999_0_0_0': {'VS': 0.0, 'HS': 0.0, 'MMD': 0.0}}","{'1-213_': {'VS': 0.915, 'HS': np.float64(3.921), 'MMD': np.float64(3.465)}, '2-213_212_0': {'VS': 0.787, 'HS': np.float64(7.426), 'MMD': np.float64(12.623)}, '3-213_212_999_0_0_0': {'VS': 0.776, 'HS': np.float64(6.147), 'MMD': np.float64(18.03)}}",958,0.039,0.273,0.038,0,0,0,0,1,1,0,0,0,0,0,0,0,0,0,0,0,0,0,0,1
4-213_212_157_999_0_0_0_0_0_0,4,291,3.625,20.198,"{'1-213_': {'VS': 0.878, 'HS': np.float64(5.658), 'MMD': np.float64(2.73)}, '2-213_212_0': {'VS': 0.748, 'HS': np.float64(16.08), 'MMD': np.float64(12.693)}, '3-213_212_157_0_0_0': {'VS': 0.253, 'HS': np.float64(9.617), 'MMD': np.float64(19.613)}, '4-213_212_157_999_0_0_0_0_0_0': {'VS': 0.0, 'HS': 0.0, 'MMD': 0.0}}","{'1-213_': {'VS': 0.915, 'HS': np.float64(3.921), 'MMD': np.float64(3.465)}, '2-213_212_0': {'VS': 0.787, 'HS': np.float64(7.426), 'MMD': np.float64(12.623)}, '3-213_212_157_0_0_0': {'VS': 0.259, 'HS': np.float64(4.567), 'MMD': np.float64(17.185)}, '4-213_212_157_999_0_0_0_0_0_0': {'VS': 0.236, 'HS': np.float64(3.625), 'MMD': np.float64(20.198)}}",291,0.006,2.147,0.027,0,0,0,0,0,0,0,0,0,0,0,0,0,0,0,0,0,0,0,0,0
4-213_212_178_999_0_0_0_0_0_0,4,407,4.098,19.715,"{'1-213_': {'VS': 0.878, 'HS': np.float64(5.658), 'MMD': np.float64(2.73)}, '2-213_212_0': {'VS': 0.748, 'HS': np.float64(16.08), 'MMD': np.float64(12.693)}, '3-213_212_178_0_0_0': {'VS': 0.174, 'HS': np.float64(6.502), 'MMD': np.float64(17.539)}, '4-213_212_178_999_0_0_0_0_0_0': {'VS': 0.0, 'HS': 0.0, 'MMD': 0.0}}","{'1-213_': {'VS': 0.915, 'HS': np.float64(3.921), 'MMD': np.float64(3.465)}, '2-213_212_0': {'VS': 0.787, 'HS': np.float64(7.426), 'MMD': np.float64(12.623)}, '3-213_212_178_0_0_0': {'VS': 0.36, 'HS': np.float64(4.928), 'MMD': np.float64(17.245)}, '4-213_212_178_999_0_0_0_0_0_0': {'VS': 0.33, 'HS': np.float64(4.098), 'MMD': np.float64(19.715)}}",407,0.186,0.211,0.087,0,0,0,0,0,0,0,0,0,0,0,0,0,0,0,0,0,0,0,0,0
4-213_212_215_999_0_0_0_0_0_0,4,247,5.243,20.468,"{'1-213_': {'VS': 0.878, 'HS': np.float64(5.658), 'MMD': np.float64(2.73)}, '2-213_212_0': {'VS': 0.748, 'HS': np.float64(16.08), 'MMD': np.float64(12.693)}, '3-213_212_215_0_0_0': {'VS': 0.237, 'HS': np.float64(16.875), 'MMD': np.float64(17.166)}, '4-213_212_215_999_0_0_0_0_0_0': {'VS': 0.0, 'HS': 0.0, 'MMD': 0.0}}","{'1-213_': {'VS': 0.915, 'HS': np.float64(3.921), 'MMD': np.float64(3.465)}, '2-213_212_0': {'VS': 0.787, 'HS': np.float64(7.426), 'MMD': np.float64(12.623)}, '3-213_212_215_0_0_0': {'VS': 0.233, 'HS': np.float64(6.502), 'MMD': np.float64(16.011)}, '4-213_212_215_999_0_0_0_0_0_0': {'VS': 0.2, 'HS': np.float64(5.243), 'MMD': np.float64(20.468)}}",247,-0.004,0.626,0.024,0,0,0,0,0,0,0,0,0,0,0,0,0,0,0,0,0,0,0,0,0
4-213_212_193_999_1_0_0_0_0_0,4,328,2.768,18.986,"{'1-213_': {'VS': 0.878, 'HS': np.float64(5.658), 'MMD': np.float64(2.73)}, '2-213_212_1': {'VS': 0.793, 'HS': np.float64(5.141), 'MMD': np.float64(4.998)}, '3-213_212_193_1_0_0': {'VS': 0.291, 'HS': np.float64(5.994), 'MMD': np.float64(18.317)}, '4-213_212_193_999_1_0_0_0_0_0': {'VS': 0.0, 'HS': 0.0, 'MMD': 0.0}}","{'1-213_': {'VS': 0.915, 'HS': np.float64(3.921), 'MMD': np.float64(3.465)}, '2-213_212_1': {'VS': 0.819, 'HS': np.float64(3.453), 'MMD': np.float64(5.317)}, '3-213_212_193_1_0_0': {'VS': 0.284, 'HS': np.float64(3.239), 'MMD': np.float64(14.85)}, '4-213_212_193_999_1_0_0_0_0_0': {'VS': 0.266, 'HS': np.float64(2.768), 'MMD': np.float64(18.986)}}",328,-0.007,4.221,0.019,0,0,0,0,0,0,0,0,0,0,0,0,0,0,0,0,0,0,0,0,0
4-213_212_214_999_1_0_0_0_0_0,4,366,4.281,18.622,"{'1-213_': {'VS': 0.878, 'HS': np.float64(5.658), 'MMD': np.float64(2.73)}, '2-213_212_1': {'VS': 0.793, 'HS': np.float64(5.141), 'MMD': np.float64(4.998)}, '3-213_212_214_1_0_0': {'VS': 0.315, 'HS': np.float64(9.945), 'MMD': np.float64(20.319)}, '4-213_212_214_999_1_0_0_0_0_0': {'VS': 0.0, 'HS': 0.0, 'MMD': 0.0}}","{'1-213_': {'VS': 0.915, 'HS': np.float64(3.921), 'MMD': np.float64(3.465)}, '2-213_212_1': {'VS': 0.819, 'HS': np.float64(3.453), 'MMD': np.float64(5.317)}, '3-213_212_214_1_0_0': {'VS': 0.319, 'HS': np.float64(4.848), 'MMD': np.float64(15.491)}, '4-213_212_214_999_1_0_0_0_0_0': {'VS': 0.297, 'HS': np.float64(4.281), 'MMD': np.float64(18.622)}}",366,0.004,7.984,0.022,0,0,0,0,0,0,0,0,0,0,0,0,0,0,0,0,0,0,0,0,0
4-213_212_202_999_1_0_0_0_0_0,4,498,2.741,18.741,"{'1-213_': {'VS': 0.878, 'HS': np.float64(5.658), 'MMD': np.float64(2.73)}, '2-213_212_1': {'VS': 0.793, 'HS': np.float64(5.141), 'MMD': np.float64(4.998)}, '3-213_212_202_1_0_0': {'VS': 0.453, 'HS': np.float64(6.93), 'MMD': np.float64(17.414)}, '4-213_212_202_999_1_0_0_0_0_0': {'VS': 0.0, 'HS': 0.0, 'MMD': 0.0}}","{'1-213_': {'VS': 0.915, 'HS': np.float64(3.921), 'MMD': np.float64(3.465)}, '2-213_212_1': {'VS': 0.819, 'HS': np.float64(3.453), 'MMD': np.float64(5.317)}, '3-213_212_202_1_0_0': {'VS': 0.435, 'HS': np.float64(3.177), 'MMD': np.float64(14.445)}, '4-213_212_202_999_1_0_0_0_0_0': {'VS': 0.404, 'HS': np.float64(2.741), 'MMD': np.float64(18.741)}}",498,-0.018,3.152,0.015,0,0,0,0,0,0,0,0,0,0,0,0,0,0,0,0,0,0,0,0,0
5-213_212_225_172_999_1_0_0_0_0_0_0_0_0_0,5,251,2.988,20.401,"{'1-213_': {'VS': 0.878, 'HS': np.float64(5.658), 'MMD': np.float64(2.73)}, '2-213_212_1': {'VS': 0.793, 'HS': np.float64(5.141), 'MMD': np.float64(4.998)}, '3-213_212_225_1_0_0': {'VS': 0.224, 'HS': np.float64(4.709), 'MMD': np.float64(10.912)}, '4-213_212_225_172_1_0_0_0_0_0': {'VS': 0.073, 'HS': np.float64(4.324), 'MMD': np.float64(18.371)}, '5-213_212_225_172_999_1_0_0_0_0_0_0_0_0_0': {'VS': 0.0, 'HS': 0.0, 'MMD': 0.0}}","{'1-213_': {'VS': 0.915, 'HS': np.float64(3.921), 'MMD': np.float64(3.465)}, '2-213_212_1': {'VS': 0.819, 'HS': np.float64(3.453), 'MMD': np.float64(5.317)}, '3-213_212_225_1_0_0': {'VS': 0.465, 'HS': np.float64(4.303), 'MMD': np.float64(12.54)}, '4-213_212_225_172_1_0_0_0_0_0': {'VS': 0.231, 'HS': np.float64(3.414), 'MMD': np.float64(17.722)}, '5-213_212_225_172_999_1_0_0_0_0_0_0_0_0_0': {'VS': 0.203, 'HS': np.float64(2.988), 'MMD': np.float64(20.401)}}",251,0.158,0.928,0.115,0,0,0,0,0,0,0,0,0,0,0,0,0,0,0,0,0,0,0,0,0
4-213_212_225_999_1_0_0_0_0_0,4,528,3.786,18.931,"{'1-213_': {'VS': 0.878, 'HS': np.float64(5.658), 'MMD': np.float64(2.73)}, '2-213_212_1': {'VS': 0.793, 'HS': np.float64(5.141), 'MMD': np.float64(4.998)}, '3-213_212_225_1_0_0': {'VS': 0.224, 'HS': np.float64(4.709), 'MMD': np.float64(10.912)}, '4-213_212_225_999_1_0_0_0_0_0': {'VS': 0.0, 'HS': 0.0, 'MMD': 0.0}}","{'1-213_': {'VS': 0.915, 'HS': np.float64(3.921), 'MMD': np.float64(3.465)}, '2-213_212_1': {'VS': 0.819, 'HS': np.float64(3.453), 'MMD': np.float64(5.317)}, '3-213_212_225_1_0_0': {'VS': 0.465, 'HS': np.float64(4.303), 'MMD': np.float64(12.54)}, '4-213_212_225_999_1_0_0_0_0_0': {'VS': 0.428, 'HS': np.float64(3.786), 'MMD': np.float64(18.931)}}",528,0.241,1.097,0.101,0,0,0,0,0,0,0,0,0,0,0,0,0,0,0,0,0,0,0,0,0
4-213_212_220_999_1_0_0_0_0_0,4,433,3.143,18.581,"{'1-213_': {'VS': 0.878, 'HS': np.float64(5.658), 'MMD': np.float64(2.73)}, '2-213_212_1': {'VS': 0.793, 'HS': np.float64(5.141), 'MMD': np.float64(4.998)}, '3-213_212_220_1_0_0': {'VS': 0.345, 'HS': np.float64(7.283), 'MMD': np.float64(16.378)}, '4-213_212_220_999_1_0_0_0_0_0': {'VS': 0.0, 'HS': 0.0, 'MMD': 0.0}}","{'1-213_': {'VS': 0.915, 'HS': np.float64(3.921), 'MMD': np.float64(3.465)}, '2-213_212_1': {'VS': 0.819, 'HS': np.float64(3.453), 'MMD': np.float64(5.317)}, '3-213_212_220_1_0_0': {'VS': 0.378, 'HS': np.float64(3.537), 'MMD': np.float64(14.134)}, '4-213_212_220_999_1_0_0_0_0_0': {'VS': 0.351, 'HS': np.float64(3.143), 'MMD': np.float64(18.581)}}",433,0.033,1.893,0.032,0,0,0,0,0,0,0,0,0,0,0,0,0,0,0,0,0,0,0,0,0
4-213_212_208_999_1_0_0_0_0_0,4,465,2.72,18.77,"{'1-213_': {'VS': 0.878, 'HS': np.float64(5.658), 'MMD': np.float64(2.73)}, '2-213_212_1': {'VS': 0.793, 'HS': np.float64(5.141), 'MMD': np.float64(4.998)}, '3-213_212_208_1_0_0': {'VS': 0.381, 'HS': np.float64(6.363), 'MMD': np.float64(17.229)}, '4-213_212_208_999_1_0_0_0_0_0': {'VS': 0.0, 'HS': 0.0, 'MMD': 0.0}}","{'1-213_': {'VS': 0.915, 'HS': np.float64(3.921), 'MMD': np.float64(3.465)}, '2-213_212_1': {'VS': 0.819, 'HS': np.float64(3.453), 'MMD': np.float64(5.317)}, '3-213_212_208_1_0_0': {'VS': 0.412, 'HS': np.float64(3.049), 'MMD': np.float64(14.61)}, '4-213_212_208_999_1_0_0_0_0_0': {'VS': 0.377, 'HS': np.float64(2.72), 'MMD': np.float64(18.77)}}",465,0.031,2.5,0.031,0,0,0,0,0,0,0,0,0,0,0,0,0,0,0,0,0,0,0,0,0
4-213_212_196_999_1_0_0_0_0_0,4,365,2.627,18.649,"{'1-213_': {'VS': 0.878, 'HS': np.float64(5.658), 'MMD': np.float64(2.73)}, '2-213_212_1': {'VS': 0.793, 'HS': np.float64(5.141), 'MMD': np.float64(4.998)}, '3-213_212_196_1_0_0': {'VS': 0.295, 'HS': np.float64(5.063), 'MMD': np.float64(14.539)}, '4-213_212_196_999_1_0_0_0_0_0': {'VS': 0.0, 'HS': 0.0, 'MMD': 0.0}}","{'1-213_': {'VS': 0.915, 'HS': np.float64(3.921), 'MMD': np.float64(3.465)}, '2-213_212_1': {'VS': 0.819, 'HS': np.float64(3.453), 'MMD': np.float64(5.317)}, '3-213_212_196_1_0_0': {'VS': 0.318, 'HS': np.float64(3.036), 'MMD': np.float64(13.42)}, '4-213_212_196_999_1_0_0_0_0_0': {'VS': 0.296, 'HS': np.float64(2.627), 'MMD': np.float64(18.649)}}",365,0.023,0.631,0.029,0,0,0,0,0,0,0,0,0,0,0,0,0,0,0,0,0,0,0,0,0
4-213_212_224_999_1_0_0_0_0_0,4,604,3.757,18.831,"{'1-213_': {'VS': 0.878, 'HS': np.float64(5.658), 'MMD': np.float64(2.73)}, '2-213_212_1': {'VS': 0.793, 'HS': np.float64(5.141), 'MMD': np.float64(4.998)}, '3-213_212_224_1_0_0': {'VS': 0.212, 'HS': np.float64(5.468), 'MMD': np.float64(13.982)}, '4-213_212_224_999_1_0_0_0_0_0': {'VS': 0.0, 'HS': 0.0, 'MMD': 0.0}}","{'1-213_': {'VS': 0.915, 'HS': np.float64(3.921), 'MMD': np.float64(3.465)}, '2-213_212_1': {'VS': 0.819, 'HS': np.float64(3.453), 'MMD': np.float64(5.317)}, '3-213_212_224_1_0_0': {'VS': 0.515, 'HS': np.float64(4.392), 'MMD': np.float64(14.734)}, '4-213_212_224_999_1_0_0_0_0_0': {'VS': 0.489, 'HS': np.float64(3.757), 'MMD': np.float64(18.831)}}",604,0.303,0.402,0.122,0,0,0,0,0,0,0,0,0,0,0,0,0,0,0,0,0,0,0,0,0
4-213_212_172_999_1_0_0_0_0_0,4,594,2.88,17.972,"{'1-213_': {'VS': 0.878, 'HS': np.float64(5.658), 'MMD': np.float64(2.73)}, '2-213_212_1': {'VS': 0.793, 'HS': np.float64(5.141), 'MMD': np.float64(4.998)}, '3-213_212_172_1_0_0': {'VS': 0.397, 'HS': np.float64(5.007), 'MMD': np.float64(14.133)}, '4-213_212_172_999_1_0_0_0_0_0': {'VS': 0.0, 'HS': 0.0, 'MMD': 0.0}}","{'1-213_': {'VS': 0.915, 'HS': np.float64(3.921), 'MMD': np.float64(3.465)}, '2-213_212_1': {'VS': 0.819, 'HS': np.float64(3.453), 'MMD': np.float64(5.317)}, '3-213_212_172_1_0_0': {'VS': 0.507, 'HS': np.float64(3.241), 'MMD': np.float64(13.805)}, '4-213_212_172_999_1_0_0_0_0_0': {'VS': 0.481, 'HS': np.float64(2.88), 'MMD': np.float64(17.972)}}",594,0.11,0.25,0.058,0,0,0,0,0,0,0,0,0,0,0,0,0,0,0,0,0,0,0,0,0
4-213_212_199_999_1_0_0_0_0_0,4,444,2.698,18.745,"{'1-213_': {'VS': 0.878, 'HS': np.float64(5.658), 'MMD': np.float64(2.73)}, '2-213_212_1': {'VS': 0.793, 'HS': np.float64(5.141), 'MMD': np.float64(4.998)}, '3-213_212_199_1_0_0': {'VS': 0.375, 'HS': np.float64(6.211), 'MMD': np.float64(18.296)}, '4-213_212_199_999_1_0_0_0_0_0': {'VS': 0.0, 'HS': 0.0, 'MMD': 0.0}}","{'1-213_': {'VS': 0.915, 'HS': np.float64(3.921), 'MMD': np.float64(3.465)}, '2-213_212_1': {'VS': 0.819, 'HS': np.float64(3.453), 'MMD': np.float64(5.317)}, '3-213_212_199_1_0_0': {'VS': 0.391, 'HS': np.float64(3.085), 'MMD': np.float64(14.671)}, '4-213_212_199_999_1_0_0_0_0_0': {'VS': 0.36, 'HS': np.float64(2.698), 'MMD': np.float64(18.745)}}",444,0.016,4.594,0.026,0,0,0,0,0,0,0,0,0,0,0,0,0,0,0,0,0,0,0,0,0
4-213_212_221_999_1_0_0_0_0_0,4,343,3.268,18.679,"{'1-213_': {'VS': 0.878, 'HS': np.float64(5.658), 'MMD': np.float64(2.73)}, '2-213_212_1': {'VS': 0.793, 'HS': np.float64(5.141), 'MMD': np.float64(4.998)}, '3-213_212_221_1_0_0': {'VS': 0.306, 'HS': np.float64(7.257), 'MMD': np.float64(14.0)}, '4-213_212_221_999_1_0_0_0_0_0': {'VS': 0.0, 'HS': 0.0, 'MMD': 0.0}}","{'1-213_': {'VS': 0.915, 'HS': np.float64(3.921), 'MMD': np.float64(3.465)}, '2-213_212_1': {'VS': 0.819, 'HS': np.float64(3.453), 'MMD': np.float64(5.317)}, '3-213_212_221_1_0_0': {'VS': 0.301, 'HS': np.float64(3.73), 'MMD': np.float64(13.263)}, '4-213_212_221_999_1_0_0_0_0_0': {'VS': 0.278, 'HS': np.float64(3.268), 'MMD': np.float64(18.679)}}",343,-0.005,0.395,0.019,0,0,0,0,0,0,0,0,0,0,0,0,0,0,0,0,0,0,0,0,0
4-213_212_169_999_1_0_0_0_0_0,4,407,2.85,17.682,"{'1-213_': {'VS': 0.878, 'HS': np.float64(5.658), 'MMD': np.float64(2.73)}, '2-213_212_1': {'VS': 0.793, 'HS': np.float64(5.141), 'MMD': np.float64(4.998)}, '3-213_212_169_1_0_0': {'VS': 0.262, 'HS': np.float64(4.797), 'MMD': np.float64(14.182)}, '4-213_212_169_999_1_0_0_0_0_0': {'VS': 0.0, 'HS': 0.0, 'MMD': 0.0}}","{'1-213_': {'VS': 0.915, 'HS': np.float64(3.921), 'MMD': np.float64(3.465)}, '2-213_212_1': {'VS': 0.819, 'HS': np.float64(3.453), 'MMD': np.float64(5.317)}, '3-213_212_169_1_0_0': {'VS': 0.36, 'HS': np.float64(3.128), 'MMD': np.float64(13.968)}, '4-213_212_169_999_1_0_0_0_0_0': {'VS': 0.33, 'HS': np.float64(2.85), 'MMD': np.float64(17.682)}}",407,0.098,0.229,0.054,0,0,0,0,0,0,0,0,0,0,0,0,0,0,0,0,0,0,0,0,0
3-213_212_999_1_0_0,3,1000,3.18,14.594,"{'1-213_': {'VS': 0.878, 'HS': np.float64(5.658), 'MMD': np.float64(2.73)}, '2-213_212_1': {'VS': 0.793, 'HS': np.float64(5.141), 'MMD': np.float64(4.998)}, '3-213_212_999_1_0_0': {'VS': 0.0, 'HS': 0.0, 'MMD': 0.0}}","{'1-213_': {'VS': 0.915, 'HS': np.float64(3.921), 'MMD': np.float64(3.465)}, '2-213_212_1': {'VS': 0.819, 'HS': np.float64(3.453), 'MMD': np.float64(5.317)}, '3-213_212_999_1_0_0': {'VS': 0.81, 'HS': np.float64(3.18), 'MMD': np.float64(14.594)}}",1000,0.026,0.321,0.031,0,0,0,0,1,1,0,0,0,0,0,0,0,0,0,0,0,0,0,0,1
4-213_212_229_999_1_0_0_0_0_0,4,249,2.313,18.05,"{'1-213_': {'VS': 0.878, 'HS': np.float64(5.658), 'MMD': np.float64(2.73)}, '2-213_212_1': {'VS': 0.793, 'HS': np.float64(5.141), 'MMD': np.float64(4.998)}, '3-213_212_229_1_0_0': {'VS': 0.095, 'HS': np.float64(3.188), 'MMD': np.float64(13.231)}, '4-213_212_229_999_1_0_0_0_0_0': {'VS': 0.0, 'HS': 0.0, 'MMD': 0.0}}","{'1-213_': {'VS': 0.915, 'HS': np.float64(3.921), 'MMD': np.float64(3.465)}, '2-213_212_1': {'VS': 0.819, 'HS': np.float64(3.453), 'MMD': np.float64(5.317)}, '3-213_212_229_1_0_0': {'VS': 0.217, 'HS': np.float64(2.563), 'MMD': np.float64(13.622)}, '4-213_212_229_999_1_0_0_0_0_0': {'VS': 0.202, 'HS': np.float64(2.313), 'MMD': np.float64(18.05)}}",249,0.122,0.265,0.062,0,0,0,0,0,0,0,0,0,0,0,0,0,0,0,0,0,0,0,0,0
4-213_212_157_999_1_0_0_0_0_0,4,366,2.669,18.376,"{'1-213_': {'VS': 0.878, 'HS': np.float64(5.658), 'MMD': np.float64(2.73)}, '2-213_212_1': {'VS': 0.793, 'HS': np.float64(5.141), 'MMD': np.float64(4.998)}, '3-213_212_157_1_0_0': {'VS': 0.296, 'HS': np.float64(5.411), 'MMD': np.float64(15.724)}, '4-213_212_157_999_1_0_0_0_0_0': {'VS': 0.0, 'HS': 0.0, 'MMD': 0.0}}","{'1-213_': {'VS': 0.915, 'HS': np.float64(3.921), 'MMD': np.float64(3.465)}, '2-213_212_1': {'VS': 0.819, 'HS': np.float64(3.453), 'MMD': np.float64(5.317)}, '3-213_212_157_1_0_0': {'VS': 0.316, 'HS': np.float64(3.021), 'MMD': np.float64(13.953)}, '4-213_212_157_999_1_0_0_0_0_0': {'VS': 0.297, 'HS': np.float64(2.669), 'MMD': np.float64(18.376)}}",366,0.02,1.259,0.028,0,0,0,0,0,0,0,0,0,0,0,0,0,0,0,0,0,0,0,0,0
4-213_212_178_999_1_0_0_0_0_0,4,472,2.716,17.4,"{'1-213_': {'VS': 0.878, 'HS': np.float64(5.658), 'MMD': np.float64(2.73)}, '2-213_212_1': {'VS': 0.793, 'HS': np.float64(5.141), 'MMD': np.float64(4.998)}, '3-213_212_178_1_0_0': {'VS': 0.199, 'HS': np.float64(3.62), 'MMD': np.float64(14.176)}, '4-213_212_178_999_1_0_0_0_0_0': {'VS': 0.0, 'HS': 0.0, 'MMD': 0.0}}","{'1-213_': {'VS': 0.915, 'HS': np.float64(3.921), 'MMD': np.float64(3.465)}, '2-213_212_1': {'VS': 0.819, 'HS': np.float64(3.453), 'MMD': np.float64(5.317)}, '3-213_212_178_1_0_0': {'VS': 0.396, 'HS': np.float64(3.018), 'MMD': np.float64(14.139)}, '4-213_212_178_999_1_0_0_0_0_0': {'VS': 0.382, 'HS': np.float64(2.716), 'MMD': np.float64(17.4)}}",472,0.197,0.214,0.087,0,0,0,0,0,0,0,0,0,0,0,0,0,0,0,0,0,0,0,0,0
4-213_212_215_999_1_0_0_0_0_0,4,327,4.284,18.788,"{'1-213_': {'VS': 0.878, 'HS': np.float64(5.658), 'MMD': np.float64(2.73)}, '2-213_212_1': {'VS': 0.793, 'HS': np.float64(5.141), 'MMD': np.float64(4.998)}, '3-213_212_215_1_0_0': {'VS': 0.288, 'HS': np.float64(10.003), 'MMD': np.float64(13.303)}, '4-213_212_215_999_1_0_0_0_0_0': {'VS': 0.0, 'HS': 0.0, 'MMD': 0.0}}","{'1-213_': {'VS': 0.915, 'HS': np.float64(3.921), 'MMD': np.float64(3.465)}, '2-213_212_1': {'VS': 0.819, 'HS': np.float64(3.453), 'MMD': np.float64(5.317)}, '3-213_212_215_1_0_0': {'VS': 0.284, 'HS': np.float64(4.912), 'MMD': np.float64(12.711)}, '4-213_212_215_999_1_0_0_0_0_0': {'VS': 0.265, 'HS': np.float64(4.284), 'MMD': np.float64(18.788)}}",327,-0.004,0.331,0.02,0,0,0,0,0,0,0,0,0,0,0,0,0,0,0,0,0,0,0,0,0
3-213_220_999_0_0_0,3,527,3.723,17.862,"{'1-213_': {'VS': 0.878, 'HS': np.float64(5.658), 'MMD': np.float64(2.73)}, '2-213_220_0': {'VS': 0.408, 'HS': np.float64(8.17), 'MMD': np.float64(14.767)}, '3-213_220_999_0_0_0': {'VS': 0.0, 'HS': 0.0, 'MMD': 0.0}}","{'1-213_': {'VS': 0.915, 'HS': np.float64(3.921), 'MMD': np.float64(3.465)}, '2-213_220_0': {'VS': 0.454, 'HS': np.float64(4.162), 'MMD': np.float64(12.929)}, '3-213_220_999_0_0_0': {'VS': 0.427, 'HS': np.float64(3.723), 'MMD': np.float64(17.862)}}",527,0.046,1.959,0.042,0,0,0,0,0,0,0,0,0,0,0,0,0,0,0,0,0,0,0,0,0
3-213_208_999_0_0_0,3,576,3.186,18.09,"{'1-213_': {'VS': 0.878, 'HS': np.float64(5.658), 'MMD': np.float64(2.73)}, '2-213_208_0': {'VS': 0.455, 'HS': np.float64(7.095), 'MMD': np.float64(15.344)}, '3-213_208_999_0_0_0': {'VS': 0.0, 'HS': 0.0, 'MMD': 0.0}}","{'1-213_': {'VS': 0.915, 'HS': np.float64(3.921), 'MMD': np.float64(3.465)}, '2-213_208_0': {'VS': 0.496, 'HS': np.float64(3.603), 'MMD': np.float64(13.313)}, '3-213_208_999_0_0_0': {'VS': 0.467, 'HS': np.float64(3.186), 'MMD': np.float64(18.09)}}",576,0.041,2.333,0.039,0,0,0,0,0,0,0,0,0,0,0,0,0,0,0,0,0,0,0,0,0
3-213_196_999_0_0_0,3,438,3.094,17.999,"{'1-213_': {'VS': 0.878, 'HS': np.float64(5.658), 'MMD': np.float64(2.73)}, '2-213_196_0': {'VS': 0.349, 'HS': np.float64(5.736), 'MMD': np.float64(12.682)}, '3-213_196_999_0_0_0': {'VS': 0.0, 'HS': 0.0, 'MMD': 0.0}}","{'1-213_': {'VS': 0.915, 'HS': np.float64(3.921), 'MMD': np.float64(3.465)}, '2-213_196_0': {'VS': 0.382, 'HS': np.float64(3.479), 'MMD': np.float64(12.033)}, '3-213_196_999_0_0_0': {'VS': 0.355, 'HS': np.float64(3.094), 'MMD': np.float64(17.999)}}",438,0.033,0.481,0.035,0,0,0,0,0,0,0,0,0,0,0,0,0,0,0,0,0,0,0,0,0
4-213_224_172_999_0_0_0_0_0_0,4,285,3.474,19.928,"{'1-213_': {'VS': 0.878, 'HS': np.float64(5.658), 'MMD': np.float64(2.73)}, '2-213_224_0': {'VS': 0.275, 'HS': np.float64(5.925), 'MMD': np.float64(12.036)}, '3-213_224_172_0_0_0': {'VS': 0.089, 'HS': np.float64(5.21), 'MMD': np.float64(17.606)}, '4-213_224_172_999_0_0_0_0_0_0': {'VS': 0.0, 'HS': 0.0, 'MMD': 0.0}}","{'1-213_': {'VS': 0.915, 'HS': np.float64(3.921), 'MMD': np.float64(3.465)}, '2-213_224_0': {'VS': 0.601, 'HS': np.float64(5.271), 'MMD': np.float64(13.445)}, '3-213_224_172_0_0_0': {'VS': 0.263, 'HS': np.float64(3.874), 'MMD': np.float64(17.342)}, '4-213_224_172_999_0_0_0_0_0_0': {'VS': 0.231, 'HS': np.float64(3.474), 'MMD': np.float64(19.928)}}",285,0.174,0.865,0.179,0,0,0,0,0,0,0,0,0,0,0,0,0,0,0,0,0,0,0,0,0
3-213_224_999_0_0_0,3,711,4.585,18.101,"{'1-213_': {'VS': 0.878, 'HS': np.float64(5.658), 'MMD': np.float64(2.73)}, '2-213_224_0': {'VS': 0.275, 'HS': np.float64(5.925), 'MMD': np.float64(12.036)}, '3-213_224_999_0_0_0': {'VS': 0.0, 'HS': 0.0, 'MMD': 0.0}}","{'1-213_': {'VS': 0.915, 'HS': np.float64(3.921), 'MMD': np.float64(3.465)}, '2-213_224_0': {'VS': 0.601, 'HS': np.float64(5.271), 'MMD': np.float64(13.445)}, '3-213_224_999_0_0_0': {'VS': 0.576, 'HS': np.float64(4.585), 'MMD': np.float64(18.101)}}",711,0.326,1.263,0.181,0,0,0,0,1,0,0,0,1,0,0,0,0,0,0,0,0,0,0,0,1
3-213_224_999_1_0_0,3,319,1.31,14.51,"{'1-213_': {'VS': 0.878, 'HS': np.float64(5.658), 'MMD': np.float64(2.73)}, '2-213_224_1': {'VS': 0.132, 'HS': np.float64(1.317), 'MMD': np.float64(6.122)}, '3-213_224_999_1_0_0': {'VS': 0.0, 'HS': 0.0, 'MMD': 0.0}}","{'1-213_': {'VS': 0.915, 'HS': np.float64(3.921), 'MMD': np.float64(3.465)}, '2-213_224_1': {'VS': 0.275, 'HS': np.float64(1.33), 'MMD': np.float64(6.131)}, '3-213_224_999_1_0_0': {'VS': 0.259, 'HS': np.float64(1.31), 'MMD': np.float64(14.51)}}",319,0.143,0.27,0.09,0,0,0,0,0,0,0,0,0,0,0,0,0,0,0,0,0,0,0,0,0
3-213_222_999_0_0_0,3,269,3.777,18.993,"{'1-213_': {'VS': 0.878, 'HS': np.float64(5.658), 'MMD': np.float64(2.73)}, '2-213_222_0': {'VS': 0.244, 'HS': np.float64(8.408), 'MMD': np.float64(12.189)}, '3-213_222_999_0_0_0': {'VS': 0.0, 'HS': 0.0, 'MMD': 0.0}}","{'1-213_': {'VS': 0.915, 'HS': np.float64(3.921), 'MMD': np.float64(3.465)}, '2-213_222_0': {'VS': 0.224, 'HS': np.float64(4.588), 'MMD': np.float64(11.62)}, '3-213_222_999_0_0_0': {'VS': 0.218, 'HS': np.float64(3.777), 'MMD': np.float64(18.993)}}",269,-0.02,0.432,0.009,0,0,0,0,0,0,0,0,0,0,0,0,0,0,0,0,0,0,0,0,0
3-213_172_999_0_0_0,3,687,3.501,17.062,"{'1-213_': {'VS': 0.878, 'HS': np.float64(5.658), 'MMD': np.float64(2.73)}, '2-213_172_0': {'VS': 0.473, 'HS': np.float64(5.698), 'MMD': np.float64(12.502)}, '3-213_172_999_0_0_0': {'VS': 0.0, 'HS': 0.0, 'MMD': 0.0}}","{'1-213_': {'VS': 0.915, 'HS': np.float64(3.921), 'MMD': np.float64(3.465)}, '2-213_172_0': {'VS': 0.582, 'HS': np.float64(3.882), 'MMD': np.float64(12.435)}, '3-213_172_999_0_0_0': {'VS': 0.557, 'HS': np.float64(3.501), 'MMD': np.float64(17.062)}}",687,0.109,0.272,0.073,0,0,0,0,1,0,0,0,0,0,0,0,0,0,0,0,0,0,0,0,1
3-213_199_999_0_0_0,3,535,3.215,18.239,"{'1-213_': {'VS': 0.878, 'HS': np.float64(5.658), 'MMD': np.float64(2.73)}, '2-213_199_0': {'VS': 0.442, 'HS': np.float64(7.159), 'MMD': np.float64(16.284)}, '3-213_199_999_0_0_0': {'VS': 0.0, 'HS': 0.0, 'MMD': 0.0}}","{'1-213_': {'VS': 0.915, 'HS': np.float64(3.921), 'MMD': np.float64(3.465)}, '2-213_199_0': {'VS': 0.459, 'HS': np.float64(3.675), 'MMD': np.float64(13.659)}, '3-213_199_999_0_0_0': {'VS': 0.434, 'HS': np.float64(3.215), 'MMD': np.float64(18.239)}}",535,0.017,3.715,0.027,0,0,0,0,0,0,0,0,0,0,0,0,0,0,0,0,0,0,0,0,0
3-213_211_999_0_0_0,3,300,3.24,17.365,"{'1-213_': {'VS': 0.878, 'HS': np.float64(5.658), 'MMD': np.float64(2.73)}, '2-213_211_0': {'VS': 0.316, 'HS': np.float64(6.611), 'MMD': np.float64(11.504)}, '3-213_211_999_0_0_0': {'VS': 0.0, 'HS': 0.0, 'MMD': 0.0}}","{'1-213_': {'VS': 0.915, 'HS': np.float64(3.921), 'MMD': np.float64(3.465)}, '2-213_211_0': {'VS': 0.251, 'HS': np.float64(3.803), 'MMD': np.float64(10.213)}, '3-213_211_999_0_0_0': {'VS': 0.243, 'HS': np.float64(3.24), 'MMD': np.float64(17.365)}}",300,-0.065,1.103,-0.014,0,0,0,0,0,0,0,0,0,0,0,0,0,0,0,0,0,0,0,0,0
3-213_221_999_0_0_0,3,413,3.879,18.07,"{'1-213_': {'VS': 0.878, 'HS': np.float64(5.658), 'MMD': np.float64(2.73)}, '2-213_221_0': {'VS': 0.356, 'HS': np.float64(8.302), 'MMD': np.float64(12.279)}, '3-213_221_999_0_0_0': {'VS': 0.0, 'HS': 0.0, 'MMD': 0.0}}","{'1-213_': {'VS': 0.915, 'HS': np.float64(3.921), 'MMD': np.float64(3.465)}, '2-213_221_0': {'VS': 0.353, 'HS': np.float64(4.463), 'MMD': np.float64(11.911)}, '3-213_221_999_0_0_0': {'VS': 0.335, 'HS': np.float64(3.879), 'MMD': np.float64(18.07)}}",413,-0.003,0.338,0.017,0,0,0,0,0,0,0,0,0,0,0,0,0,0,0,0,0,0,0,0,0
3-213_169_999_0_0_0,3,498,3.255,16.956,"{'1-213_': {'VS': 0.878, 'HS': np.float64(5.658), 'MMD': np.float64(2.73)}, '2-213_169_0': {'VS': 0.305, 'HS': np.float64(5.565), 'MMD': np.float64(12.556)}, '3-213_169_999_0_0_0': {'VS': 0.0, 'HS': 0.0, 'MMD': 0.0}}","{'1-213_': {'VS': 0.915, 'HS': np.float64(3.921), 'MMD': np.float64(3.465)}, '2-213_169_0': {'VS': 0.42, 'HS': np.float64(3.639), 'MMD': np.float64(12.481)}, '3-213_169_999_0_0_0': {'VS': 0.404, 'HS': np.float64(3.255), 'MMD': np.float64(16.956)}}",498,0.115,0.273,0.076,0,0,0,0,0,0,0,0,0,0,0,0,0,0,0,0,0,0,0,0,0
3-213_175_999_0_0_0,3,247,2.798,17.609,"{'1-213_': {'VS': 0.878, 'HS': np.float64(5.658), 'MMD': np.float64(2.73)}, '2-213_175_0': {'VS': 0.199, 'HS': np.float64(3.983), 'MMD': np.float64(12.068)}, '3-213_175_999_0_0_0': {'VS': 0.0, 'HS': 0.0, 'MMD': 0.0}}","{'1-213_': {'VS': 0.915, 'HS': np.float64(3.921), 'MMD': np.float64(3.465)}, '2-213_175_0': {'VS': 0.216, 'HS': np.float64(3.011), 'MMD': np.float64(11.839)}, '3-213_175_999_0_0_0': {'VS': 0.2, 'HS': np.float64(2.798), 'MMD': np.float64(17.609)}}",247,0.017,0.296,0.027,0,0,0,0,0,0,0,0,0,0,0,0,0,0,0,0,0,0,0,0,0
2-213_999_0,2,1124,3.632,13.689,"{'1-213_': {'VS': 0.878, 'HS': np.float64(5.658), 'MMD': np.float64(2.73)}, '2-213_999_0': {'VS': 0.0, 'HS': 0.0, 'MMD': 0.0}}","{'1-213_': {'VS': 0.915, 'HS': np.float64(3.921), 'MMD': np.float64(3.465)}, '2-213_999_0': {'VS': 0.911, 'HS': np.float64(3.632), 'MMD': np.float64(13.689)}}",1124,0.037,0.54,0.037,0,0,0,0,1,1,1,0,0,0,0,0,0,0,0,0,0,0,0,0,1
3-213_229_999_0_0_0,3,306,2.699,17.33,"{'1-213_': {'VS': 0.878, 'HS': np.float64(5.658), 'MMD': np.float64(2.73)}, '2-213_229_0': {'VS': 0.118, 'HS': np.float64(3.382), 'MMD': np.float64(11.354)}, '3-213_229_999_0_0_0': {'VS': 0.0, 'HS': 0.0, 'MMD': 0.0}}","{'1-213_': {'VS': 0.915, 'HS': np.float64(3.921), 'MMD': np.float64(3.465)}, '2-213_229_0': {'VS': 0.259, 'HS': np.float64(3.016), 'MMD': np.float64(12.179)}, '3-213_229_999_0_0_0': {'VS': 0.248, 'HS': np.float64(2.699), 'MMD': np.float64(17.33)}}",306,0.141,0.61,0.089,0,0,0,0,0,0,0,0,0,0,0,0,0,0,0,0,0,0,0,0,0
3-213_157_999_0_0_0,3,444,3.169,17.765,"{'1-213_': {'VS': 0.878, 'HS': np.float64(5.658), 'MMD': np.float64(2.73)}, '2-213_157_0': {'VS': 0.348, 'HS': np.float64(6.085), 'MMD': np.float64(14.191)}, '3-213_157_999_0_0_0': {'VS': 0.0, 'HS': 0.0, 'MMD': 0.0}}","{'1-213_': {'VS': 0.915, 'HS': np.float64(3.921), 'MMD': np.float64(3.465)}, '2-213_157_0': {'VS': 0.376, 'HS': np.float64(3.58), 'MMD': np.float64(12.781)}, '3-213_157_999_0_0_0': {'VS': 0.36, 'HS': np.float64(3.169), 'MMD': np.float64(17.765)}}",444,0.028,1.264,0.033,0,0,0,0,0,0,0,0,0,0,0,0,0,0,0,0,0,0,0,0,0
3-213_178_999_0_0_0,3,532,3.256,16.28,"{'1-213_': {'VS': 0.878, 'HS': np.float64(5.658), 'MMD': np.float64(2.73)}, '2-213_178_0': {'VS': 0.234, 'HS': np.float64(4.152), 'MMD': np.float64(12.734)}, '3-213_178_999_0_0_0': {'VS': 0.0, 'HS': 0.0, 'MMD': 0.0}}","{'1-213_': {'VS': 0.915, 'HS': np.float64(3.921), 'MMD': np.float64(3.465)}, '2-213_178_0': {'VS': 0.442, 'HS': np.float64(3.602), 'MMD': np.float64(12.706)}, '3-213_178_999_0_0_0': {'VS': 0.431, 'HS': np.float64(3.256), 'MMD': np.float64(16.28)}}",532,0.208,0.271,0.123,0,0,0,0,0,0,0,0,0,0,0,0,0,0,0,0,0,0,0,0,0
3-213_215_999_0_0_0,3,375,5.069,17.983,"{'1-213_': {'VS': 0.878, 'HS': np.float64(5.658), 'MMD': np.float64(2.73)}, '2-213_215_0': {'VS': 0.321, 'HS': np.float64(11.344), 'MMD': np.float64(11.626)}, '3-213_215_999_0_0_0': {'VS': 0.0, 'HS': 0.0, 'MMD': 0.0}}","{'1-213_': {'VS': 0.915, 'HS': np.float64(3.921), 'MMD': np.float64(3.465)}, '2-213_215_0': {'VS': 0.319, 'HS': np.float64(5.853), 'MMD': np.float64(11.343)}, '3-213_215_999_0_0_0': {'VS': 0.304, 'HS': np.float64(5.069), 'MMD': np.float64(17.983)}}",375,-0.002,0.31,0.018,0,0,0,0,0,0,0,0,0,0,0,0,0,0,0,0,0,0,0,0,0
3-213_136_999_0_0_0,3,286,2.58,18.193,"{'1-213_': {'VS': 0.878, 'HS': np.float64(5.658), 'MMD': np.float64(2.73)}, '2-213_136_0': {'VS': 0.115, 'HS': np.float64(3.162), 'MMD': np.float64(9.287)}, '3-213_136_999_0_0_0': {'VS': 0.0, 'HS': 0.0, 'MMD': 0.0}}","{'1-213_': {'VS': 0.915, 'HS': np.float64(3.921), 'MMD': np.float64(3.465)}, '2-213_136_0': {'VS': 0.253, 'HS': np.float64(2.853), 'MMD': np.float64(9.944)}, '3-213_136_999_0_0_0': {'VS': 0.232, 'HS': np.float64(2.58), 'MMD': np.float64(18.193)}}",286,0.138,0.486,0.088,0,0,0,0,0,0,0,0,0,0,0,0,0,0,0,0,0,0,0,0,0
3-172_214_999_0_0_0,3,261,2.356,16.714,"{'1-172_': {'VS': 0.639, 'HS': np.float64(2.226), 'MMD': np.float64(2.7)}, '2-172_214_0': {'VS': 0.239, 'HS': np.float64(4.314), 'MMD': np.float64(18.268)}, '3-172_214_999_0_0_0': {'VS': 0.0, 'HS': 0.0, 'MMD': 0.0}}","{'1-172_': {'VS': 0.75, 'HS': np.float64(1.758), 'MMD': np.float64(2.521)}, '2-172_214_0': {'VS': 0.237, 'HS': np.float64(2.549), 'MMD': np.float64(13.413)}, '3-172_214_999_0_0_0': {'VS': 0.212, 'HS': np.float64(2.356), 'MMD': np.float64(16.714)}}",261,-0.002,11.802,0.054,0,0,0,0,0,0,0,0,0,0,0,0,0,0,0,0,0,0,0,0,0
3-172_202_999_0_0_0,3,351,1.752,17.274,"{'1-172_': {'VS': 0.639, 'HS': np.float64(2.226), 'MMD': np.float64(2.7)}, '2-172_202_0': {'VS': 0.351, 'HS': np.float64(3.195), 'MMD': np.float64(15.032)}, '3-172_202_999_0_0_0': {'VS': 0.0, 'HS': 0.0, 'MMD': 0.0}}","{'1-172_': {'VS': 0.75, 'HS': np.float64(1.758), 'MMD': np.float64(2.521)}, '2-172_202_0': {'VS': 0.317, 'HS': np.float64(1.941), 'MMD': np.float64(12.693)}, '3-172_202_999_0_0_0': {'VS': 0.284, 'HS': np.float64(1.752), 'MMD': np.float64(17.274)}}",351,-0.034,2.751,0.039,0,0,0,0,0,0,0,0,0,0,0,0,0,0,0,0,0,0,0,0,0
3-172_225_999_0_0_0,3,352,2.196,16.734,"{'1-172_': {'VS': 0.639, 'HS': np.float64(2.226), 'MMD': np.float64(2.7)}, '2-172_225_0': {'VS': 0.153, 'HS': np.float64(2.842), 'MMD': np.float64(9.886)}, '3-172_225_999_0_0_0': {'VS': 0.0, 'HS': 0.0, 'MMD': 0.0}}","{'1-172_': {'VS': 0.75, 'HS': np.float64(1.758), 'MMD': np.float64(2.521)}, '2-172_225_0': {'VS': 0.311, 'HS': np.float64(2.443), 'MMD': np.float64(10.621)}, '3-172_225_999_0_0_0': {'VS': 0.285, 'HS': np.float64(2.196), 'MMD': np.float64(16.734)}}",352,0.158,0.286,0.135,0,0,0,0,0,0,0,0,0,0,0,0,0,0,0,0,0,0,0,0,0
3-172_212_999_0_0_0,3,531,2.951,16.387,"{'1-172_': {'VS': 0.639, 'HS': np.float64(2.226), 'MMD': np.float64(2.7)}, '2-172_212_0': {'VS': 0.485, 'HS': np.float64(5.986), 'MMD': np.float64(11.88)}, '3-172_212_999_0_0_0': {'VS': 0.0, 'HS': 0.0, 'MMD': 0.0}}","{'1-172_': {'VS': 0.75, 'HS': np.float64(1.758), 'MMD': np.float64(2.521)}, '2-172_212_0': {'VS': 0.468, 'HS': np.float64(3.341), 'MMD': np.float64(11.15)}, '3-172_212_999_0_0_0': {'VS': 0.43, 'HS': np.float64(2.951), 'MMD': np.float64(16.387)}}",531,-0.017,0.282,0.047,0,0,0,0,0,0,0,0,0,0,0,0,0,0,0,0,0,0,0,0,0
3-172_220_999_0_0_0,3,294,1.942,17.302,"{'1-172_': {'VS': 0.639, 'HS': np.float64(2.226), 'MMD': np.float64(2.7)}, '2-172_220_0': {'VS': 0.268, 'HS': np.float64(3.542), 'MMD': np.float64(14.538)}, '3-172_220_999_0_0_0': {'VS': 0.0, 'HS': 0.0, 'MMD': 0.0}}","{'1-172_': {'VS': 0.75, 'HS': np.float64(1.758), 'MMD': np.float64(2.521)}, '2-172_220_0': {'VS': 0.268, 'HS': np.float64(2.145), 'MMD': np.float64(12.632)}, '3-172_220_999_0_0_0': {'VS': 0.238, 'HS': np.float64(1.942), 'MMD': np.float64(17.302)}}",294,0.0,1.832,0.055,0,0,0,0,0,0,0,0,0,0,0,0,0,0,0,0,0,0,0,0,0
3-172_208_999_0_0_0,3,313,1.681,17.013,"{'1-172_': {'VS': 0.639, 'HS': np.float64(2.226), 'MMD': np.float64(2.7)}, '2-172_208_0': {'VS': 0.297, 'HS': np.float64(2.982), 'MMD': np.float64(15.126)}, '3-172_208_999_0_0_0': {'VS': 0.0, 'HS': 0.0, 'MMD': 0.0}}","{'1-172_': {'VS': 0.75, 'HS': np.float64(1.758), 'MMD': np.float64(2.521)}, '2-172_208_0': {'VS': 0.291, 'HS': np.float64(1.85), 'MMD': np.float64(12.798)}, '3-172_208_999_0_0_0': {'VS': 0.254, 'HS': np.float64(1.681), 'MMD': np.float64(17.013)}}",313,-0.006,2.726,0.052,0,0,0,0,0,0,0,0,0,0,0,0,0,0,0,0,0,0,0,0,0
3-172_196_999_0_0_0,3,256,1.551,17.128,"{'1-172_': {'VS': 0.639, 'HS': np.float64(2.226), 'MMD': np.float64(2.7)}, '2-172_196_0': {'VS': 0.214, 'HS': np.float64(2.695), 'MMD': np.float64(12.946)}, '3-172_196_999_0_0_0': {'VS': 0.0, 'HS': 0.0, 'MMD': 0.0}}","{'1-172_': {'VS': 0.75, 'HS': np.float64(1.758), 'MMD': np.float64(2.521)}, '2-172_196_0': {'VS': 0.229, 'HS': np.float64(1.686), 'MMD': np.float64(11.679)}, '3-172_196_999_0_0_0': {'VS': 0.207, 'HS': np.float64(1.551), 'MMD': np.float64(17.128)}}",256,0.015,0.819,0.063,0,0,0,0,0,0,0,0,0,0,0,0,0,0,0,0,0,0,0,0,0
3-172_224_999_0_0_0,3,383,2.326,16.738,"{'1-172_': {'VS': 0.639, 'HS': np.float64(2.226), 'MMD': np.float64(2.7)}, '2-172_224_0': {'VS': 0.153, 'HS': np.float64(3.298), 'MMD': np.float64(12.6)}, '3-172_224_999_0_0_0': {'VS': 0.0, 'HS': 0.0, 'MMD': 0.0}}","{'1-172_': {'VS': 0.75, 'HS': np.float64(1.758), 'MMD': np.float64(2.521)}, '2-172_224_0': {'VS': 0.341, 'HS': np.float64(2.577), 'MMD': np.float64(12.552)}, '3-172_224_999_0_0_0': {'VS': 0.31, 'HS': np.float64(2.326), 'MMD': np.float64(16.738)}}",383,0.188,0.017,0.15,0,0,0,0,0,0,0,0,0,0,0,0,0,0,0,0,0,0,0,0,0
3-172_213_999_0_0_0,3,500,2.898,16.313,"{'1-172_': {'VS': 0.639, 'HS': np.float64(2.226), 'MMD': np.float64(2.7)}, '2-172_213_0': {'VS': 0.448, 'HS': np.float64(5.566), 'MMD': np.float64(12.079)}, '3-172_213_999_0_0_0': {'VS': 0.0, 'HS': 0.0, 'MMD': 0.0}}","{'1-172_': {'VS': 0.75, 'HS': np.float64(1.758), 'MMD': np.float64(2.521)}, '2-172_213_0': {'VS': 0.442, 'HS': np.float64(3.262), 'MMD': np.float64(10.968)}, '3-172_213_999_0_0_0': {'VS': 0.405, 'HS': np.float64(2.898), 'MMD': np.float64(16.313)}}",500,-0.006,0.633,0.052,0,0,0,0,0,0,0,0,0,0,0,0,0,0,0,0,0,0,0,0,0
3-172_199_999_0_0_0,3,304,1.72,17.189,"{'1-172_': {'VS': 0.639, 'HS': np.float64(2.226), 'MMD': np.float64(2.7)}, '2-172_199_0': {'VS': 0.293, 'HS': np.float64(3.049), 'MMD': np.float64(16.036)}, '3-172_199_999_0_0_0': {'VS': 0.0, 'HS': 0.0, 'MMD': 0.0}}","{'1-172_': {'VS': 0.75, 'HS': np.float64(1.758), 'MMD': np.float64(2.521)}, '2-172_199_0': {'VS': 0.275, 'HS': np.float64(1.944), 'MMD': np.float64(12.755)}, '3-172_199_999_0_0_0': {'VS': 0.246, 'HS': np.float64(1.72), 'MMD': np.float64(17.189)}}",304,-0.018,5.399,0.047,0,0,0,0,0,0,0,0,0,0,0,0,0,0,0,0,0,0,0,0,0
3-172_169_999_0_0_0,3,314,1.666,16.593,"{'1-172_': {'VS': 0.639, 'HS': np.float64(2.226), 'MMD': np.float64(2.7)}, '2-172_169_0': {'VS': 0.217, 'HS': np.float64(2.969), 'MMD': np.float64(13.18)}, '3-172_169_999_0_0_0': {'VS': 0.0, 'HS': 0.0, 'MMD': 0.0}}","{'1-172_': {'VS': 0.75, 'HS': np.float64(1.758), 'MMD': np.float64(2.521)}, '2-172_169_0': {'VS': 0.283, 'HS': np.float64(1.802), 'MMD': np.float64(12.598)}, '3-172_169_999_0_0_0': {'VS': 0.254, 'HS': np.float64(1.666), 'MMD': np.float64(16.593)}}",314,0.066,0.185,0.088,0,0,0,0,0,0,0,0,0,0,0,0,0,0,0,0,0,0,0,0,0
2-172_999_0,2,907,1.669,10.553,"{'1-172_': {'VS': 0.639, 'HS': np.float64(2.226), 'MMD': np.float64(2.7)}, '2-172_999_0': {'VS': 0.0, 'HS': 0.0, 'MMD': 0.0}}","{'1-172_': {'VS': 0.75, 'HS': np.float64(1.758), 'MMD': np.float64(2.521)}, '2-172_999_0': {'VS': 0.735, 'HS': np.float64(1.669), 'MMD': np.float64(10.553)}}",907,0.111,0.032,0.111,0,0,0,0,1,1,0,0,0,0,0,0,0,0,0,0,0,0,0,0,1
3-172_157_999_0_0_0,3,260,1.704,17.008,"{'1-172_': {'VS': 0.639, 'HS': np.float64(2.226), 'MMD': np.float64(2.7)}, '2-172_157_0': {'VS': 0.234, 'HS': np.float64(2.699), 'MMD': np.float64(14.468)}, '3-172_157_999_0_0_0': {'VS': 0.0, 'HS': 0.0, 'MMD': 0.0}}","{'1-172_': {'VS': 0.75, 'HS': np.float64(1.758), 'MMD': np.float64(2.521)}, '2-172_157_0': {'VS': 0.231, 'HS': np.float64(1.881), 'MMD': np.float64(12.571)}, '3-172_157_999_0_0_0': {'VS': 0.211, 'HS': np.float64(1.704), 'MMD': np.float64(17.008)}}",260,-0.003,1.815,0.054,0,0,0,0,0,0,0,0,0,0,0,0,0,0,0,0,0,0,0,0,0
3-172_178_999_0_0_0,3,290,1.555,16.462,"{'1-172_': {'VS': 0.639, 'HS': np.float64(2.226), 'MMD': np.float64(2.7)}, '2-172_178_0': {'VS': 0.164, 'HS': np.float64(2.264), 'MMD': np.float64(13.048)}, '3-172_178_999_0_0_0': {'VS': 0.0, 'HS': 0.0, 'MMD': 0.0}}","{'1-172_': {'VS': 0.75, 'HS': np.float64(1.758), 'MMD': np.float64(2.521)}, '2-172_178_0': {'VS': 0.258, 'HS': np.float64(1.642), 'MMD': np.float64(13.118)}, '3-172_178_999_0_0_0': {'VS': 0.235, 'HS': np.float64(1.555), 'MMD': np.float64(16.462)}}",290,0.094,0.018,0.102,0,0,0,0,0,0,0,0,0,0,0,0,0,0,0,0,0,0,0,0,0
3-172_178_999_6_0_0,3,282,1.05,7.491,"{'1-172_': {'VS': 0.639, 'HS': np.float64(2.226), 'MMD': np.float64(2.7)}, '2-172_178_6': {'VS': 0.127, 'HS': np.float64(1.266), 'MMD': np.float64(1.426)}, '3-172_178_999_6_0_0': {'VS': 0.0, 'HS': 0.0, 'MMD': 0.0}}","{'1-172_': {'VS': 0.75, 'HS': np.float64(1.758), 'MMD': np.float64(2.521)}, '2-172_178_6': {'VS': 0.236, 'HS': np.float64(1.055), 'MMD': np.float64(1.376)}, '3-172_178_999_6_0_0': {'VS': 0.229, 'HS': np.float64(1.05), 'MMD': np.float64(7.491)}}",282,0.109,0.017,0.11,0,0,0,0,0,0,0,0,0,0,0,0,0,0,0,0,0,0,0,0,0
3-199_214_999_0_0_0,3,250,2.508,21.064,"{'1-199_': {'VS': 0.723, 'HS': np.float64(2.566), 'MMD': np.float64(11.153)}, '2-199_214_0': {'VS': 0.241, 'HS': np.float64(5.053), 'MMD': np.float64(21.817)}, '3-199_214_999_0_0_0': {'VS': 0.0, 'HS': 0.0, 'MMD': 0.0}}","{'1-199_': {'VS': 0.889, 'HS': np.float64(1.804), 'MMD': np.float64(13.416)}, '2-199_214_0': {'VS': 0.219, 'HS': np.float64(2.83), 'MMD': np.float64(17.409)}, '3-199_214_999_0_0_0': {'VS': 0.203, 'HS': np.float64(2.508), 'MMD': np.float64(21.064)}}",250,-0.022,12.276,0.072,0,0,0,0,0,0,0,0,0,0,0,0,0,0,0,0,0,0,0,0,0
3-199_202_999_0_0_0,3,385,1.777,21.289,"{'1-199_': {'VS': 0.723, 'HS': np.float64(2.566), 'MMD': np.float64(11.153)}, '2-199_202_0': {'VS': 0.364, 'HS': np.float64(3.735), 'MMD': np.float64(18.573)}, '3-199_202_999_0_0_0': {'VS': 0.0, 'HS': 0.0, 'MMD': 0.0}}","{'1-199_': {'VS': 0.889, 'HS': np.float64(1.804), 'MMD': np.float64(13.416)}, '2-199_202_0': {'VS': 0.34, 'HS': np.float64(1.986), 'MMD': np.float64(16.58)}, '3-199_202_999_0_0_0': {'VS': 0.312, 'HS': np.float64(1.777), 'MMD': np.float64(21.289)}}",385,-0.024,4.547,0.071,0,0,0,0,0,0,0,0,0,0,0,0,0,0,0,0,0,0,0,0,0
3-199_202_999_4_0_0,3,359,1.552,28.882,"{'1-199_': {'VS': 0.723, 'HS': np.float64(2.566), 'MMD': np.float64(11.153)}, '2-199_202_4': {'VS': 0.235, 'HS': np.float64(2.665), 'MMD': np.float64(28.36)}, '3-199_202_999_4_0_0': {'VS': 0.0, 'HS': 0.0, 'MMD': 0.0}}","{'1-199_': {'VS': 0.889, 'HS': np.float64(1.804), 'MMD': np.float64(13.416)}, '2-199_202_4': {'VS': 0.302, 'HS': np.float64(1.649), 'MMD': np.float64(24.773)}, '3-199_202_999_4_0_0': {'VS': 0.291, 'HS': np.float64(1.552), 'MMD': np.float64(28.882)}}",359,0.067,8.994,0.117,0,0,0,0,0,0,0,0,0,0,0,0,0,0,0,0,0,0,0,0,0
3-199_225_999_0_0_0,3,361,2.446,21.234,"{'1-199_': {'VS': 0.723, 'HS': np.float64(2.566), 'MMD': np.float64(11.153)}, '2-199_225_0': {'VS': 0.162, 'HS': np.float64(2.781), 'MMD': np.float64(11.313)}, '3-199_225_999_0_0_0': {'VS': 0.0, 'HS': 0.0, 'MMD': 0.0}}","{'1-199_': {'VS': 0.889, 'HS': np.float64(1.804), 'MMD': np.float64(13.416)}, '2-199_225_0': {'VS': 0.317, 'HS': np.float64(2.762), 'MMD': np.float64(14.988)}, '3-199_225_999_0_0_0': {'VS': 0.293, 'HS': np.float64(2.446), 'MMD': np.float64(21.234)}}",361,0.155,9.313,0.161,0,0,0,0,0,0,0,0,0,0,0,0,0,0,0,0,0,0,0,0,0
3-199_225_999_4_0_0,3,448,2.0,26.243,"{'1-199_': {'VS': 0.723, 'HS': np.float64(2.566), 'MMD': np.float64(11.153)}, '2-199_225_4': {'VS': 0.093, 'HS': np.float64(2.329), 'MMD': np.float64(18.167)}, '3-199_225_999_4_0_0': {'VS': 0.0, 'HS': 0.0, 'MMD': 0.0}}","{'1-199_': {'VS': 0.889, 'HS': np.float64(1.804), 'MMD': np.float64(13.416)}, '2-199_225_4': {'VS': 0.378, 'HS': np.float64(2.116), 'MMD': np.float64(21.388)}, '3-199_225_999_4_0_0': {'VS': 0.363, 'HS': np.float64(2.0), 'MMD': np.float64(26.243)}}",448,0.285,7.748,0.226,0,0,0,0,0,0,0,0,0,0,0,0,0,0,0,0,0,0,0,0,0
4-199_212_172_999_0_0_0_0_0_0,4,263,2.418,22.145,"{'1-199_': {'VS': 0.723, 'HS': np.float64(2.566), 'MMD': np.float64(11.153)}, '2-199_212_0': {'VS': 0.488, 'HS': np.float64(7.26), 'MMD': np.float64(15.484)}, '3-199_212_172_0_0_0': {'VS': 0.211, 'HS': np.float64(4.639), 'MMD': np.float64(20.289)}, '4-199_212_172_999_0_0_0_0_0_0': {'VS': 0.0, 'HS': 0.0, 'MMD': 0.0}}","{'1-199_': {'VS': 0.889, 'HS': np.float64(1.804), 'MMD': np.float64(13.416)}, '2-199_212_0': {'VS': 0.479, 'HS': np.float64(3.755), 'MMD': np.float64(15.32)}, '3-199_212_172_0_0_0': {'VS': 0.246, 'HS': np.float64(2.849), 'MMD': np.float64(19.319)}, '4-199_212_172_999_0_0_0_0_0_0': {'VS': 0.213, 'HS': np.float64(2.418), 'MMD': np.float64(22.145)}}",263,0.035,2.03,0.064,0,0,0,0,0,0,0,0,0,0,0,0,0,0,0,0,0,0,0,0,0
3-199_212_999_0_0_0,3,562,3.205,20.889,"{'1-199_': {'VS': 0.723, 'HS': np.float64(2.566), 'MMD': np.float64(11.153)}, '2-199_212_0': {'VS': 0.488, 'HS': np.float64(7.26), 'MMD': np.float64(15.484)}, '3-199_212_999_0_0_0': {'VS': 0.0, 'HS': 0.0, 'MMD': 0.0}}","{'1-199_': {'VS': 0.889, 'HS': np.float64(1.804), 'MMD': np.float64(13.416)}, '2-199_212_0': {'VS': 0.479, 'HS': np.float64(3.755), 'MMD': np.float64(15.32)}, '3-199_212_999_0_0_0': {'VS': 0.455, 'HS': np.float64(3.205), 'MMD': np.float64(20.889)}}",562,-0.009,2.574,0.079,0,0,0,0,0,0,0,0,0,0,0,0,0,0,0,0,0,0,0,0,0
3-199_212_999_3_0_0,3,303,1.04,24.431,"{'1-199_': {'VS': 0.723, 'HS': np.float64(2.566), 'MMD': np.float64(11.153)}, '2-199_212_3': {'VS': 0.169, 'HS': np.float64(1.142), 'MMD': np.float64(18.36)}, '3-199_212_999_3_0_0': {'VS': 0.0, 'HS': 0.0, 'MMD': 0.0}}","{'1-199_': {'VS': 0.889, 'HS': np.float64(1.804), 'MMD': np.float64(13.416)}, '2-199_212_3': {'VS': 0.249, 'HS': np.float64(1.052), 'MMD': np.float64(19.264)}, '3-199_212_999_3_0_0': {'VS': 0.246, 'HS': np.float64(1.04), 'MMD': np.float64(24.431)}}",303,0.08,2.969,0.123,0,0,0,0,0,0,0,0,0,0,0,0,0,0,0,0,0,0,0,0,0
4-199_212_225_999_4_4_0_0_0_0,4,261,3.322,30.577,"{'1-199_': {'VS': 0.723, 'HS': np.float64(2.566), 'MMD': np.float64(11.153)}, '2-199_212_4': {'VS': 0.354, 'HS': np.float64(4.959), 'MMD': np.float64(24.225)}, '3-199_212_225_4_4_0': {'VS': 0.044, 'HS': np.float64(6.846), 'MMD': np.float64(28.289)}, '4-199_212_225_999_4_4_0_0_0_0': {'VS': 0.0, 'HS': 0.0, 'MMD': 0.0}}","{'1-199_': {'VS': 0.889, 'HS': np.float64(1.804), 'MMD': np.float64(13.416)}, '2-199_212_4': {'VS': 0.522, 'HS': np.float64(2.907), 'MMD': np.float64(21.644)}, '3-199_212_225_4_4_0': {'VS': 0.227, 'HS': np.float64(3.814), 'MMD': np.float64(26.944)}, '4-199_212_225_999_4_4_0_0_0_0': {'VS': 0.212, 'HS': np.float64(3.322), 'MMD': np.float64(30.577)}}",261,0.183,4.531,0.172,0,0,0,0,0,0,0,0,0,0,0,0,0,0,0,0,0,0,0,0,0
3-199_212_999_4_0_0,3,629,2.725,26.591,"{'1-199_': {'VS': 0.723, 'HS': np.float64(2.566), 'MMD': np.float64(11.153)}, '2-199_212_4': {'VS': 0.354, 'HS': np.float64(4.959), 'MMD': np.float64(24.225)}, '3-199_212_999_4_0_0': {'VS': 0.0, 'HS': 0.0, 'MMD': 0.0}}","{'1-199_': {'VS': 0.889, 'HS': np.float64(1.804), 'MMD': np.float64(13.416)}, '2-199_212_4': {'VS': 0.522, 'HS': np.float64(2.907), 'MMD': np.float64(21.644)}, '3-199_212_999_4_0_0': {'VS': 0.51, 'HS': np.float64(2.725), 'MMD': np.float64(26.591)}}",629,0.168,5.891,0.167,0,0,0,0,0,0,0,0,0,0,0,0,0,0,0,0,0,0,0,0,0
3-199_220_999_0_0_0,3,313,2.054,21.163,"{'1-199_': {'VS': 0.723, 'HS': np.float64(2.566), 'MMD': np.float64(11.153)}, '2-199_220_0': {'VS': 0.276, 'HS': np.float64(3.913), 'MMD': np.float64(17.969)}, '3-199_220_999_0_0_0': {'VS': 0.0, 'HS': 0.0, 'MMD': 0.0}}","{'1-199_': {'VS': 0.889, 'HS': np.float64(1.804), 'MMD': np.float64(13.416)}, '2-199_220_0': {'VS': 0.28, 'HS': np.float64(2.345), 'MMD': np.float64(16.551)}, '3-199_220_999_0_0_0': {'VS': 0.254, 'HS': np.float64(2.054), 'MMD': np.float64(21.163)}}",313,0.004,3.566,0.085,0,0,0,0,0,0,0,0,0,0,0,0,0,0,0,0,0,0,0,0,0
3-199_220_999_4_0_0,3,291,1.653,28.105,"{'1-199_': {'VS': 0.723, 'HS': np.float64(2.566), 'MMD': np.float64(11.153)}, '2-199_220_4': {'VS': 0.186, 'HS': np.float64(2.816), 'MMD': np.float64(27.967)}, '3-199_220_999_4_0_0': {'VS': 0.0, 'HS': 0.0, 'MMD': 0.0}}","{'1-199_': {'VS': 0.889, 'HS': np.float64(1.804), 'MMD': np.float64(13.416)}, '2-199_220_4': {'VS': 0.247, 'HS': np.float64(1.751), 'MMD': np.float64(23.134)}, '3-199_220_999_4_0_0': {'VS': 0.236, 'HS': np.float64(1.653), 'MMD': np.float64(28.105)}}",291,0.061,14.24,0.114,0,0,0,0,0,0,0,0,0,0,0,0,0,0,0,0,0,0,0,0,0
3-199_208_999_0_0_0,3,359,1.744,21.078,"{'1-199_': {'VS': 0.723, 'HS': np.float64(2.566), 'MMD': np.float64(11.153)}, '2-199_208_0': {'VS': 0.32, 'HS': np.float64(3.477), 'MMD': np.float64(18.309)}, '3-199_208_999_0_0_0': {'VS': 0.0, 'HS': 0.0, 'MMD': 0.0}}","{'1-199_': {'VS': 0.889, 'HS': np.float64(1.804), 'MMD': np.float64(13.416)}, '2-199_208_0': {'VS': 0.322, 'HS': np.float64(1.912), 'MMD': np.float64(16.157)}, '3-199_208_999_0_0_0': {'VS': 0.291, 'HS': np.float64(1.744), 'MMD': np.float64(21.078)}}",359,0.002,4.876,0.084,0,0,0,0,0,0,0,0,0,0,0,0,0,0,0,0,0,0,0,0,0
3-199_208_999_4_0_0,3,292,1.483,28.116,"{'1-199_': {'VS': 0.723, 'HS': np.float64(2.566), 'MMD': np.float64(11.153)}, '2-199_208_4': {'VS': 0.192, 'HS': np.float64(2.22), 'MMD': np.float64(26.46)}, '3-199_208_999_4_0_0': {'VS': 0.0, 'HS': 0.0, 'MMD': 0.0}}","{'1-199_': {'VS': 0.889, 'HS': np.float64(1.804), 'MMD': np.float64(13.416)}, '2-199_208_4': {'VS': 0.247, 'HS': np.float64(1.57), 'MMD': np.float64(23.439)}, '3-199_208_999_4_0_0': {'VS': 0.237, 'HS': np.float64(1.483), 'MMD': np.float64(28.116)}}",292,0.055,7.124,0.111,0,0,0,0,0,0,0,0,0,0,0,0,0,0,0,0,0,0,0,0,0
3-199_196_999_4_0_0,3,307,1.44,27.995,"{'1-199_': {'VS': 0.723, 'HS': np.float64(2.566), 'MMD': np.float64(11.153)}, '2-199_196_4': {'VS': 0.172, 'HS': np.float64(2.057), 'MMD': np.float64(28.235)}, '3-199_196_999_4_0_0': {'VS': 0.0, 'HS': 0.0, 'MMD': 0.0}}","{'1-199_': {'VS': 0.889, 'HS': np.float64(1.804), 'MMD': np.float64(13.416)}, '2-199_196_4': {'VS': 0.259, 'HS': np.float64(1.492), 'MMD': np.float64(24.03)}, '3-199_196_999_4_0_0': {'VS': 0.249, 'HS': np.float64(1.44), 'MMD': np.float64(27.995)}}",307,0.087,11.402,0.127,0,0,0,0,0,0,0,0,0,0,0,0,0,0,0,0,0,0,0,0,0
3-199_224_999_0_0_0,3,405,2.519,21.036,"{'1-199_': {'VS': 0.723, 'HS': np.float64(2.566), 'MMD': np.float64(11.153)}, '2-199_224_0': {'VS': 0.159, 'HS': np.float64(3.203), 'MMD': np.float64(15.472)}, '3-199_224_999_0_0_0': {'VS': 0.0, 'HS': 0.0, 'MMD': 0.0}}","{'1-199_': {'VS': 0.889, 'HS': np.float64(1.804), 'MMD': np.float64(13.416)}, '2-199_224_0': {'VS': 0.354, 'HS': np.float64(2.84), 'MMD': np.float64(16.551)}, '3-199_224_999_0_0_0': {'VS': 0.328, 'HS': np.float64(2.519), 'MMD': np.float64(21.036)}}",405,0.195,3.143,0.18,0,0,0,0,0,0,0,0,0,0,0,0,0,0,0,0,0,0,0,0,0
3-199_224_999_3_0_0,3,253,1.051,25.192,"{'1-199_': {'VS': 0.723, 'HS': np.float64(2.566), 'MMD': np.float64(11.153)}, '2-199_224_3': {'VS': 0.038, 'HS': np.float64(1.045), 'MMD': np.float64(14.107)}, '3-199_224_999_3_0_0': {'VS': 0.0, 'HS': 0.0, 'MMD': 0.0}}","{'1-199_': {'VS': 0.889, 'HS': np.float64(1.804), 'MMD': np.float64(13.416)}, '2-199_224_3': {'VS': 0.208, 'HS': np.float64(1.054), 'MMD': np.float64(21.006)}, '3-199_224_999_3_0_0': {'VS': 0.205, 'HS': np.float64(1.051), 'MMD': np.float64(25.192)}}",253,0.17,26.359,0.168,0,0,0,0,0,0,0,0,0,0,0,0,0,0,0,0,0,0,0,0,0
3-199_224_999_4_0_0,3,423,2.099,28.064,"{'1-199_': {'VS': 0.723, 'HS': np.float64(2.566), 'MMD': np.float64(11.153)}, '2-199_224_4': {'VS': 0.077, 'HS': np.float64(2.661), 'MMD': np.float64(20.393)}, '3-199_224_999_4_0_0': {'VS': 0.0, 'HS': 0.0, 'MMD': 0.0}}","{'1-199_': {'VS': 0.889, 'HS': np.float64(1.804), 'MMD': np.float64(13.416)}, '2-199_224_4': {'VS': 0.353, 'HS': np.float64(2.22), 'MMD': np.float64(23.223)}, '3-199_224_999_4_0_0': {'VS': 0.343, 'HS': np.float64(2.099), 'MMD': np.float64(28.064)}}",423,0.276,6.565,0.221,0,0,0,0,0,0,0,0,0,0,0,0,0,0,0,0,0,0,0,0,0
3-199_213_999_0_0_0,3,528,3.131,21.0,"{'1-199_': {'VS': 0.723, 'HS': np.float64(2.566), 'MMD': np.float64(11.153)}, '2-199_213_0': {'VS': 0.461, 'HS': np.float64(6.806), 'MMD': np.float64(15.574)}, '3-199_213_999_0_0_0': {'VS': 0.0, 'HS': 0.0, 'MMD': 0.0}}","{'1-199_': {'VS': 0.889, 'HS': np.float64(1.804), 'MMD': np.float64(13.416)}, '2-199_213_0': {'VS': 0.455, 'HS': np.float64(3.641), 'MMD': np.float64(15.355)}, '3-199_213_999_0_0_0': {'VS': 0.428, 'HS': np.float64(3.131), 'MMD': np.float64(21.0)}}",528,-0.006,2.585,0.08,0,0,0,0,0,0,0,0,0,0,0,0,0,0,0,0,0,0,0,0,0
3-199_213_999_3_0_0,3,315,1.06,23.42,"{'1-199_': {'VS': 0.723, 'HS': np.float64(2.566), 'MMD': np.float64(11.153)}, '2-199_213_3': {'VS': 0.17, 'HS': np.float64(1.134), 'MMD': np.float64(19.106)}, '3-199_213_999_3_0_0': {'VS': 0.0, 'HS': 0.0, 'MMD': 0.0}}","{'1-199_': {'VS': 0.889, 'HS': np.float64(1.804), 'MMD': np.float64(13.416)}, '2-199_213_3': {'VS': 0.258, 'HS': np.float64(1.066), 'MMD': np.float64(17.96)}, '3-199_213_999_3_0_0': {'VS': 0.255, 'HS': np.float64(1.06), 'MMD': np.float64(23.42)}}",315,0.088,3.217,0.127,0,0,0,0,0,0,0,0,0,0,0,0,0,0,0,0,0,0,0,0,0
4-199_213_225_999_4_4_0_0_0_0,4,247,3.425,30.632,"{'1-199_': {'VS': 0.723, 'HS': np.float64(2.566), 'MMD': np.float64(11.153)}, '2-199_213_4': {'VS': 0.335, 'HS': np.float64(4.696), 'MMD': np.float64(24.577)}, '3-199_213_225_4_4_0': {'VS': 0.044, 'HS': np.float64(5.933), 'MMD': np.float64(27.312)}, '4-199_213_225_999_4_4_0_0_0_0': {'VS': 0.0, 'HS': 0.0, 'MMD': 0.0}}","{'1-199_': {'VS': 0.889, 'HS': np.float64(1.804), 'MMD': np.float64(13.416)}, '2-199_213_4': {'VS': 0.486, 'HS': np.float64(2.878), 'MMD': np.float64(22.038)}, '3-199_213_225_4_4_0': {'VS': 0.212, 'HS': np.float64(3.908), 'MMD': np.float64(27.49)}, '4-199_213_225_999_4_4_0_0_0_0': {'VS': 0.2, 'HS': np.float64(3.425), 'MMD': np.float64(30.632)}}",247,0.168,3.866,0.162,0,0,0,0,0,0,0,0,0,0,0,0,0,0,0,0,0,0,0,0,0
3-199_213_999_4_0_0,3,580,2.7,26.935,"{'1-199_': {'VS': 0.723, 'HS': np.float64(2.566), 'MMD': np.float64(11.153)}, '2-199_213_4': {'VS': 0.335, 'HS': np.float64(4.696), 'MMD': np.float64(24.577)}, '3-199_213_999_4_0_0': {'VS': 0.0, 'HS': 0.0, 'MMD': 0.0}}","{'1-199_': {'VS': 0.889, 'HS': np.float64(1.804), 'MMD': np.float64(13.416)}, '2-199_213_4': {'VS': 0.486, 'HS': np.float64(2.878), 'MMD': np.float64(22.038)}, '3-199_213_999_4_0_0': {'VS': 0.47, 'HS': np.float64(2.7), 'MMD': np.float64(26.935)}}",580,0.151,5.784,0.159,0,0,0,0,0,0,0,0,0,0,0,0,0,0,0,0,0,0,0,0,0
3-199_172_999_0_0_0,3,434,1.832,20.432,"{'1-199_': {'VS': 0.723, 'HS': np.float64(2.566), 'MMD': np.float64(11.153)}, '2-199_172_0': {'VS': 0.316, 'HS': np.float64(2.944), 'MMD': np.float64(16.11)}, '3-199_172_999_0_0_0': {'VS': 0.0, 'HS': 0.0, 'MMD': 0.0}}","{'1-199_': {'VS': 0.889, 'HS': np.float64(1.804), 'MMD': np.float64(13.416)}, '2-199_172_0': {'VS': 0.374, 'HS': np.float64(2.019), 'MMD': np.float64(16.209)}, '3-199_172_999_0_0_0': {'VS': 0.352, 'HS': np.float64(1.832), 'MMD': np.float64(20.432)}}",434,0.058,2.565,0.112,0,0,0,0,0,0,0,0,0,0,0,0,0,0,0,0,0,0,0,0,0
3-199_172_999_4_0_0,3,344,1.346,26.509,"{'1-199_': {'VS': 0.723, 'HS': np.float64(2.566), 'MMD': np.float64(11.153)}, '2-199_172_4': {'VS': 0.206, 'HS': np.float64(1.949), 'MMD': np.float64(27.459)}, '3-199_172_999_4_0_0': {'VS': 0.0, 'HS': 0.0, 'MMD': 0.0}}","{'1-199_': {'VS': 0.889, 'HS': np.float64(1.804), 'MMD': np.float64(13.416)}, '2-199_172_4': {'VS': 0.296, 'HS': np.float64(1.389), 'MMD': np.float64(22.391)}, '3-199_172_999_4_0_0': {'VS': 0.279, 'HS': np.float64(1.346), 'MMD': np.float64(26.509)}}",344,0.09,15.403,0.128,0,0,0,0,0,0,0,0,0,0,0,0,0,0,0,0,0,0,0,0,0
3-199_221_999_0_0_0,3,247,2.142,21.094,"{'1-199_': {'VS': 0.723, 'HS': np.float64(2.566), 'MMD': np.float64(11.153)}, '2-199_221_0': {'VS': 0.223, 'HS': np.float64(3.727), 'MMD': np.float64(15.79)}, '3-199_221_999_0_0_0': {'VS': 0.0, 'HS': 0.0, 'MMD': 0.0}}","{'1-199_': {'VS': 0.889, 'HS': np.float64(1.804), 'MMD': np.float64(13.416)}, '2-199_221_0': {'VS': 0.216, 'HS': np.float64(2.532), 'MMD': np.float64(15.16)}, '3-199_221_999_0_0_0': {'VS': 0.2, 'HS': np.float64(2.142), 'MMD': np.float64(21.094)}}",247,-0.007,2.759,0.08,0,0,0,0,0,0,0,0,0,0,0,0,0,0,0,0,0,0,0,0,0
3-199_221_999_4_0_0,3,272,1.787,27.786,"{'1-199_': {'VS': 0.723, 'HS': np.float64(2.566), 'MMD': np.float64(11.153)}, '2-199_221_4': {'VS': 0.184, 'HS': np.float64(3.108), 'MMD': np.float64(28.232)}, '3-199_221_999_4_0_0': {'VS': 0.0, 'HS': 0.0, 'MMD': 0.0}}","{'1-199_': {'VS': 0.889, 'HS': np.float64(1.804), 'MMD': np.float64(13.416)}, '2-199_221_4': {'VS': 0.23, 'HS': np.float64(1.891), 'MMD': np.float64(23.56)}, '3-199_221_999_4_0_0': {'VS': 0.22, 'HS': np.float64(1.787), 'MMD': np.float64(27.786)}}",272,0.046,13.474,0.106,0,0,0,0,0,0,0,0,0,0,0,0,0,0,0,0,0,0,0,0,0
3-199_169_999_0_0_0,3,309,1.871,20.451,"{'1-199_': {'VS': 0.723, 'HS': np.float64(2.566), 'MMD': np.float64(11.153)}, '2-199_169_0': {'VS': 0.197, 'HS': np.float64(3.045), 'MMD': np.float64(15.985)}, '3-199_169_999_0_0_0': {'VS': 0.0, 'HS': 0.0, 'MMD': 0.0}}","{'1-199_': {'VS': 0.889, 'HS': np.float64(1.804), 'MMD': np.float64(13.416)}, '2-199_169_0': {'VS': 0.264, 'HS': np.float64(2.046), 'MMD': np.float64(16.25)}, '3-199_169_999_0_0_0': {'VS': 0.25, 'HS': np.float64(1.871), 'MMD': np.float64(20.451)}}",309,0.067,2.596,0.117,0,0,0,0,0,0,0,0,0,0,0,0,0,0,0,0,0,0,0,0,0
3-199_169_999_4_0_0,3,251,1.275,26.292,"{'1-199_': {'VS': 0.723, 'HS': np.float64(2.566), 'MMD': np.float64(11.153)}, '2-199_169_4': {'VS': 0.15, 'HS': np.float64(1.873), 'MMD': np.float64(28.161)}, '3-199_169_999_4_0_0': {'VS': 0.0, 'HS': 0.0, 'MMD': 0.0}}","{'1-199_': {'VS': 0.889, 'HS': np.float64(1.804), 'MMD': np.float64(13.416)}, '2-199_169_4': {'VS': 0.212, 'HS': np.float64(1.322), 'MMD': np.float64(21.944)}, '3-199_169_999_4_0_0': {'VS': 0.203, 'HS': np.float64(1.275), 'MMD': np.float64(26.292)}}",251,0.062,21.886,0.114,0,0,0,0,0,0,0,0,0,0,0,0,0,0,0,0,0,0,0,0,0
2-199_999_0,2,1089,1.704,20.547,"{'1-199_': {'VS': 0.723, 'HS': np.float64(2.566), 'MMD': np.float64(11.153)}, '2-199_999_0': {'VS': 0.0, 'HS': 0.0, 'MMD': 0.0}}","{'1-199_': {'VS': 0.889, 'HS': np.float64(1.804), 'MMD': np.float64(13.416)}, '2-199_999_0': {'VS': 0.882, 'HS': np.float64(1.704), 'MMD': np.float64(20.547)}}",1089,0.166,5.121,0.166,0,0,0,0,1,1,0,0,0,0,0,0,0,0,0,0,0,0,0,0,1
3-199_157_999_0_0_0,3,250,1.792,20.975,"{'1-199_': {'VS': 0.723, 'HS': np.float64(2.566), 'MMD': np.float64(11.153)}, '2-199_157_0': {'VS': 0.228, 'HS': np.float64(2.85), 'MMD': np.float64(18.243)}, '3-199_157_999_0_0_0': {'VS': 0.0, 'HS': 0.0, 'MMD': 0.0}}","{'1-199_': {'VS': 0.889, 'HS': np.float64(1.804), 'MMD': np.float64(13.416)}, '2-199_157_0': {'VS': 0.22, 'HS': np.float64(1.952), 'MMD': np.float64(16.331)}, '3-199_157_999_0_0_0': {'VS': 0.203, 'HS': np.float64(1.792), 'MMD': np.float64(20.975)}}",250,-0.008,4.388,0.079,0,0,0,0,0,0,0,0,0,0,0,0,0,0,0,0,0,0,0,0,0
3-199_157_999_4_0_0,3,262,1.454,27.691,"{'1-199_': {'VS': 0.723, 'HS': np.float64(2.566), 'MMD': np.float64(11.153)}, '2-199_157_4': {'VS': 0.173, 'HS': np.float64(2.22), 'MMD': np.float64(28.481)}, '3-199_157_999_4_0_0': {'VS': 0.0, 'HS': 0.0, 'MMD': 0.0}}","{'1-199_': {'VS': 0.889, 'HS': np.float64(1.804), 'MMD': np.float64(13.416)}, '2-199_157_4': {'VS': 0.222, 'HS': np.float64(1.518), 'MMD': np.float64(24.128)}, '3-199_157_999_4_0_0': {'VS': 0.212, 'HS': np.float64(1.454), 'MMD': np.float64(27.691)}}",262,0.049,12.035,0.108,0,0,0,0,0,0,0,0,0,0,0,0,0,0,0,0,0,0,0,0,0
3-199_178_999_0_0_0,3,330,1.706,19.936,"{'1-199_': {'VS': 0.723, 'HS': np.float64(2.566), 'MMD': np.float64(11.153)}, '2-199_178_0': {'VS': 0.164, 'HS': np.float64(2.213), 'MMD': np.float64(16.112)}, '3-199_178_999_0_0_0': {'VS': 0.0, 'HS': 0.0, 'MMD': 0.0}}","{'1-199_': {'VS': 0.889, 'HS': np.float64(1.804), 'MMD': np.float64(13.416)}, '2-199_178_0': {'VS': 0.282, 'HS': np.float64(1.833), 'MMD': np.float64(16.777)}, '3-199_178_999_0_0_0': {'VS': 0.267, 'HS': np.float64(1.706), 'MMD': np.float64(19.936)}}",330,0.118,2.782,0.142,0,0,0,0,0,0,0,0,0,0,0,0,0,0,0,0,0,0,0,0,0
3-199_215_999_4_0_0,3,263,2.262,27.839,"{'1-199_': {'VS': 0.723, 'HS': np.float64(2.566), 'MMD': np.float64(11.153)}, '2-199_215_4': {'VS': 0.168, 'HS': np.float64(3.987), 'MMD': np.float64(26.215)}, '3-199_215_999_4_0_0': {'VS': 0.0, 'HS': 0.0, 'MMD': 0.0}}","{'1-199_': {'VS': 0.889, 'HS': np.float64(1.804), 'MMD': np.float64(13.416)}, '2-199_215_4': {'VS': 0.22, 'HS': np.float64(2.45), 'MMD': np.float64(23.521)}, '3-199_215_999_4_0_0': {'VS': 0.213, 'HS': np.float64(2.262), 'MMD': np.float64(27.839)}}",263,0.052,6.189,0.109,0,0,0,0,0,0,0,0,0,0,0,0,0,0,0,0,0,0,0,0,0
3-211_212_999_0_0_0,3,308,3.825,15.604,"{'1-211_': {'VS': 0.394, 'HS': np.float64(2.813), 'MMD': np.float64(1.354)}, '2-211_212_0': {'VS': 0.319, 'HS': np.float64(7.828), 'MMD': np.float64(11.611)}, '3-211_212_999_0_0_0': {'VS': 0.0, 'HS': 0.0, 'MMD': 0.0}}","{'1-211_': {'VS': 0.345, 'HS': np.float64(1.965), 'MMD': np.float64(1.283)}, '2-211_212_0': {'VS': 0.267, 'HS': np.float64(4.295), 'MMD': np.float64(10.281)}, '3-211_212_999_0_0_0': {'VS': 0.25, 'HS': np.float64(3.825), 'MMD': np.float64(15.604)}}",308,-0.052,0.887,-0.051,0,0,0,0,0,0,0,0,0,0,0,0,0,0,0,0,0,0,0,0,0
3-211_212_999_1_0_0,3,280,1.646,12.845,"{'1-211_': {'VS': 0.394, 'HS': np.float64(2.813), 'MMD': np.float64(1.354)}, '2-211_212_1': {'VS': 0.27, 'HS': np.float64(2.435), 'MMD': np.float64(4.019)}, '3-211_212_999_1_0_0': {'VS': 0.0, 'HS': 0.0, 'MMD': 0.0}}","{'1-211_': {'VS': 0.345, 'HS': np.float64(1.965), 'MMD': np.float64(1.283)}, '2-211_212_1': {'VS': 0.237, 'HS': np.float64(1.713), 'MMD': np.float64(4.237)}, '3-211_212_999_1_0_0': {'VS': 0.227, 'HS': np.float64(1.646), 'MMD': np.float64(12.845)}}",280,-0.033,0.026,-0.041,0,0,0,0,0,0,0,0,0,0,0,0,0,0,0,0,0,0,0,0,0
3-211_213_999_0_0_0,3,281,3.071,15.657,"{'1-211_': {'VS': 0.394, 'HS': np.float64(2.813), 'MMD': np.float64(1.354)}, '2-211_213_0': {'VS': 0.292, 'HS': np.float64(5.861), 'MMD': np.float64(10.746)}, '3-211_213_999_0_0_0': {'VS': 0.0, 'HS': 0.0, 'MMD': 0.0}}","{'1-211_': {'VS': 0.345, 'HS': np.float64(1.965), 'MMD': np.float64(1.283)}, '2-211_213_0': {'VS': 0.245, 'HS': np.float64(3.387), 'MMD': np.float64(9.106)}, '3-211_213_999_0_0_0': {'VS': 0.228, 'HS': np.float64(3.071), 'MMD': np.float64(15.657)}}",281,-0.047,1.347,-0.048,0,0,0,0,0,0,0,0,0,0,0,0,0,0,0,0,0,0,0,0,0
3-211_172_999_0_0_0,3,247,2.028,14.957,"{'1-211_': {'VS': 0.394, 'HS': np.float64(2.813), 'MMD': np.float64(1.354)}, '2-211_172_0': {'VS': 0.198, 'HS': np.float64(3.865), 'MMD': np.float64(12.408)}, '3-211_172_999_0_0_0': {'VS': 0.0, 'HS': 0.0, 'MMD': 0.0}}","{'1-211_': {'VS': 0.345, 'HS': np.float64(1.965), 'MMD': np.float64(1.283)}, '2-211_172_0': {'VS': 0.214, 'HS': np.float64(2.17), 'MMD': np.float64(10.469)}, '3-211_172_999_0_0_0': {'VS': 0.2, 'HS': np.float64(2.028), 'MMD': np.float64(14.957)}}",247,0.016,1.882,-0.017,0,0,0,0,0,0,0,0,0,0,0,0,0,0,0,0,0,0,0,0,0
2-211_999_0,2,410,1.893,11.919,"{'1-211_': {'VS': 0.394, 'HS': np.float64(2.813), 'MMD': np.float64(1.354)}, '2-211_999_0': {'VS': 0.0, 'HS': 0.0, 'MMD': 0.0}}","{'1-211_': {'VS': 0.345, 'HS': np.float64(1.965), 'MMD': np.float64(1.283)}, '2-211_999_0': {'VS': 0.332, 'HS': np.float64(1.893), 'MMD': np.float64(11.919)}}",410,-0.049,0.005,-0.049,0,0,0,0,0,0,0,0,0,0,0,0,0,0,0,0,0,0,0,0,0
3-221_202_999_0_0_0,3,278,2.054,17.588,"{'1-221_': {'VS': 0.455, 'HS': np.float64(3.087), 'MMD': np.float64(2.245)}, '2-221_202_0': {'VS': 0.264, 'HS': np.float64(4.531), 'MMD': np.float64(15.775)}, '3-221_202_999_0_0_0': {'VS': 0.0, 'HS': 0.0, 'MMD': 0.0}}","{'1-221_': {'VS': 0.46, 'HS': np.float64(2.294), 'MMD': np.float64(3.209)}, '2-221_202_0': {'VS': 0.244, 'HS': np.float64(2.336), 'MMD': np.float64(13.055)}, '3-221_202_999_0_0_0': {'VS': 0.225, 'HS': np.float64(2.054), 'MMD': np.float64(17.588)}}",278,-0.02,4.164,-0.008,1,0,0,0,0,0,0,0,0,0,0,0,0,0,0,0,0,0,0,0,1
3-221_225_999_0_0_0,3,269,2.918,17.074,"{'1-221_': {'VS': 0.455, 'HS': np.float64(3.087), 'MMD': np.float64(2.245)}, '2-221_225_0': {'VS': 0.117, 'HS': np.float64(3.682), 'MMD': np.float64(9.543)}, '3-221_225_999_0_0_0': {'VS': 0.0, 'HS': 0.0, 'MMD': 0.0}}","{'1-221_': {'VS': 0.46, 'HS': np.float64(2.294), 'MMD': np.float64(3.209)}, '2-221_225_0': {'VS': 0.236, 'HS': np.float64(3.361), 'MMD': np.float64(10.89)}, '3-221_225_999_0_0_0': {'VS': 0.218, 'HS': np.float64(2.918), 'MMD': np.float64(17.074)}}",269,0.119,1.372,0.062,0,0,0,0,0,0,0,0,0,0,0,0,0,0,0,0,0,0,0,0,0
3-221_212_999_0_0_0,3,428,3.743,16.628,"{'1-221_': {'VS': 0.455, 'HS': np.float64(3.087), 'MMD': np.float64(2.245)}, '2-221_212_0': {'VS': 0.363, 'HS': np.float64(8.972), 'MMD': np.float64(12.156)}, '3-221_212_999_0_0_0': {'VS': 0.0, 'HS': 0.0, 'MMD': 0.0}}","{'1-221_': {'VS': 0.46, 'HS': np.float64(2.294), 'MMD': np.float64(3.209)}, '2-221_212_0': {'VS': 0.366, 'HS': np.float64(4.365), 'MMD': np.float64(11.285)}, '3-221_212_999_0_0_0': {'VS': 0.347, 'HS': np.float64(3.743), 'MMD': np.float64(16.628)}}",428,0.003,0.844,0.004,0,0,0,0,0,0,0,0,0,0,0,0,0,0,0,0,0,0,0,0,0
3-221_224_999_0_0_0,3,298,2.896,17.013,"{'1-221_': {'VS': 0.455, 'HS': np.float64(3.087), 'MMD': np.float64(2.245)}, '2-221_224_0': {'VS': 0.12, 'HS': np.float64(4.035), 'MMD': np.float64(12.811)}, '3-221_224_999_0_0_0': {'VS': 0.0, 'HS': 0.0, 'MMD': 0.0}}","{'1-221_': {'VS': 0.46, 'HS': np.float64(2.294), 'MMD': np.float64(3.209)}, '2-221_224_0': {'VS': 0.258, 'HS': np.float64(3.33), 'MMD': np.float64(12.791)}, '3-221_224_999_0_0_0': {'VS': 0.241, 'HS': np.float64(2.896), 'MMD': np.float64(17.013)}}",298,0.138,0.465,0.072,0,0,0,0,0,0,0,0,0,0,0,0,0,0,0,0,0,0,0,0,0
3-221_213_999_0_0_0,3,406,3.574,16.642,"{'1-221_': {'VS': 0.455, 'HS': np.float64(3.087), 'MMD': np.float64(2.245)}, '2-221_213_0': {'VS': 0.345, 'HS': np.float64(8.474), 'MMD': np.float64(12.268)}, '3-221_213_999_0_0_0': {'VS': 0.0, 'HS': 0.0, 'MMD': 0.0}}","{'1-221_': {'VS': 0.46, 'HS': np.float64(2.294), 'MMD': np.float64(3.209)}, '2-221_213_0': {'VS': 0.348, 'HS': np.float64(4.17), 'MMD': np.float64(11.291)}, '3-221_213_999_0_0_0': {'VS': 0.329, 'HS': np.float64(3.574), 'MMD': np.float64(16.642)}}",406,0.003,0.942,0.004,0,0,0,0,0,0,0,0,0,0,0,0,0,0,0,0,0,0,0,0,0
3-221_172_999_0_0_0,3,308,2.11,16.277,"{'1-221_': {'VS': 0.455, 'HS': np.float64(3.087), 'MMD': np.float64(2.245)}, '2-221_172_0': {'VS': 0.221, 'HS': np.float64(3.685), 'MMD': np.float64(12.534)}, '3-221_172_999_0_0_0': {'VS': 0.0, 'HS': 0.0, 'MMD': 0.0}}","{'1-221_': {'VS': 0.46, 'HS': np.float64(2.294), 'MMD': np.float64(3.209)}, '2-221_172_0': {'VS': 0.263, 'HS': np.float64(2.388), 'MMD': np.float64(12.015)}, '3-221_172_999_0_0_0': {'VS': 0.25, 'HS': np.float64(2.11), 'MMD': np.float64(16.277)}}",308,0.042,0.599,0.024,0,0,0,0,0,0,0,0,0,0,0,0,0,0,0,0,0,0,0,0,0
2-221_999_0,2,556,2.149,13.282,"{'1-221_': {'VS': 0.455, 'HS': np.float64(3.087), 'MMD': np.float64(2.245)}, '2-221_999_0': {'VS': 0.0, 'HS': 0.0, 'MMD': 0.0}}","{'1-221_': {'VS': 0.46, 'HS': np.float64(2.294), 'MMD': np.float64(3.209)}, '2-221_999_0': {'VS': 0.451, 'HS': np.float64(2.149), 'MMD': np.float64(13.282)}}",556,0.005,0.929,0.005,0,0,0,0,0,0,0,0,0,0,0,0,0,0,0,0,0,0,0,0,0
3-169_212_999_0_0_0,3,337,2.875,16.575,"{'1-169_': {'VS': 0.414, 'HS': np.float64(2.154), 'MMD': np.float64(2.993)}, '2-169_212_0': {'VS': 0.317, 'HS': np.float64(6.047), 'MMD': np.float64(12.323)}, '3-169_212_999_0_0_0': {'VS': 0.0, 'HS': 0.0, 'MMD': 0.0}}","{'1-169_': {'VS': 0.549, 'HS': np.float64(1.587), 'MMD': np.float64(2.75)}, '2-169_212_0': {'VS': 0.293, 'HS': np.float64(3.307), 'MMD': np.float64(11.19)}, '3-169_212_999_0_0_0': {'VS': 0.273, 'HS': np.float64(2.875), 'MMD': np.float64(16.575)}}",337,-0.024,0.671,0.056,0,0,0,0,0,0,0,0,0,0,0,0,0,0,0,0,0,0,0,0,0
3-169_224_999_0_0_0,3,256,2.258,17.201,"{'1-169_': {'VS': 0.414, 'HS': np.float64(2.154), 'MMD': np.float64(2.993)}, '2-169_224_0': {'VS': 0.104, 'HS': np.float64(3.037), 'MMD': np.float64(12.833)}, '3-169_224_999_0_0_0': {'VS': 0.0, 'HS': 0.0, 'MMD': 0.0}}","{'1-169_': {'VS': 0.549, 'HS': np.float64(1.587), 'MMD': np.float64(2.75)}, '2-169_224_0': {'VS': 0.228, 'HS': np.float64(2.423), 'MMD': np.float64(12.764)}, '3-169_224_999_0_0_0': {'VS': 0.207, 'HS': np.float64(2.258), 'MMD': np.float64(17.201)}}",256,0.124,0.032,0.13,0,0,0,0,0,0,0,0,0,0,0,0,0,0,0,0,0,0,0,0,0
3-169_213_999_0_0_0,3,313,2.834,16.718,"{'1-169_': {'VS': 0.414, 'HS': np.float64(2.154), 'MMD': np.float64(2.993)}, '2-169_213_0': {'VS': 0.294, 'HS': np.float64(5.713), 'MMD': np.float64(12.633)}, '3-169_213_999_0_0_0': {'VS': 0.0, 'HS': 0.0, 'MMD': 0.0}}","{'1-169_': {'VS': 0.549, 'HS': np.float64(1.587), 'MMD': np.float64(2.75)}, '2-169_213_0': {'VS': 0.276, 'HS': np.float64(3.238), 'MMD': np.float64(10.988)}, '3-169_213_999_0_0_0': {'VS': 0.254, 'HS': np.float64(2.834), 'MMD': np.float64(16.718)}}",313,-0.018,1.383,0.059,0,0,0,0,0,0,0,0,0,0,0,0,0,0,0,0,0,0,0,0,0
3-169_172_999_0_0_0,3,278,1.748,16.519,"{'1-169_': {'VS': 0.414, 'HS': np.float64(2.154), 'MMD': np.float64(2.993)}, '2-169_172_0': {'VS': 0.225, 'HS': np.float64(2.838), 'MMD': np.float64(13.166)}, '3-169_172_999_0_0_0': {'VS': 0.0, 'HS': 0.0, 'MMD': 0.0}}","{'1-169_': {'VS': 0.549, 'HS': np.float64(1.587), 'MMD': np.float64(2.75)}, '2-169_172_0': {'VS': 0.242, 'HS': np.float64(1.943), 'MMD': np.float64(11.893)}, '3-169_172_999_0_0_0': {'VS': 0.225, 'HS': np.float64(1.748), 'MMD': np.float64(16.519)}}",278,0.017,0.84,0.076,0,0,0,0,0,0,0,0,0,0,0,0,0,0,0,0,0,0,0,0,0
2-169_999_0,2,664,1.526,10.406,"{'1-169_': {'VS': 0.414, 'HS': np.float64(2.154), 'MMD': np.float64(2.993)}, '2-169_999_0': {'VS': 0.0, 'HS': 0.0, 'MMD': 0.0}}","{'1-169_': {'VS': 0.549, 'HS': np.float64(1.587), 'MMD': np.float64(2.75)}, '2-169_999_0': {'VS': 0.538, 'HS': np.float64(1.526), 'MMD': np.float64(10.406)}}",664,0.135,0.059,0.135,0,0,0,0,0,0,0,0,0,0,0,0,0,0,0,0,0,0,0,0,0
2-160_999_0,2,284,1.218,9.555,"{'1-160_': {'VS': 0.197, 'HS': np.float64(1.505), 'MMD': np.float64(1.378)}, '2-160_999_0': {'VS': 0.0, 'HS': 0.0, 'MMD': 0.0}}","{'1-160_': {'VS': 0.236, 'HS': np.float64(1.247), 'MMD': np.float64(1.227)}, '2-160_999_0': {'VS': 0.23, 'HS': np.float64(1.218), 'MMD': np.float64(9.555)}}",284,0.039,0.023,0.039,0,0,0,0,0,0,0,0,0,0,0,0,0,0,0,0,0,0,0,0,0
2-175_999_0,2,335,1.239,10.177,"{'1-175_': {'VS': 0.268, 'HS': np.float64(1.496), 'MMD': np.float64(1.501)}, '2-175_999_0': {'VS': 0.0, 'HS': 0.0, 'MMD': 0.0}}","{'1-175_': {'VS': 0.278, 'HS': np.float64(1.265), 'MMD': np.float64(1.519)}, '2-175_999_0': {'VS': 0.271, 'HS': np.float64(1.239), 'MMD': np.float64(10.177)}}",335,0.01,0.0,0.01,0,0,0,0,0,0,0,0,0,0,0,0,0,0,0,0,0,0,0,0,0
5-163_181_184_226_999_6_6_6_6_6_6_0_0_0_0,5,275,1.0,36.28,"{'1-163_': {'VS': 0.603, 'HS': np.float64(1.78), 'MMD': np.float64(27.372)}, '2-163_181_6': {'VS': 0.181, 'HS': np.float64(1.016), 'MMD': np.float64(45.093)}, '3-163_181_184_6_6_6': {'VS': 0.155, 'HS': np.float64(1.011), 'MMD': np.float64(45.769)}, '4-163_181_184_226_6_6_6_6_6_6': {'VS': 0.11, 'HS': np.float64(1.008), 'MMD': np.float64(45.887)}, '5-163_181_184_226_999_6_6_6_6_6_6_0_0_0_0': {'VS': 0.0, 'HS': 0.0, 'MMD': 0.0}}","{'1-163_': {'VS': 0.908, 'HS': np.float64(1.322), 'MMD': np.float64(24.588)}, '2-163_181_6': {'VS': 0.374, 'HS': np.float64(1.006), 'MMD': np.float64(33.311)}, '3-163_181_184_6_6_6': {'VS': 0.331, 'HS': np.float64(1.0), 'MMD': np.float64(33.895)}, '4-163_181_184_226_6_6_6_6_6_6': {'VS': 0.223, 'HS': np.float64(1.0), 'MMD': np.float64(34.265)}, '5-163_181_184_226_999_6_6_6_6_6_6_0_0_0_0': {'VS': 0.223, 'HS': np.float64(1.0), 'MMD': np.float64(36.28)}}",275,0.113,105.657,0.197,0,0,0,0,0,0,0,0,0,0,0,0,0,0,0,0,0,0,0,0,0
5-163_181_184_202_999_6_6_6_4_4_4_0_0_0_0,5,269,1.777,36.766,"{'1-163_': {'VS': 0.603, 'HS': np.float64(1.78), 'MMD': np.float64(27.372)}, '2-163_181_6': {'VS': 0.181, 'HS': np.float64(1.016), 'MMD': np.float64(45.093)}, '3-163_181_184_6_6_6': {'VS': 0.155, 'HS': np.float64(1.011), 'MMD': np.float64(45.769)}, '4-163_181_184_202_6_6_6_4_4_4': {'VS': 0.126, 'HS': np.float64(3.525), 'MMD': np.float64(47.453)}, '5-163_181_184_202_999_6_6_6_4_4_4_0_0_0_0': {'VS': 0.0, 'HS': 0.0, 'MMD': 0.0}}","{'1-163_': {'VS': 0.908, 'HS': np.float64(1.322), 'MMD': np.float64(24.588)}, '2-163_181_6': {'VS': 0.374, 'HS': np.float64(1.006), 'MMD': np.float64(33.311)}, '3-163_181_184_6_6_6': {'VS': 0.331, 'HS': np.float64(1.0), 'MMD': np.float64(33.895)}, '4-163_181_184_202_6_6_6_4_4_4': {'VS': 0.224, 'HS': np.float64(1.906), 'MMD': np.float64(34.757)}, '5-163_181_184_202_999_6_6_6_4_4_4_0_0_0_0': {'VS': 0.218, 'HS': np.float64(1.777), 'MMD': np.float64(36.766)}}",269,0.098,112.187,0.193,0,0,0,0,0,0,0,0,0,0,0,0,0,0,0,0,0,0,0,0,0
5-163_181_184_225_999_6_6_6_4_4_4_0_0_0_0,5,262,2.519,36.863,"{'1-163_': {'VS': 0.603, 'HS': np.float64(1.78), 'MMD': np.float64(27.372)}, '2-163_181_6': {'VS': 0.181, 'HS': np.float64(1.016), 'MMD': np.float64(45.093)}, '3-163_181_184_6_6_6': {'VS': 0.155, 'HS': np.float64(1.011), 'MMD': np.float64(45.769)}, '4-163_181_184_225_6_6_6_4_4_4': {'VS': 0.025, 'HS': np.float64(3.933), 'MMD': np.float64(39.025)}, '5-163_181_184_225_999_6_6_6_4_4_4_0_0_0_0': {'VS': 0.0, 'HS': 0.0, 'MMD': 0.0}}","{'1-163_': {'VS': 0.908, 'HS': np.float64(1.322), 'MMD': np.float64(24.588)}, '2-163_181_6': {'VS': 0.374, 'HS': np.float64(1.006), 'MMD': np.float64(33.311)}, '3-163_181_184_6_6_6': {'VS': 0.331, 'HS': np.float64(1.0), 'MMD': np.float64(33.895)}, '4-163_181_184_225_6_6_6_4_4_4': {'VS': 0.219, 'HS': np.float64(2.715), 'MMD': np.float64(34.859)}, '5-163_181_184_225_999_6_6_6_4_4_4_0_0_0_0': {'VS': 0.212, 'HS': np.float64(2.519), 'MMD': np.float64(36.863)}}",262,0.194,76.228,0.217,0,0,0,0,0,0,0,0,0,0,0,0,0,0,0,0,0,0,0,0,0
5-163_181_184_212_999_6_6_6_4_4_4_0_0_0_0,5,365,3.581,36.57,"{'1-163_': {'VS': 0.603, 'HS': np.float64(1.78), 'MMD': np.float64(27.372)}, '2-163_181_6': {'VS': 0.181, 'HS': np.float64(1.016), 'MMD': np.float64(45.093)}, '3-163_181_184_6_6_6': {'VS': 0.155, 'HS': np.float64(1.011), 'MMD': np.float64(45.769)}, '4-163_181_184_212_6_6_6_4_4_4': {'VS': 0.149, 'HS': np.float64(8.204), 'MMD': np.float64(46.664)}, '5-163_181_184_212_999_6_6_6_4_4_4_0_0_0_0': {'VS': 0.0, 'HS': 0.0, 'MMD': 0.0}}","{'1-163_': {'VS': 0.908, 'HS': np.float64(1.322), 'MMD': np.float64(24.588)}, '2-163_181_6': {'VS': 0.374, 'HS': np.float64(1.006), 'MMD': np.float64(33.311)}, '3-163_181_184_6_6_6': {'VS': 0.331, 'HS': np.float64(1.0), 'MMD': np.float64(33.895)}, '4-163_181_184_212_6_6_6_4_4_4': {'VS': 0.297, 'HS': np.float64(3.91), 'MMD': np.float64(34.533)}, '5-163_181_184_212_999_6_6_6_4_4_4_0_0_0_0': {'VS': 0.296, 'HS': np.float64(3.581), 'MMD': np.float64(36.57)}}",365,0.148,108.68,0.206,0,0,0,0,0,0,0,0,0,0,0,0,0,0,0,0,0,0,0,0,0
5-163_181_184_224_999_6_6_6_4_4_4_0_0_0_0,5,293,2.601,36.799,"{'1-163_': {'VS': 0.603, 'HS': np.float64(1.78), 'MMD': np.float64(27.372)}, '2-163_181_6': {'VS': 0.181, 'HS': np.float64(1.016), 'MMD': np.float64(45.093)}, '3-163_181_184_6_6_6': {'VS': 0.155, 'HS': np.float64(1.011), 'MMD': np.float64(45.769)}, '4-163_181_184_224_6_6_6_4_4_4': {'VS': 0.026, 'HS': np.float64(4.393), 'MMD': np.float64(39.135)}, '5-163_181_184_224_999_6_6_6_4_4_4_0_0_0_0': {'VS': 0.0, 'HS': 0.0, 'MMD': 0.0}}","{'1-163_': {'VS': 0.908, 'HS': np.float64(1.322), 'MMD': np.float64(24.588)}, '2-163_181_6': {'VS': 0.374, 'HS': np.float64(1.006), 'MMD': np.float64(33.311)}, '3-163_181_184_6_6_6': {'VS': 0.331, 'HS': np.float64(1.0), 'MMD': np.float64(33.895)}, '4-163_181_184_224_6_6_6_4_4_4': {'VS': 0.24, 'HS': np.float64(2.791), 'MMD': np.float64(34.726)}, '5-163_181_184_224_999_6_6_6_4_4_4_0_0_0_0': {'VS': 0.237, 'HS': np.float64(2.601), 'MMD': np.float64(36.799)}}",293,0.214,76.749,0.222,0,0,0,0,0,0,0,0,0,0,0,0,0,0,0,0,0,0,0,0,0
5-163_181_184_213_999_6_6_6_4_4_4_0_0_0_0,5,354,3.41,36.667,"{'1-163_': {'VS': 0.603, 'HS': np.float64(1.78), 'MMD': np.float64(27.372)}, '2-163_181_6': {'VS': 0.181, 'HS': np.float64(1.016), 'MMD': np.float64(45.093)}, '3-163_181_184_6_6_6': {'VS': 0.155, 'HS': np.float64(1.011), 'MMD': np.float64(45.769)}, '4-163_181_184_213_6_6_6_4_4_4': {'VS': 0.147, 'HS': np.float64(7.738), 'MMD': np.float64(46.619)}, '5-163_181_184_213_999_6_6_6_4_4_4_0_0_0_0': {'VS': 0.0, 'HS': 0.0, 'MMD': 0.0}}","{'1-163_': {'VS': 0.908, 'HS': np.float64(1.322), 'MMD': np.float64(24.588)}, '2-163_181_6': {'VS': 0.374, 'HS': np.float64(1.006), 'MMD': np.float64(33.311)}, '3-163_181_184_6_6_6': {'VS': 0.331, 'HS': np.float64(1.0), 'MMD': np.float64(33.895)}, '4-163_181_184_213_6_6_6_4_4_4': {'VS': 0.291, 'HS': np.float64(3.699), 'MMD': np.float64(34.607)}, '5-163_181_184_213_999_6_6_6_4_4_4_0_0_0_0': {'VS': 0.287, 'HS': np.float64(3.41), 'MMD': np.float64(36.667)}}",354,0.144,107.962,0.205,0,0,0,0,0,0,0,0,0,0,0,0,0,0,0,0,0,0,0,0,0
4-163_181_184_999_6_6_6_0_0_0,4,409,1.0,35.971,"{'1-163_': {'VS': 0.603, 'HS': np.float64(1.78), 'MMD': np.float64(27.372)}, '2-163_181_6': {'VS': 0.181, 'HS': np.float64(1.016), 'MMD': np.float64(45.093)}, '3-163_181_184_6_6_6': {'VS': 0.155, 'HS': np.float64(1.011), 'MMD': np.float64(45.769)}, '4-163_181_184_999_6_6_6_0_0_0': {'VS': 0.0, 'HS': 0.0, 'MMD': 0.0}}","{'1-163_': {'VS': 0.908, 'HS': np.float64(1.322), 'MMD': np.float64(24.588)}, '2-163_181_6': {'VS': 0.374, 'HS': np.float64(1.006), 'MMD': np.float64(33.311)}, '3-163_181_184_6_6_6': {'VS': 0.331, 'HS': np.float64(1.0), 'MMD': np.float64(33.895)}, '4-163_181_184_999_6_6_6_0_0_0': {'VS': 0.331, 'HS': np.float64(1.0), 'MMD': np.float64(35.971)}}",409,0.176,95.853,0.225,0,0,0,0,0,0,0,0,0,0,0,0,0,0,0,0,0,0,0,0,0
5-163_181_226_212_999_6_6_6_4_4_4_0_0_0_0,5,269,3.643,36.844,"{'1-163_': {'VS': 0.603, 'HS': np.float64(1.78), 'MMD': np.float64(27.372)}, '2-163_181_6': {'VS': 0.181, 'HS': np.float64(1.016), 'MMD': np.float64(45.093)}, '3-163_181_226_6_6_6': {'VS': 0.128, 'HS': np.float64(1.01), 'MMD': np.float64(45.75)}, '4-163_181_226_212_6_6_6_4_4_4': {'VS': 0.122, 'HS': np.float64(8.139), 'MMD': np.float64(46.696)}, '5-163_181_226_212_999_6_6_6_4_4_4_0_0_0_0': {'VS': 0.0, 'HS': 0.0, 'MMD': 0.0}}","{'1-163_': {'VS': 0.908, 'HS': np.float64(1.322), 'MMD': np.float64(24.588)}, '2-163_181_6': {'VS': 0.374, 'HS': np.float64(1.006), 'MMD': np.float64(33.311)}, '3-163_181_226_6_6_6': {'VS': 0.252, 'HS': np.float64(1.0), 'MMD': np.float64(33.897)}, '4-163_181_226_212_6_6_6_4_4_4': {'VS': 0.221, 'HS': np.float64(3.905), 'MMD': np.float64(34.846)}, '5-163_181_226_212_999_6_6_6_4_4_4_0_0_0_0': {'VS': 0.218, 'HS': np.float64(3.643), 'MMD': np.float64(36.844)}}",269,0.099,106.871,0.18,0,0,0,0,0,0,0,0,0,0,0,0,0,0,0,0,0,0,0,0,0
5-163_181_226_213_999_6_6_6_4_4_4_0_0_0_0,5,261,3.521,36.831,"{'1-163_': {'VS': 0.603, 'HS': np.float64(1.78), 'MMD': np.float64(27.372)}, '2-163_181_6': {'VS': 0.181, 'HS': np.float64(1.016), 'MMD': np.float64(45.093)}, '3-163_181_226_6_6_6': {'VS': 0.128, 'HS': np.float64(1.01), 'MMD': np.float64(45.75)}, '4-163_181_226_213_6_6_6_4_4_4': {'VS': 0.119, 'HS': np.float64(7.655), 'MMD': np.float64(46.607)}, '5-163_181_226_213_999_6_6_6_4_4_4_0_0_0_0': {'VS': 0.0, 'HS': 0.0, 'MMD': 0.0}}","{'1-163_': {'VS': 0.908, 'HS': np.float64(1.322), 'MMD': np.float64(24.588)}, '2-163_181_6': {'VS': 0.374, 'HS': np.float64(1.006), 'MMD': np.float64(33.311)}, '3-163_181_226_6_6_6': {'VS': 0.252, 'HS': np.float64(1.0), 'MMD': np.float64(33.897)}, '4-163_181_226_213_6_6_6_4_4_4': {'VS': 0.216, 'HS': np.float64(3.805), 'MMD': np.float64(34.842)}, '5-163_181_226_213_999_6_6_6_4_4_4_0_0_0_0': {'VS': 0.212, 'HS': np.float64(3.521), 'MMD': np.float64(36.831)}}",261,0.097,106.369,0.18,0,0,0,0,0,0,0,0,0,0,0,0,0,0,0,0,0,0,0,0,0
4-163_181_226_999_6_6_6_0_0_0,4,311,1.0,35.949,"{'1-163_': {'VS': 0.603, 'HS': np.float64(1.78), 'MMD': np.float64(27.372)}, '2-163_181_6': {'VS': 0.181, 'HS': np.float64(1.016), 'MMD': np.float64(45.093)}, '3-163_181_226_6_6_6': {'VS': 0.128, 'HS': np.float64(1.01), 'MMD': np.float64(45.75)}, '4-163_181_226_999_6_6_6_0_0_0': {'VS': 0.0, 'HS': 0.0, 'MMD': 0.0}}","{'1-163_': {'VS': 0.908, 'HS': np.float64(1.322), 'MMD': np.float64(24.588)}, '2-163_181_6': {'VS': 0.374, 'HS': np.float64(1.006), 'MMD': np.float64(33.311)}, '3-163_181_226_6_6_6': {'VS': 0.252, 'HS': np.float64(1.0), 'MMD': np.float64(33.897)}, '4-163_181_226_999_6_6_6_0_0_0': {'VS': 0.252, 'HS': np.float64(1.0), 'MMD': np.float64(35.949)}}",311,0.124,95.687,0.207,0,0,0,0,0,0,0,0,0,0,0,0,0,0,0,0,0,0,0,0,0
4-163_181_202_999_6_4_4_0_0_0,4,303,1.776,36.389,"{'1-163_': {'VS': 0.603, 'HS': np.float64(1.78), 'MMD': np.float64(27.372)}, '2-163_181_6': {'VS': 0.181, 'HS': np.float64(1.016), 'MMD': np.float64(45.093)}, '3-163_181_202_6_4_4': {'VS': 0.146, 'HS': np.float64(3.533), 'MMD': np.float64(47.323)}, '4-163_181_202_999_6_4_4_0_0_0': {'VS': 0.0, 'HS': 0.0, 'MMD': 0.0}}","{'1-163_': {'VS': 0.908, 'HS': np.float64(1.322), 'MMD': np.float64(24.588)}, '2-163_181_6': {'VS': 0.374, 'HS': np.float64(1.006), 'MMD': np.float64(33.311)}, '3-163_181_202_6_4_4': {'VS': 0.251, 'HS': np.float64(1.903), 'MMD': np.float64(34.384)}, '4-163_181_202_999_6_4_4_0_0_0': {'VS': 0.246, 'HS': np.float64(1.776), 'MMD': np.float64(36.389)}}",303,0.105,104.661,0.201,0,0,0,0,0,0,0,0,0,0,0,0,0,0,0,0,0,0,0,0,0
4-163_181_225_999_6_4_4_0_0_0,4,290,2.486,36.607,"{'1-163_': {'VS': 0.603, 'HS': np.float64(1.78), 'MMD': np.float64(27.372)}, '2-163_181_6': {'VS': 0.181, 'HS': np.float64(1.016), 'MMD': np.float64(45.093)}, '3-163_181_225_6_4_4': {'VS': 0.03, 'HS': np.float64(3.761), 'MMD': np.float64(39.265)}, '4-163_181_225_999_6_4_4_0_0_0': {'VS': 0.0, 'HS': 0.0, 'MMD': 0.0}}","{'1-163_': {'VS': 0.908, 'HS': np.float64(1.322), 'MMD': np.float64(24.588)}, '2-163_181_6': {'VS': 0.374, 'HS': np.float64(1.006), 'MMD': np.float64(33.311)}, '3-163_181_225_6_4_4': {'VS': 0.244, 'HS': np.float64(2.664), 'MMD': np.float64(34.565)}, '4-163_181_225_999_6_4_4_0_0_0': {'VS': 0.235, 'HS': np.float64(2.486), 'MMD': np.float64(36.607)}}",290,0.214,56.219,0.237,0,0,0,0,0,0,0,0,0,0,0,0,0,0,0,0,0,0,0,0,0
4-163_181_212_999_6_4_4_0_0_0,4,405,3.528,36.18,"{'1-163_': {'VS': 0.603, 'HS': np.float64(1.78), 'MMD': np.float64(27.372)}, '2-163_181_6': {'VS': 0.181, 'HS': np.float64(1.016), 'MMD': np.float64(45.093)}, '3-163_181_212_6_4_4': {'VS': 0.17, 'HS': np.float64(8.161), 'MMD': np.float64(46.718)}, '4-163_181_212_999_6_4_4_0_0_0': {'VS': 0.0, 'HS': 0.0, 'MMD': 0.0}}","{'1-163_': {'VS': 0.908, 'HS': np.float64(1.322), 'MMD': np.float64(24.588)}, '2-163_181_6': {'VS': 0.374, 'HS': np.float64(1.006), 'MMD': np.float64(33.311)}, '3-163_181_212_6_4_4': {'VS': 0.331, 'HS': np.float64(3.814), 'MMD': np.float64(34.171)}, '4-163_181_212_999_6_4_4_0_0_0': {'VS': 0.328, 'HS': np.float64(3.528), 'MMD': np.float64(36.18)}}",405,0.161,101.331,0.22,0,0,0,0,0,0,0,0,0,0,0,0,0,0,0,0,0,0,0,0,0
4-163_181_208_999_6_4_4_0_0_0,4,273,1.707,36.48,"{'1-163_': {'VS': 0.603, 'HS': np.float64(1.78), 'MMD': np.float64(27.372)}, '2-163_181_6': {'VS': 0.181, 'HS': np.float64(1.016), 'MMD': np.float64(45.093)}, '3-163_181_208_6_4_4': {'VS': 0.115, 'HS': np.float64(3.183), 'MMD': np.float64(47.747)}, '4-163_181_208_999_6_4_4_0_0_0': {'VS': 0.0, 'HS': 0.0, 'MMD': 0.0}}","{'1-163_': {'VS': 0.908, 'HS': np.float64(1.322), 'MMD': np.float64(24.588)}, '2-163_181_6': {'VS': 0.374, 'HS': np.float64(1.006), 'MMD': np.float64(33.311)}, '3-163_181_208_6_4_4': {'VS': 0.224, 'HS': np.float64(1.827), 'MMD': np.float64(34.426)}, '4-163_181_208_999_6_4_4_0_0_0': {'VS': 0.221, 'HS': np.float64(1.707), 'MMD': np.float64(36.48)}}",273,0.109,108.005,0.202,0,0,0,0,0,0,0,0,0,0,0,0,0,0,0,0,0,0,0,0,0
4-163_181_224_999_6_4_4_0_0_0,4,326,2.567,36.558,"{'1-163_': {'VS': 0.603, 'HS': np.float64(1.78), 'MMD': np.float64(27.372)}, '2-163_181_6': {'VS': 0.181, 'HS': np.float64(1.016), 'MMD': np.float64(45.093)}, '3-163_181_224_6_4_4': {'VS': 0.03, 'HS': np.float64(4.296), 'MMD': np.float64(39.257)}, '4-163_181_224_999_6_4_4_0_0_0': {'VS': 0.0, 'HS': 0.0, 'MMD': 0.0}}","{'1-163_': {'VS': 0.908, 'HS': np.float64(1.322), 'MMD': np.float64(24.588)}, '2-163_181_6': {'VS': 0.374, 'HS': np.float64(1.006), 'MMD': np.float64(33.311)}, '3-163_181_224_6_4_4': {'VS': 0.267, 'HS': np.float64(2.764), 'MMD': np.float64(34.473)}, '4-163_181_224_999_6_4_4_0_0_0': {'VS': 0.264, 'HS': np.float64(2.567), 'MMD': np.float64(36.558)}}",326,0.237,56.484,0.245,0,0,0,0,0,0,0,0,0,0,0,0,0,0,0,0,0,0,0,0,0
4-163_181_213_999_6_4_4_0_0_0,4,391,3.379,36.207,"{'1-163_': {'VS': 0.603, 'HS': np.float64(1.78), 'MMD': np.float64(27.372)}, '2-163_181_6': {'VS': 0.181, 'HS': np.float64(1.016), 'MMD': np.float64(45.093)}, '3-163_181_213_6_4_4': {'VS': 0.167, 'HS': np.float64(7.633), 'MMD': np.float64(46.664)}, '4-163_181_213_999_6_4_4_0_0_0': {'VS': 0.0, 'HS': 0.0, 'MMD': 0.0}}","{'1-163_': {'VS': 0.908, 'HS': np.float64(1.322), 'MMD': np.float64(24.588)}, '2-163_181_6': {'VS': 0.374, 'HS': np.float64(1.006), 'MMD': np.float64(33.311)}, '3-163_181_213_6_4_4': {'VS': 0.323, 'HS': np.float64(3.643), 'MMD': np.float64(34.166)}, '4-163_181_213_999_6_4_4_0_0_0': {'VS': 0.317, 'HS': np.float64(3.379), 'MMD': np.float64(36.207)}}",391,0.156,100.922,0.218,0,0,0,0,0,0,0,0,0,0,0,0,0,0,0,0,0,0,0,0,0
4-163_181_172_999_6_4_4_0_0_0,4,279,1.53,36.211,"{'1-163_': {'VS': 0.603, 'HS': np.float64(1.78), 'MMD': np.float64(27.372)}, '2-163_181_6': {'VS': 0.181, 'HS': np.float64(1.016), 'MMD': np.float64(45.093)}, '3-163_181_172_6_4_4': {'VS': 0.132, 'HS': np.float64(2.486), 'MMD': np.float64(46.978)}, '4-163_181_172_999_6_4_4_0_0_0': {'VS': 0.0, 'HS': 0.0, 'MMD': 0.0}}","{'1-163_': {'VS': 0.908, 'HS': np.float64(1.322), 'MMD': np.float64(24.588)}, '2-163_181_6': {'VS': 0.374, 'HS': np.float64(1.006), 'MMD': np.float64(33.311)}, '3-163_181_172_6_4_4': {'VS': 0.237, 'HS': np.float64(1.586), 'MMD': np.float64(34.257)}, '4-163_181_172_999_6_4_4_0_0_0': {'VS': 0.226, 'HS': np.float64(1.53), 'MMD': np.float64(36.211)}}",279,0.105,102.797,0.201,0,0,0,0,0,0,0,0,0,0,0,0,0,0,0,0,0,0,0,0,0
3-163_181_999_6_0_0,3,462,1.006,35.486,"{'1-163_': {'VS': 0.603, 'HS': np.float64(1.78), 'MMD': np.float64(27.372)}, '2-163_181_6': {'VS': 0.181, 'HS': np.float64(1.016), 'MMD': np.float64(45.093)}, '3-163_181_999_6_0_0': {'VS': 0.0, 'HS': 0.0, 'MMD': 0.0}}","{'1-163_': {'VS': 0.908, 'HS': np.float64(1.322), 'MMD': np.float64(24.588)}, '2-163_181_6': {'VS': 0.374, 'HS': np.float64(1.006), 'MMD': np.float64(33.311)}, '3-163_181_999_6_0_0': {'VS': 0.374, 'HS': np.float64(1.006), 'MMD': np.float64(35.486)}}",462,0.193,73.283,0.249,0,0,0,0,0,0,0,0,0,0,0,0,0,0,0,0,0,0,0,0,0
3-163_193_999_4_0_0,3,358,1.559,33.965,"{'1-163_': {'VS': 0.603, 'HS': np.float64(1.78), 'MMD': np.float64(27.372)}, '2-163_193_4': {'VS': 0.208, 'HS': np.float64(2.649), 'MMD': np.float64(39.766)}, '3-163_193_999_4_0_0': {'VS': 0.0, 'HS': 0.0, 'MMD': 0.0}}","{'1-163_': {'VS': 0.908, 'HS': np.float64(1.322), 'MMD': np.float64(24.588)}, '2-163_193_4': {'VS': 0.303, 'HS': np.float64(1.631), 'MMD': np.float64(31.176)}, '3-163_193_999_4_0_0': {'VS': 0.29, 'HS': np.float64(1.559), 'MMD': np.float64(33.965)}}",358,0.095,40.769,0.2,0,0,0,0,0,0,0,0,0,0,0,0,0,0,0,0,0,0,0,0,0
3-163_193_999_6_0_0,3,252,1.02,34.378,"{'1-163_': {'VS': 0.603, 'HS': np.float64(1.78), 'MMD': np.float64(27.372)}, '2-163_193_6': {'VS': 0.105, 'HS': np.float64(1.069), 'MMD': np.float64(36.983)}, '3-163_193_999_6_0_0': {'VS': 0.0, 'HS': 0.0, 'MMD': 0.0}}","{'1-163_': {'VS': 0.908, 'HS': np.float64(1.322), 'MMD': np.float64(24.588)}, '2-163_193_6': {'VS': 0.205, 'HS': np.float64(1.02), 'MMD': np.float64(31.73)}, '3-163_193_999_6_0_0': {'VS': 0.204, 'HS': np.float64(1.02), 'MMD': np.float64(34.378)}}",252,0.1,17.672,0.203,0,0,0,0,0,0,0,0,0,0,0,0,0,0,0,0,0,0,0,0,0
5-163_184_226_212_999_6_6_6_4_4_4_0_0_0_0,5,316,3.734,37.022,"{'1-163_': {'VS': 0.603, 'HS': np.float64(1.78), 'MMD': np.float64(27.372)}, '2-163_184_6': {'VS': 0.233, 'HS': np.float64(1.02), 'MMD': np.float64(45.858)}, '3-163_184_226_6_6_6': {'VS': 0.158, 'HS': np.float64(1.008), 'MMD': np.float64(46.405)}, '4-163_184_226_212_6_6_6_4_4_4': {'VS': 0.153, 'HS': np.float64(8.283), 'MMD': np.float64(47.161)}, '5-163_184_226_212_999_6_6_6_4_4_4_0_0_0_0': {'VS': 0.0, 'HS': 0.0, 'MMD': 0.0}}","{'1-163_': {'VS': 0.908, 'HS': np.float64(1.322), 'MMD': np.float64(24.588)}, '2-163_184_6': {'VS': 0.44, 'HS': np.float64(1.004), 'MMD': np.float64(33.575)}, '3-163_184_226_6_6_6': {'VS': 0.284, 'HS': np.float64(1.003), 'MMD': np.float64(34.323)}, '4-163_184_226_212_6_6_6_4_4_4': {'VS': 0.259, 'HS': np.float64(4.044), 'MMD': np.float64(34.947)}, '5-163_184_226_212_999_6_6_6_4_4_4_0_0_0_0': {'VS': 0.256, 'HS': np.float64(3.734), 'MMD': np.float64(37.022)}}",316,0.106,113.445,0.186,0,0,0,0,0,0,0,0,0,0,0,0,0,0,0,0,0,0,0,0,0
5-163_184_226_224_999_6_6_6_4_4_4_0_0_0_0,5,257,2.673,36.93,"{'1-163_': {'VS': 0.603, 'HS': np.float64(1.78), 'MMD': np.float64(27.372)}, '2-163_184_6': {'VS': 0.233, 'HS': np.float64(1.02), 'MMD': np.float64(45.858)}, '3-163_184_226_6_6_6': {'VS': 0.158, 'HS': np.float64(1.008), 'MMD': np.float64(46.405)}, '4-163_184_226_224_6_6_6_4_4_4': {'VS': 0.026, 'HS': np.float64(4.295), 'MMD': np.float64(37.784)}, '5-163_184_226_224_999_6_6_6_4_4_4_0_0_0_0': {'VS': 0.0, 'HS': 0.0, 'MMD': 0.0}}","{'1-163_': {'VS': 0.908, 'HS': np.float64(1.322), 'MMD': np.float64(24.588)}, '2-163_184_6': {'VS': 0.44, 'HS': np.float64(1.004), 'MMD': np.float64(33.575)}, '3-163_184_226_6_6_6': {'VS': 0.284, 'HS': np.float64(1.003), 'MMD': np.float64(34.323)}, '4-163_184_226_224_6_6_6_4_4_4': {'VS': 0.213, 'HS': np.float64(2.863), 'MMD': np.float64(34.907)}, '5-163_184_226_224_999_6_6_6_4_4_4_0_0_0_0': {'VS': 0.208, 'HS': np.float64(2.673), 'MMD': np.float64(36.93)}}",257,0.187,78.219,0.206,0,0,0,0,0,0,0,0,0,0,0,0,0,0,0,0,0,0,0,0,0
5-163_184_226_213_999_6_6_6_4_4_4_0_0_0_0,5,308,3.552,37.104,"{'1-163_': {'VS': 0.603, 'HS': np.float64(1.78), 'MMD': np.float64(27.372)}, '2-163_184_6': {'VS': 0.233, 'HS': np.float64(1.02), 'MMD': np.float64(45.858)}, '3-163_184_226_6_6_6': {'VS': 0.158, 'HS': np.float64(1.008), 'MMD': np.float64(46.405)}, '4-163_184_226_213_6_6_6_4_4_4': {'VS': 0.15, 'HS': np.float64(7.754), 'MMD': np.float64(47.0)}, '5-163_184_226_213_999_6_6_6_4_4_4_0_0_0_0': {'VS': 0.0, 'HS': 0.0, 'MMD': 0.0}}","{'1-163_': {'VS': 0.908, 'HS': np.float64(1.322), 'MMD': np.float64(24.588)}, '2-163_184_6': {'VS': 0.44, 'HS': np.float64(1.004), 'MMD': np.float64(33.575)}, '3-163_184_226_6_6_6': {'VS': 0.284, 'HS': np.float64(1.003), 'MMD': np.float64(34.323)}, '4-163_184_226_213_6_6_6_4_4_4': {'VS': 0.252, 'HS': np.float64(3.887), 'MMD': np.float64(35.071)}, '5-163_184_226_213_999_6_6_6_4_4_4_0_0_0_0': {'VS': 0.25, 'HS': np.float64(3.552), 'MMD': np.float64(37.104)}}",308,0.102,111.725,0.185,0,0,0,0,0,0,0,0,0,0,0,0,0,0,0,0,0,0,0,0,0
4-163_184_226_999_6_6_6_0_0_0,4,351,1.003,36.365,"{'1-163_': {'VS': 0.603, 'HS': np.float64(1.78), 'MMD': np.float64(27.372)}, '2-163_184_6': {'VS': 0.233, 'HS': np.float64(1.02), 'MMD': np.float64(45.858)}, '3-163_184_226_6_6_6': {'VS': 0.158, 'HS': np.float64(1.008), 'MMD': np.float64(46.405)}, '4-163_184_226_999_6_6_6_0_0_0': {'VS': 0.0, 'HS': 0.0, 'MMD': 0.0}}","{'1-163_': {'VS': 0.908, 'HS': np.float64(1.322), 'MMD': np.float64(24.588)}, '2-163_184_6': {'VS': 0.44, 'HS': np.float64(1.004), 'MMD': np.float64(33.575)}, '3-163_184_226_6_6_6': {'VS': 0.284, 'HS': np.float64(1.003), 'MMD': np.float64(34.323)}, '4-163_184_226_999_6_6_6_0_0_0': {'VS': 0.284, 'HS': np.float64(1.003), 'MMD': np.float64(36.365)}}",351,0.126,101.532,0.213,0,0,0,0,0,0,0,0,0,0,0,0,0,0,0,0,0,0,0,0,0
4-163_184_202_999_6_4_4_0_0_0,4,360,1.781,36.658,"{'1-163_': {'VS': 0.603, 'HS': np.float64(1.78), 'MMD': np.float64(27.372)}, '2-163_184_6': {'VS': 0.233, 'HS': np.float64(1.02), 'MMD': np.float64(45.858)}, '3-163_184_202_6_4_4': {'VS': 0.184, 'HS': np.float64(3.594), 'MMD': np.float64(47.576)}, '4-163_184_202_999_6_4_4_0_0_0': {'VS': 0.0, 'HS': 0.0, 'MMD': 0.0}}","{'1-163_': {'VS': 0.908, 'HS': np.float64(1.322), 'MMD': np.float64(24.588)}, '2-163_184_6': {'VS': 0.44, 'HS': np.float64(1.004), 'MMD': np.float64(33.575)}, '3-163_184_202_6_4_4': {'VS': 0.297, 'HS': np.float64(1.926), 'MMD': np.float64(34.625)}, '4-163_184_202_999_6_4_4_0_0_0': {'VS': 0.292, 'HS': np.float64(1.781), 'MMD': np.float64(36.658)}}",360,0.113,108.784,0.208,0,0,0,0,0,0,0,0,0,0,0,0,0,0,0,0,0,0,0,0,0
5-163_184_225_212_999_6_4_4_4_4_0_0_0_0_0,5,280,4.371,37.189,"{'1-163_': {'VS': 0.603, 'HS': np.float64(1.78), 'MMD': np.float64(27.372)}, '2-163_184_6': {'VS': 0.233, 'HS': np.float64(1.02), 'MMD': np.float64(45.858)}, '3-163_184_225_6_4_4': {'VS': 0.038, 'HS': np.float64(3.901), 'MMD': np.float64(39.674)}, '4-163_184_225_212_6_4_4_4_4_0': {'VS': 0.034, 'HS': np.float64(10.642), 'MMD': np.float64(40.434)}, '5-163_184_225_212_999_6_4_4_4_4_0_0_0_0_0': {'VS': 0.0, 'HS': 0.0, 'MMD': 0.0}}","{'1-163_': {'VS': 0.908, 'HS': np.float64(1.322), 'MMD': np.float64(24.588)}, '2-163_184_6': {'VS': 0.44, 'HS': np.float64(1.004), 'MMD': np.float64(33.575)}, '3-163_184_225_6_4_4': {'VS': 0.293, 'HS': np.float64(2.804), 'MMD': np.float64(34.74)}, '4-163_184_225_212_6_4_4_4_4_0': {'VS': 0.241, 'HS': np.float64(5.259), 'MMD': np.float64(35.175)}, '5-163_184_225_212_999_6_4_4_4_4_0_0_0_0_0': {'VS': 0.227, 'HS': np.float64(4.371), 'MMD': np.float64(37.189)}}",280,0.207,52.656,0.243,0,0,0,0,0,0,0,0,0,0,0,0,0,0,0,0,0,0,0,0,0
5-163_184_225_213_999_6_4_4_4_4_0_0_0_0_0,5,268,4.19,37.235,"{'1-163_': {'VS': 0.603, 'HS': np.float64(1.78), 'MMD': np.float64(27.372)}, '2-163_184_6': {'VS': 0.233, 'HS': np.float64(1.02), 'MMD': np.float64(45.858)}, '3-163_184_225_6_4_4': {'VS': 0.038, 'HS': np.float64(3.901), 'MMD': np.float64(39.674)}, '4-163_184_225_213_6_4_4_4_4_0': {'VS': 0.031, 'HS': np.float64(10.459), 'MMD': np.float64(41.38)}, '5-163_184_225_213_999_6_4_4_4_4_0_0_0_0_0': {'VS': 0.0, 'HS': 0.0, 'MMD': 0.0}}","{'1-163_': {'VS': 0.908, 'HS': np.float64(1.322), 'MMD': np.float64(24.588)}, '2-163_184_6': {'VS': 0.44, 'HS': np.float64(1.004), 'MMD': np.float64(33.575)}, '3-163_184_225_6_4_4': {'VS': 0.293, 'HS': np.float64(2.804), 'MMD': np.float64(34.74)}, '4-163_184_225_213_6_4_4_4_4_0': {'VS': 0.231, 'HS': np.float64(5.014), 'MMD': np.float64(35.2)}, '5-163_184_225_213_999_6_4_4_4_4_0_0_0_0_0': {'VS': 0.217, 'HS': np.float64(4.19), 'MMD': np.float64(37.235)}}",268,0.2,55.29,0.242,0,0,0,0,0,0,0,0,0,0,0,0,0,0,0,0,0,0,0,0,0
4-163_184_225_999_6_4_4_0_0_0,4,354,2.571,36.763,"{'1-163_': {'VS': 0.603, 'HS': np.float64(1.78), 'MMD': np.float64(27.372)}, '2-163_184_6': {'VS': 0.233, 'HS': np.float64(1.02), 'MMD': np.float64(45.858)}, '3-163_184_225_6_4_4': {'VS': 0.038, 'HS': np.float64(3.901), 'MMD': np.float64(39.674)}, '4-163_184_225_999_6_4_4_0_0_0': {'VS': 0.0, 'HS': 0.0, 'MMD': 0.0}}","{'1-163_': {'VS': 0.908, 'HS': np.float64(1.322), 'MMD': np.float64(24.588)}, '2-163_184_6': {'VS': 0.44, 'HS': np.float64(1.004), 'MMD': np.float64(33.575)}, '3-163_184_225_6_4_4': {'VS': 0.293, 'HS': np.float64(2.804), 'MMD': np.float64(34.74)}, '4-163_184_225_999_6_4_4_0_0_0': {'VS': 0.287, 'HS': np.float64(2.571), 'MMD': np.float64(36.763)}}",354,0.255,60.989,0.256,0,0,0,0,0,0,0,0,0,0,0,0,0,0,0,0,0,0,0,0,0
5-163_184_212_225_999_6_4_4_4_4_0_0_0_0_0,5,284,4.194,37.158,"{'1-163_': {'VS': 0.603, 'HS': np.float64(1.78), 'MMD': np.float64(27.372)}, '2-163_184_6': {'VS': 0.233, 'HS': np.float64(1.02), 'MMD': np.float64(45.858)}, '3-163_184_212_6_4_4': {'VS': 0.22, 'HS': np.float64(8.255), 'MMD': np.float64(47.208)}, '4-163_184_212_225_6_4_4_4_4_0': {'VS': 0.033, 'HS': np.float64(10.013), 'MMD': np.float64(40.441)}, '5-163_184_212_225_999_6_4_4_4_4_0_0_0_0_0': {'VS': 0.0, 'HS': 0.0, 'MMD': 0.0}}","{'1-163_': {'VS': 0.908, 'HS': np.float64(1.322), 'MMD': np.float64(24.588)}, '2-163_184_6': {'VS': 0.44, 'HS': np.float64(1.004), 'MMD': np.float64(33.575)}, '3-163_184_212_6_4_4': {'VS': 0.4, 'HS': np.float64(3.978), 'MMD': np.float64(34.414)}, '4-163_184_212_225_6_4_4_4_4_0': {'VS': 0.242, 'HS': np.float64(5.1), 'MMD': np.float64(35.161)}, '5-163_184_212_225_999_6_4_4_4_4_0_0_0_0_0': {'VS': 0.23, 'HS': np.float64(4.194), 'MMD': np.float64(37.158)}}",284,0.209,87.547,0.225,0,0,0,0,0,0,0,0,0,0,0,0,0,0,0,0,0,0,0,0,0
5-163_184_212_224_999_6_4_4_4_4_0_0_0_0_0,5,266,4.094,36.857,"{'1-163_': {'VS': 0.603, 'HS': np.float64(1.78), 'MMD': np.float64(27.372)}, '2-163_184_6': {'VS': 0.233, 'HS': np.float64(1.02), 'MMD': np.float64(45.858)}, '3-163_184_212_6_4_4': {'VS': 0.22, 'HS': np.float64(8.255), 'MMD': np.float64(47.208)}, '4-163_184_212_224_6_4_4_4_4_0': {'VS': 0.036, 'HS': np.float64(10.942), 'MMD': np.float64(41.468)}, '5-163_184_212_224_999_6_4_4_4_4_0_0_0_0_0': {'VS': 0.0, 'HS': 0.0, 'MMD': 0.0}}","{'1-163_': {'VS': 0.908, 'HS': np.float64(1.322), 'MMD': np.float64(24.588)}, '2-163_184_6': {'VS': 0.44, 'HS': np.float64(1.004), 'MMD': np.float64(33.575)}, '3-163_184_212_6_4_4': {'VS': 0.4, 'HS': np.float64(3.978), 'MMD': np.float64(34.414)}, '4-163_184_212_224_6_4_4_4_4_0': {'VS': 0.224, 'HS': np.float64(5.004), 'MMD': np.float64(34.859)}, '5-163_184_212_224_999_6_4_4_4_4_0_0_0_0_0': {'VS': 0.216, 'HS': np.float64(4.094), 'MMD': np.float64(36.857)}}",266,0.188,91.497,0.22,0,0,0,0,0,0,0,0,0,0,0,0,0,0,0,0,0,0,0,0,0
5-163_184_212_172_999_6_4_4_4_4_0_0_0_0_0,5,251,3.064,36.908,"{'1-163_': {'VS': 0.603, 'HS': np.float64(1.78), 'MMD': np.float64(27.372)}, '2-163_184_6': {'VS': 0.233, 'HS': np.float64(1.02), 'MMD': np.float64(45.858)}, '3-163_184_212_6_4_4': {'VS': 0.22, 'HS': np.float64(8.255), 'MMD': np.float64(47.208)}, '4-163_184_212_172_6_4_4_4_4_0': {'VS': 0.143, 'HS': np.float64(7.313), 'MMD': np.float64(47.994)}, '5-163_184_212_172_999_6_4_4_4_4_0_0_0_0_0': {'VS': 0.0, 'HS': 0.0, 'MMD': 0.0}}","{'1-163_': {'VS': 0.908, 'HS': np.float64(1.322), 'MMD': np.float64(24.588)}, '2-163_184_6': {'VS': 0.44, 'HS': np.float64(1.004), 'MMD': np.float64(33.575)}, '3-163_184_212_6_4_4': {'VS': 0.4, 'HS': np.float64(3.978), 'MMD': np.float64(34.414)}, '4-163_184_212_172_6_4_4_4_4_0': {'VS': 0.216, 'HS': np.float64(3.523), 'MMD': np.float64(34.917)}, '5-163_184_212_172_999_6_4_4_4_4_0_0_0_0_0': {'VS': 0.203, 'HS': np.float64(3.064), 'MMD': np.float64(36.908)}}",251,0.073,123.329,0.191,0,0,0,0,0,0,0,0,0,0,0,0,0,0,0,0,0,0,0,0,0
4-163_184_212_999_6_4_4_0_0_0,4,490,3.649,36.504,"{'1-163_': {'VS': 0.603, 'HS': np.float64(1.78), 'MMD': np.float64(27.372)}, '2-163_184_6': {'VS': 0.233, 'HS': np.float64(1.02), 'MMD': np.float64(45.858)}, '3-163_184_212_6_4_4': {'VS': 0.22, 'HS': np.float64(8.255), 'MMD': np.float64(47.208)}, '4-163_184_212_999_6_4_4_0_0_0': {'VS': 0.0, 'HS': 0.0, 'MMD': 0.0}}","{'1-163_': {'VS': 0.908, 'HS': np.float64(1.322), 'MMD': np.float64(24.588)}, '2-163_184_6': {'VS': 0.44, 'HS': np.float64(1.004), 'MMD': np.float64(33.575)}, '3-163_184_212_6_4_4': {'VS': 0.4, 'HS': np.float64(3.978), 'MMD': np.float64(34.414)}, '4-163_184_212_999_6_4_4_0_0_0': {'VS': 0.397, 'HS': np.float64(3.649), 'MMD': np.float64(36.504)}}",490,0.18,107.436,0.231,0,0,0,0,0,0,0,0,0,0,0,0,0,0,0,0,0,0,0,0,0
4-163_184_220_999_6_4_4_0_0_0,4,294,1.973,36.861,"{'1-163_': {'VS': 0.603, 'HS': np.float64(1.78), 'MMD': np.float64(27.372)}, '2-163_184_6': {'VS': 0.233, 'HS': np.float64(1.02), 'MMD': np.float64(45.858)}, '3-163_184_220_6_4_4': {'VS': 0.138, 'HS': np.float64(3.764), 'MMD': np.float64(47.481)}, '4-163_184_220_999_6_4_4_0_0_0': {'VS': 0.0, 'HS': 0.0, 'MMD': 0.0}}","{'1-163_': {'VS': 0.908, 'HS': np.float64(1.322), 'MMD': np.float64(24.588)}, '2-163_184_6': {'VS': 0.44, 'HS': np.float64(1.004), 'MMD': np.float64(33.575)}, '3-163_184_220_6_4_4': {'VS': 0.241, 'HS': np.float64(2.151), 'MMD': np.float64(34.768)}, '4-163_184_220_999_6_4_4_0_0_0': {'VS': 0.238, 'HS': np.float64(1.973), 'MMD': np.float64(36.861)}}",294,0.103,106.748,0.205,0,0,0,0,0,0,0,0,0,0,0,0,0,0,0,0,0,0,0,0,0
4-163_184_208_999_6_4_4_0_0_0,4,327,1.676,36.651,"{'1-163_': {'VS': 0.603, 'HS': np.float64(1.78), 'MMD': np.float64(27.372)}, '2-163_184_6': {'VS': 0.233, 'HS': np.float64(1.02), 'MMD': np.float64(45.858)}, '3-163_184_208_6_4_4': {'VS': 0.152, 'HS': np.float64(3.128), 'MMD': np.float64(47.462)}, '4-163_184_208_999_6_4_4_0_0_0': {'VS': 0.0, 'HS': 0.0, 'MMD': 0.0}}","{'1-163_': {'VS': 0.908, 'HS': np.float64(1.322), 'MMD': np.float64(24.588)}, '2-163_184_6': {'VS': 0.44, 'HS': np.float64(1.004), 'MMD': np.float64(33.575)}, '3-163_184_208_6_4_4': {'VS': 0.27, 'HS': np.float64(1.802), 'MMD': np.float64(34.601)}, '4-163_184_208_999_6_4_4_0_0_0': {'VS': 0.265, 'HS': np.float64(1.676), 'MMD': np.float64(36.651)}}",327,0.118,108.009,0.21,0,0,0,0,0,0,0,0,0,0,0,0,0,0,0,0,0,0,0,0,0
4-163_184_196_999_6_4_4_0_0_0,4,272,1.482,36.717,"{'1-163_': {'VS': 0.603, 'HS': np.float64(1.78), 'MMD': np.float64(27.372)}, '2-163_184_6': {'VS': 0.233, 'HS': np.float64(1.02), 'MMD': np.float64(45.858)}, '3-163_184_196_6_4_4': {'VS': 0.121, 'HS': np.float64(2.435), 'MMD': np.float64(47.572)}, '4-163_184_196_999_6_4_4_0_0_0': {'VS': 0.0, 'HS': 0.0, 'MMD': 0.0}}","{'1-163_': {'VS': 0.908, 'HS': np.float64(1.322), 'MMD': np.float64(24.588)}, '2-163_184_6': {'VS': 0.44, 'HS': np.float64(1.004), 'MMD': np.float64(33.575)}, '3-163_184_196_6_4_4': {'VS': 0.23, 'HS': np.float64(1.553), 'MMD': np.float64(34.687)}, '4-163_184_196_999_6_4_4_0_0_0': {'VS': 0.22, 'HS': np.float64(1.482), 'MMD': np.float64(36.717)}}",272,0.109,108.215,0.207,0,0,0,0,0,0,0,0,0,0,0,0,0,0,0,0,0,0,0,0,0
4-163_184_224_999_6_3_3_0_0_0,4,254,1.0,36.118,"{'1-163_': {'VS': 0.603, 'HS': np.float64(1.78), 'MMD': np.float64(27.372)}, '2-163_184_6': {'VS': 0.233, 'HS': np.float64(1.02), 'MMD': np.float64(45.858)}, '3-163_184_224_6_3_3': {'VS': 0.017, 'HS': np.float64(1.025), 'MMD': np.float64(37.838)}, '4-163_184_224_999_6_3_3_0_0_0': {'VS': 0.0, 'HS': 0.0, 'MMD': 0.0}}","{'1-163_': {'VS': 0.908, 'HS': np.float64(1.322), 'MMD': np.float64(24.588)}, '2-163_184_6': {'VS': 0.44, 'HS': np.float64(1.004), 'MMD': np.float64(33.575)}, '3-163_184_224_6_3_3': {'VS': 0.207, 'HS': np.float64(1.0), 'MMD': np.float64(34.008)}, '4-163_184_224_999_6_3_3_0_0_0': {'VS': 0.206, 'HS': np.float64(1.0), 'MMD': np.float64(36.118)}}",254,0.19,57.764,0.234,0,0,0,0,0,0,0,0,0,0,0,0,0,0,0,0,0,0,0,0,0
5-163_184_224_212_999_6_4_4_4_4_0_0_0_0_0,5,298,4.523,37.168,"{'1-163_': {'VS': 0.603, 'HS': np.float64(1.78), 'MMD': np.float64(27.372)}, '2-163_184_6': {'VS': 0.233, 'HS': np.float64(1.02), 'MMD': np.float64(45.858)}, '3-163_184_224_6_4_4': {'VS': 0.041, 'HS': np.float64(4.438), 'MMD': np.float64(40.728)}, '4-163_184_224_212_6_4_4_4_4_0': {'VS': 0.036, 'HS': np.float64(11.412), 'MMD': np.float64(41.884)}, '5-163_184_224_212_999_6_4_4_4_4_0_0_0_0_0': {'VS': 0.0, 'HS': 0.0, 'MMD': 0.0}}","{'1-163_': {'VS': 0.908, 'HS': np.float64(1.322), 'MMD': np.float64(24.588)}, '2-163_184_6': {'VS': 0.44, 'HS': np.float64(1.004), 'MMD': np.float64(33.575)}, '3-163_184_224_6_4_4': {'VS': 0.323, 'HS': np.float64(2.817), 'MMD': np.float64(34.629)}, '4-163_184_224_212_6_4_4_4_4_0': {'VS': 0.256, 'HS': np.float64(5.335), 'MMD': np.float64(35.165)}, '5-163_184_224_212_999_6_4_4_4_4_0_0_0_0_0': {'VS': 0.241, 'HS': np.float64(4.523), 'MMD': np.float64(37.168)}}",298,0.22,60.241,0.254,0,0,0,0,0,0,0,0,0,0,0,0,0,0,0,0,0,0,0,0,0
5-163_184_224_213_999_6_4_4_4_4_0_0_0_0_0,5,279,4.394,37.294,"{'1-163_': {'VS': 0.603, 'HS': np.float64(1.78), 'MMD': np.float64(27.372)}, '2-163_184_6': {'VS': 0.233, 'HS': np.float64(1.02), 'MMD': np.float64(45.858)}, '3-163_184_224_6_4_4': {'VS': 0.041, 'HS': np.float64(4.438), 'MMD': np.float64(40.728)}, '4-163_184_224_213_6_4_4_4_4_0': {'VS': 0.034, 'HS': np.float64(10.438), 'MMD': np.float64(42.327)}, '5-163_184_224_213_999_6_4_4_4_4_0_0_0_0_0': {'VS': 0.0, 'HS': 0.0, 'MMD': 0.0}}","{'1-163_': {'VS': 0.908, 'HS': np.float64(1.322), 'MMD': np.float64(24.588)}, '2-163_184_6': {'VS': 0.44, 'HS': np.float64(1.004), 'MMD': np.float64(33.575)}, '3-163_184_224_6_4_4': {'VS': 0.323, 'HS': np.float64(2.817), 'MMD': np.float64(34.629)}, '4-163_184_224_213_6_4_4_4_4_0': {'VS': 0.241, 'HS': np.float64(5.189), 'MMD': np.float64(35.283)}, '5-163_184_224_213_999_6_4_4_4_4_0_0_0_0_0': {'VS': 0.226, 'HS': np.float64(4.394), 'MMD': np.float64(37.294)}}",279,0.207,61.36,0.25,0,0,0,0,0,0,0,0,0,0,0,0,0,0,0,0,0,0,0,0,0
4-163_184_224_999_6_4_4_0_0_0,4,388,2.642,36.701,"{'1-163_': {'VS': 0.603, 'HS': np.float64(1.78), 'MMD': np.float64(27.372)}, '2-163_184_6': {'VS': 0.233, 'HS': np.float64(1.02), 'MMD': np.float64(45.858)}, '3-163_184_224_6_4_4': {'VS': 0.041, 'HS': np.float64(4.438), 'MMD': np.float64(40.728)}, '4-163_184_224_999_6_4_4_0_0_0': {'VS': 0.0, 'HS': 0.0, 'MMD': 0.0}}","{'1-163_': {'VS': 0.908, 'HS': np.float64(1.322), 'MMD': np.float64(24.588)}, '2-163_184_6': {'VS': 0.44, 'HS': np.float64(1.004), 'MMD': np.float64(33.575)}, '3-163_184_224_6_4_4': {'VS': 0.323, 'HS': np.float64(2.817), 'MMD': np.float64(34.629)}, '4-163_184_224_999_6_4_4_0_0_0': {'VS': 0.314, 'HS': np.float64(2.642), 'MMD': np.float64(36.701)}}",388,0.282,65.274,0.265,0,0,0,0,0,0,0,0,0,0,0,0,0,0,0,0,0,0,0,0,0
5-163_184_213_225_999_6_4_4_4_4_0_0_0_0_0,5,273,4.205,37.103,"{'1-163_': {'VS': 0.603, 'HS': np.float64(1.78), 'MMD': np.float64(27.372)}, '2-163_184_6': {'VS': 0.233, 'HS': np.float64(1.02), 'MMD': np.float64(45.858)}, '3-163_184_213_6_4_4': {'VS': 0.217, 'HS': np.float64(7.66), 'MMD': np.float64(47.086)}, '4-163_184_213_225_6_4_4_4_4_0': {'VS': 0.032, 'HS': np.float64(9.507), 'MMD': np.float64(40.977)}, '5-163_184_213_225_999_6_4_4_4_4_0_0_0_0_0': {'VS': 0.0, 'HS': 0.0, 'MMD': 0.0}}","{'1-163_': {'VS': 0.908, 'HS': np.float64(1.322), 'MMD': np.float64(24.588)}, '2-163_184_6': {'VS': 0.44, 'HS': np.float64(1.004), 'MMD': np.float64(33.575)}, '3-163_184_213_6_4_4': {'VS': 0.388, 'HS': np.float64(3.766), 'MMD': np.float64(34.562)}, '4-163_184_213_225_6_4_4_4_4_0': {'VS': 0.234, 'HS': np.float64(4.869), 'MMD': np.float64(35.125)}, '5-163_184_213_225_999_6_4_4_4_4_0_0_0_0_0': {'VS': 0.221, 'HS': np.float64(4.205), 'MMD': np.float64(37.103)}}",273,0.202,87.43,0.221,0,0,0,0,0,0,0,0,0,0,0,0,0,0,0,0,0,0,0,0,0
5-163_184_213_224_999_6_4_4_4_4_0_0_0_0_0,5,252,4.111,36.968,"{'1-163_': {'VS': 0.603, 'HS': np.float64(1.78), 'MMD': np.float64(27.372)}, '2-163_184_6': {'VS': 0.233, 'HS': np.float64(1.02), 'MMD': np.float64(45.858)}, '3-163_184_213_6_4_4': {'VS': 0.217, 'HS': np.float64(7.66), 'MMD': np.float64(47.086)}, '4-163_184_213_224_6_4_4_4_4_0': {'VS': 0.035, 'HS': np.float64(10.341), 'MMD': np.float64(41.763)}, '5-163_184_213_224_999_6_4_4_4_4_0_0_0_0_0': {'VS': 0.0, 'HS': 0.0, 'MMD': 0.0}}","{'1-163_': {'VS': 0.908, 'HS': np.float64(1.322), 'MMD': np.float64(24.588)}, '2-163_184_6': {'VS': 0.44, 'HS': np.float64(1.004), 'MMD': np.float64(33.575)}, '3-163_184_213_6_4_4': {'VS': 0.388, 'HS': np.float64(3.766), 'MMD': np.float64(34.562)}, '4-163_184_213_224_6_4_4_4_4_0': {'VS': 0.22, 'HS': np.float64(4.668), 'MMD': np.float64(35.015)}, '5-163_184_213_224_999_6_4_4_4_4_0_0_0_0_0': {'VS': 0.204, 'HS': np.float64(4.111), 'MMD': np.float64(36.968)}}",252,0.185,90.252,0.217,0,0,0,0,0,0,0,0,0,0,0,0,0,0,0,0,0,0,0,0,0
4-163_184_213_999_6_4_4_0_0_0,4,474,3.458,36.648,"{'1-163_': {'VS': 0.603, 'HS': np.float64(1.78), 'MMD': np.float64(27.372)}, '2-163_184_6': {'VS': 0.233, 'HS': np.float64(1.02), 'MMD': np.float64(45.858)}, '3-163_184_213_6_4_4': {'VS': 0.217, 'HS': np.float64(7.66), 'MMD': np.float64(47.086)}, '4-163_184_213_999_6_4_4_0_0_0': {'VS': 0.0, 'HS': 0.0, 'MMD': 0.0}}","{'1-163_': {'VS': 0.908, 'HS': np.float64(1.322), 'MMD': np.float64(24.588)}, '2-163_184_6': {'VS': 0.44, 'HS': np.float64(1.004), 'MMD': np.float64(33.575)}, '3-163_184_213_6_4_4': {'VS': 0.388, 'HS': np.float64(3.766), 'MMD': np.float64(34.562)}, '4-163_184_213_999_6_4_4_0_0_0': {'VS': 0.384, 'HS': np.float64(3.458), 'MMD': np.float64(36.648)}}",474,0.171,105.158,0.228,0,0,0,0,0,0,0,0,0,0,0,0,0,0,0,0,0,0,0,0,0
4-163_184_172_999_6_4_4_0_0_0,4,330,1.542,36.409,"{'1-163_': {'VS': 0.603, 'HS': np.float64(1.78), 'MMD': np.float64(27.372)}, '2-163_184_6': {'VS': 0.233, 'HS': np.float64(1.02), 'MMD': np.float64(45.858)}, '3-163_184_172_6_4_4': {'VS': 0.165, 'HS': np.float64(2.509), 'MMD': np.float64(47.413)}, '4-163_184_172_999_6_4_4_0_0_0': {'VS': 0.0, 'HS': 0.0, 'MMD': 0.0}}","{'1-163_': {'VS': 0.908, 'HS': np.float64(1.322), 'MMD': np.float64(24.588)}, '2-163_184_6': {'VS': 0.44, 'HS': np.float64(1.004), 'MMD': np.float64(33.575)}, '3-163_184_172_6_4_4': {'VS': 0.281, 'HS': np.float64(1.614), 'MMD': np.float64(34.429)}, '4-163_184_172_999_6_4_4_0_0_0': {'VS': 0.267, 'HS': np.float64(1.542), 'MMD': np.float64(36.409)}}",330,0.116,109.069,0.209,0,0,0,0,0,0,0,0,0,0,0,0,0,0,0,0,0,0,0,0,0
4-163_184_199_999_6_4_4_0_0_0,4,283,1.792,36.739,"{'1-163_': {'VS': 0.603, 'HS': np.float64(1.78), 'MMD': np.float64(27.372)}, '2-163_184_6': {'VS': 0.233, 'HS': np.float64(1.02), 'MMD': np.float64(45.858)}, '3-163_184_199_6_4_4': {'VS': 0.142, 'HS': np.float64(3.209), 'MMD': np.float64(47.548)}, '4-163_184_199_999_6_4_4_0_0_0': {'VS': 0.0, 'HS': 0.0, 'MMD': 0.0}}","{'1-163_': {'VS': 0.908, 'HS': np.float64(1.322), 'MMD': np.float64(24.588)}, '2-163_184_6': {'VS': 0.44, 'HS': np.float64(1.004), 'MMD': np.float64(33.575)}, '3-163_184_199_6_4_4': {'VS': 0.238, 'HS': np.float64(1.898), 'MMD': np.float64(34.741)}, '4-163_184_199_999_6_4_4_0_0_0': {'VS': 0.229, 'HS': np.float64(1.792), 'MMD': np.float64(36.739)}}",283,0.096,107.547,0.203,0,0,0,0,0,0,0,0,0,0,0,0,0,0,0,0,0,0,0,0,0
3-163_184_999_6_0_0,3,542,1.004,35.744,"{'1-163_': {'VS': 0.603, 'HS': np.float64(1.78), 'MMD': np.float64(27.372)}, '2-163_184_6': {'VS': 0.233, 'HS': np.float64(1.02), 'MMD': np.float64(45.858)}, '3-163_184_999_6_0_0': {'VS': 0.0, 'HS': 0.0, 'MMD': 0.0}}","{'1-163_': {'VS': 0.908, 'HS': np.float64(1.322), 'MMD': np.float64(24.588)}, '2-163_184_6': {'VS': 0.44, 'HS': np.float64(1.004), 'MMD': np.float64(33.575)}, '3-163_184_999_6_0_0': {'VS': 0.439, 'HS': np.float64(1.004), 'MMD': np.float64(35.744)}}",542,0.207,79.311,0.256,0,0,0,0,0,0,0,0,0,0,0,0,0,0,0,0,0,0,0,0,0
3-163_214_999_3_0_0,3,359,1.011,34.216,"{'1-163_': {'VS': 0.603, 'HS': np.float64(1.78), 'MMD': np.float64(27.372)}, '2-163_214_3': {'VS': 0.145, 'HS': np.float64(1.038), 'MMD': np.float64(41.805)}, '3-163_214_999_3_0_0': {'VS': 0.0, 'HS': 0.0, 'MMD': 0.0}}","{'1-163_': {'VS': 0.908, 'HS': np.float64(1.322), 'MMD': np.float64(24.588)}, '2-163_214_3': {'VS': 0.293, 'HS': np.float64(1.014), 'MMD': np.float64(31.711)}, '3-163_214_999_3_0_0': {'VS': 0.291, 'HS': np.float64(1.011), 'MMD': np.float64(34.216)}}",359,0.148,54.82,0.227,0,0,0,0,0,0,0,0,0,0,0,0,0,0,0,0,0,0,0,0,0
3-163_214_999_4_0_0,3,358,2.539,34.33,"{'1-163_': {'VS': 0.603, 'HS': np.float64(1.78), 'MMD': np.float64(27.372)}, '2-163_214_4': {'VS': 0.206, 'HS': np.float64(4.622), 'MMD': np.float64(39.963)}, '3-163_214_999_4_0_0': {'VS': 0.0, 'HS': 0.0, 'MMD': 0.0}}","{'1-163_': {'VS': 0.908, 'HS': np.float64(1.322), 'MMD': np.float64(24.588)}, '2-163_214_4': {'VS': 0.3, 'HS': np.float64(2.678), 'MMD': np.float64(31.59)}, '3-163_214_999_4_0_0': {'VS': 0.29, 'HS': np.float64(2.539), 'MMD': np.float64(34.33)}}",358,0.094,38.929,0.2,0,0,0,0,0,0,0,0,0,0,0,0,0,0,0,0,0,0,0,0,0
4-163_226_202_999_6_4_4_0_0_0,4,304,1.806,36.47,"{'1-163_': {'VS': 0.603, 'HS': np.float64(1.78), 'MMD': np.float64(27.372)}, '2-163_226_6': {'VS': 0.2, 'HS': np.float64(1.023), 'MMD': np.float64(45.73)}, '3-163_226_202_6_4_4': {'VS': 0.162, 'HS': np.float64(3.493), 'MMD': np.float64(47.121)}, '4-163_226_202_999_6_4_4_0_0_0': {'VS': 0.0, 'HS': 0.0, 'MMD': 0.0}}","{'1-163_': {'VS': 0.908, 'HS': np.float64(1.322), 'MMD': np.float64(24.588)}, '2-163_226_6': {'VS': 0.361, 'HS': np.float64(1.007), 'MMD': np.float64(33.782)}, '3-163_226_202_6_4_4': {'VS': 0.25, 'HS': np.float64(1.958), 'MMD': np.float64(34.476)}, '4-163_226_202_999_6_4_4_0_0_0': {'VS': 0.246, 'HS': np.float64(1.806), 'MMD': np.float64(36.47)}}",304,0.088,103.467,0.185,0,0,0,0,0,0,0,0,0,0,0,0,0,0,0,0,0,0,0,0,0
4-163_226_225_999_6_4_4_0_0_0,4,288,2.476,36.729,"{'1-163_': {'VS': 0.603, 'HS': np.float64(1.78), 'MMD': np.float64(27.372)}, '2-163_226_6': {'VS': 0.2, 'HS': np.float64(1.023), 'MMD': np.float64(45.73)}, '3-163_226_225_6_4_4': {'VS': 0.031, 'HS': np.float64(3.589), 'MMD': np.float64(38.322)}, '4-163_226_225_999_6_4_4_0_0_0': {'VS': 0.0, 'HS': 0.0, 'MMD': 0.0}}","{'1-163_': {'VS': 0.908, 'HS': np.float64(1.322), 'MMD': np.float64(24.588)}, '2-163_226_6': {'VS': 0.361, 'HS': np.float64(1.007), 'MMD': np.float64(33.782)}, '3-163_226_225_6_4_4': {'VS': 0.241, 'HS': np.float64(2.704), 'MMD': np.float64(34.721)}, '4-163_226_225_999_6_4_4_0_0_0': {'VS': 0.233, 'HS': np.float64(2.476), 'MMD': np.float64(36.729)}}",288,0.21,54.491,0.225,0,0,0,0,0,0,0,0,0,0,0,0,0,0,0,0,0,0,0,0,0
4-163_226_212_999_6_4_4_0_0_0,4,386,3.661,36.744,"{'1-163_': {'VS': 0.603, 'HS': np.float64(1.78), 'MMD': np.float64(27.372)}, '2-163_226_6': {'VS': 0.2, 'HS': np.float64(1.023), 'MMD': np.float64(45.73)}, '3-163_226_212_6_4_4': {'VS': 0.187, 'HS': np.float64(7.989), 'MMD': np.float64(46.891)}, '4-163_226_212_999_6_4_4_0_0_0': {'VS': 0.0, 'HS': 0.0, 'MMD': 0.0}}","{'1-163_': {'VS': 0.908, 'HS': np.float64(1.322), 'MMD': np.float64(24.588)}, '2-163_226_6': {'VS': 0.361, 'HS': np.float64(1.007), 'MMD': np.float64(33.782)}, '3-163_226_212_6_4_4': {'VS': 0.318, 'HS': np.float64(3.934), 'MMD': np.float64(34.666)}, '4-163_226_212_999_6_4_4_0_0_0': {'VS': 0.313, 'HS': np.float64(3.661), 'MMD': np.float64(36.744)}}",386,0.131,99.985,0.199,0,0,0,0,0,0,0,0,0,0,0,0,0,0,0,0,0,0,0,0,0
4-163_226_208_999_6_4_4_0_0_0,4,284,1.708,37.137,"{'1-163_': {'VS': 0.603, 'HS': np.float64(1.78), 'MMD': np.float64(27.372)}, '2-163_226_6': {'VS': 0.2, 'HS': np.float64(1.023), 'MMD': np.float64(45.73)}, '3-163_226_208_6_4_4': {'VS': 0.135, 'HS': np.float64(3.241), 'MMD': np.float64(47.6)}, '4-163_226_208_999_6_4_4_0_0_0': {'VS': 0.0, 'HS': 0.0, 'MMD': 0.0}}","{'1-163_': {'VS': 0.908, 'HS': np.float64(1.322), 'MMD': np.float64(24.588)}, '2-163_226_6': {'VS': 0.361, 'HS': np.float64(1.007), 'MMD': np.float64(33.782)}, '3-163_226_208_6_4_4': {'VS': 0.235, 'HS': np.float64(1.821), 'MMD': np.float64(35.141)}, '4-163_226_208_999_6_4_4_0_0_0': {'VS': 0.23, 'HS': np.float64(1.708), 'MMD': np.float64(37.137)}}",284,0.1,101.911,0.189,0,0,0,0,0,0,0,0,0,0,0,0,0,0,0,0,0,0,0,0,0
4-163_226_224_999_6_4_4_0_0_0,4,321,2.579,36.66,"{'1-163_': {'VS': 0.603, 'HS': np.float64(1.78), 'MMD': np.float64(27.372)}, '2-163_226_6': {'VS': 0.2, 'HS': np.float64(1.023), 'MMD': np.float64(45.73)}, '3-163_226_224_6_4_4': {'VS': 0.033, 'HS': np.float64(4.114), 'MMD': np.float64(38.365)}, '4-163_226_224_999_6_4_4_0_0_0': {'VS': 0.0, 'HS': 0.0, 'MMD': 0.0}}","{'1-163_': {'VS': 0.908, 'HS': np.float64(1.322), 'MMD': np.float64(24.588)}, '2-163_226_6': {'VS': 0.361, 'HS': np.float64(1.007), 'MMD': np.float64(33.782)}, '3-163_226_224_6_4_4': {'VS': 0.265, 'HS': np.float64(2.786), 'MMD': np.float64(34.613)}, '4-163_226_224_999_6_4_4_0_0_0': {'VS': 0.26, 'HS': np.float64(2.579), 'MMD': np.float64(36.66)}}",321,0.232,54.861,0.233,1,1,0,0,0,0,0,0,0,0,0,0,0,0,0,0,0,0,0,0,1
4-163_226_213_999_6_4_4_0_0_0,4,372,3.513,36.919,"{'1-163_': {'VS': 0.603, 'HS': np.float64(1.78), 'MMD': np.float64(27.372)}, '2-163_226_6': {'VS': 0.2, 'HS': np.float64(1.023), 'MMD': np.float64(45.73)}, '3-163_226_213_6_4_4': {'VS': 0.18, 'HS': np.float64(7.504), 'MMD': np.float64(46.98)}, '4-163_226_213_999_6_4_4_0_0_0': {'VS': 0.0, 'HS': 0.0, 'MMD': 0.0}}","{'1-163_': {'VS': 0.908, 'HS': np.float64(1.322), 'MMD': np.float64(24.588)}, '2-163_226_6': {'VS': 0.361, 'HS': np.float64(1.007), 'MMD': np.float64(33.782)}, '3-163_226_213_6_4_4': {'VS': 0.306, 'HS': np.float64(3.825), 'MMD': np.float64(34.897)}, '4-163_226_213_999_6_4_4_0_0_0': {'VS': 0.301, 'HS': np.float64(3.513), 'MMD': np.float64(36.919)}}",372,0.126,98.835,0.197,0,0,0,0,0,0,0,0,0,0,0,0,0,0,0,0,0,0,0,0,0
4-163_226_172_999_6_4_4_0_0_0,4,265,1.54,36.872,"{'1-163_': {'VS': 0.603, 'HS': np.float64(1.78), 'MMD': np.float64(27.372)}, '2-163_226_6': {'VS': 0.2, 'HS': np.float64(1.023), 'MMD': np.float64(45.73)}, '3-163_226_172_6_4_4': {'VS': 0.145, 'HS': np.float64(2.481), 'MMD': np.float64(47.42)}, '4-163_226_172_999_6_4_4_0_0_0': {'VS': 0.0, 'HS': 0.0, 'MMD': 0.0}}","{'1-163_': {'VS': 0.908, 'HS': np.float64(1.322), 'MMD': np.float64(24.588)}, '2-163_226_6': {'VS': 0.361, 'HS': np.float64(1.007), 'MMD': np.float64(33.782)}, '3-163_226_172_6_4_4': {'VS': 0.224, 'HS': np.float64(1.614), 'MMD': np.float64(34.899)}, '4-163_226_172_999_6_4_4_0_0_0': {'VS': 0.215, 'HS': np.float64(1.54), 'MMD': np.float64(36.872)}}",265,0.079,102.427,0.182,0,0,0,0,0,0,0,0,0,0,0,0,0,0,0,0,0,0,0,0,0
3-163_226_999_6_0_0,3,444,1.007,35.984,"{'1-163_': {'VS': 0.603, 'HS': np.float64(1.78), 'MMD': np.float64(27.372)}, '2-163_226_6': {'VS': 0.2, 'HS': np.float64(1.023), 'MMD': np.float64(45.73)}, '3-163_226_999_6_0_0': {'VS': 0.0, 'HS': 0.0, 'MMD': 0.0}}","{'1-163_': {'VS': 0.908, 'HS': np.float64(1.322), 'MMD': np.float64(24.588)}, '2-163_226_6': {'VS': 0.361, 'HS': np.float64(1.007), 'MMD': np.float64(33.782)}, '3-163_226_999_6_0_0': {'VS': 0.36, 'HS': np.float64(1.007), 'MMD': np.float64(35.984)}}",444,0.161,75.253,0.233,0,0,0,0,0,0,0,0,0,0,0,0,0,0,0,0,0,0,0,0,0
4-163_202_212_999_4_4_0_0_0_0,4,358,2.774,35.858,"{'1-163_': {'VS': 0.603, 'HS': np.float64(1.78), 'MMD': np.float64(27.372)}, '2-163_202_4': {'VS': 0.348, 'HS': np.float64(3.163), 'MMD': np.float64(39.795)}, '3-163_202_212_4_4_0': {'VS': 0.285, 'HS': np.float64(8.533), 'MMD': np.float64(43.446)}, '4-163_202_212_999_4_4_0_0_0_0': {'VS': 0.0, 'HS': 0.0, 'MMD': 0.0}}","{'1-163_': {'VS': 0.908, 'HS': np.float64(1.322), 'MMD': np.float64(24.588)}, '2-163_202_4': {'VS': 0.491, 'HS': np.float64(1.84), 'MMD': np.float64(31.063)}, '3-163_202_212_4_4_0': {'VS': 0.319, 'HS': np.float64(3.19), 'MMD': np.float64(33.444)}, '4-163_202_212_999_4_4_0_0_0_0': {'VS': 0.29, 'HS': np.float64(2.774), 'MMD': np.float64(35.858)}}",358,0.034,61.346,0.161,0,0,0,0,0,0,0,0,0,0,0,0,0,0,0,0,0,0,0,0,0
4-163_202_213_999_4_4_0_0_0_0,4,334,2.716,35.853,"{'1-163_': {'VS': 0.603, 'HS': np.float64(1.78), 'MMD': np.float64(27.372)}, '2-163_202_4': {'VS': 0.348, 'HS': np.float64(3.163), 'MMD': np.float64(39.795)}, '3-163_202_213_4_4_0': {'VS': 0.26, 'HS': np.float64(8.22), 'MMD': np.float64(44.069)}, '4-163_202_213_999_4_4_0_0_0_0': {'VS': 0.0, 'HS': 0.0, 'MMD': 0.0}}","{'1-163_': {'VS': 0.908, 'HS': np.float64(1.322), 'MMD': np.float64(24.588)}, '2-163_202_4': {'VS': 0.491, 'HS': np.float64(1.84), 'MMD': np.float64(31.063)}, '3-163_202_213_4_4_0': {'VS': 0.299, 'HS': np.float64(3.141), 'MMD': np.float64(33.363)}, '4-163_202_213_999_4_4_0_0_0_0': {'VS': 0.271, 'HS': np.float64(2.716), 'MMD': np.float64(35.853)}}",334,0.039,66.206,0.162,0,0,0,0,0,0,0,0,0,0,0,0,0,0,0,0,0,0,0,0,0
3-163_202_999_4_0_0,3,592,1.708,33.854,"{'1-163_': {'VS': 0.603, 'HS': np.float64(1.78), 'MMD': np.float64(27.372)}, '2-163_202_4': {'VS': 0.348, 'HS': np.float64(3.163), 'MMD': np.float64(39.795)}, '3-163_202_999_4_0_0': {'VS': 0.0, 'HS': 0.0, 'MMD': 0.0}}","{'1-163_': {'VS': 0.908, 'HS': np.float64(1.322), 'MMD': np.float64(24.588)}, '2-163_202_4': {'VS': 0.491, 'HS': np.float64(1.84), 'MMD': np.float64(31.063)}, '3-163_202_999_4_0_0': {'VS': 0.48, 'HS': np.float64(1.708), 'MMD': np.float64(33.854)}}",592,0.143,41.999,0.224,0,0,0,0,0,0,0,0,0,0,0,0,0,0,0,0,0,0,0,0,0
4-163_225_212_999_4_4_0_0_0_0,4,417,4.012,35.077,"{'1-163_': {'VS': 0.603, 'HS': np.float64(1.78), 'MMD': np.float64(27.372)}, '2-163_225_4': {'VS': 0.106, 'HS': np.float64(3.088), 'MMD': np.float64(30.737)}, '3-163_225_212_4_4_0': {'VS': 0.076, 'HS': np.float64(9.542), 'MMD': np.float64(37.526)}, '4-163_225_212_999_4_4_0_0_0_0': {'VS': 0.0, 'HS': 0.0, 'MMD': 0.0}}","{'1-163_': {'VS': 0.908, 'HS': np.float64(1.322), 'MMD': np.float64(24.588)}, '2-163_225_4': {'VS': 0.498, 'HS': np.float64(2.509), 'MMD': np.float64(30.098)}, '3-163_225_212_4_4_0': {'VS': 0.358, 'HS': np.float64(4.81), 'MMD': np.float64(32.787)}, '4-163_225_212_999_4_4_0_0_0_0': {'VS': 0.338, 'HS': np.float64(4.012), 'MMD': np.float64(35.077)}}",417,0.282,10.206,0.326,0,0,0,0,0,0,0,0,0,0,0,0,0,0,0,0,0,0,0,0,0
4-163_225_213_999_4_4_0_0_0_0,4,397,3.879,35.324,"{'1-163_': {'VS': 0.603, 'HS': np.float64(1.78), 'MMD': np.float64(27.372)}, '2-163_225_4': {'VS': 0.106, 'HS': np.float64(3.088), 'MMD': np.float64(30.737)}, '3-163_225_213_4_4_0': {'VS': 0.071, 'HS': np.float64(8.653), 'MMD': np.float64(38.191)}, '4-163_225_213_999_4_4_0_0_0_0': {'VS': 0.0, 'HS': 0.0, 'MMD': 0.0}}","{'1-163_': {'VS': 0.908, 'HS': np.float64(1.322), 'MMD': np.float64(24.588)}, '2-163_225_4': {'VS': 0.498, 'HS': np.float64(2.509), 'MMD': np.float64(30.098)}, '3-163_225_213_4_4_0': {'VS': 0.343, 'HS': np.float64(4.634), 'MMD': np.float64(32.994)}, '4-163_225_213_999_4_4_0_0_0_0': {'VS': 0.322, 'HS': np.float64(3.879), 'MMD': np.float64(35.324)}}",397,0.272,11.723,0.323,0,0,0,0,0,0,0,0,0,0,0,0,0,0,0,0,0,0,0,0,0
4-163_225_172_999_4_4_0_0_0_0,4,251,2.287,35.418,"{'1-163_': {'VS': 0.603, 'HS': np.float64(1.78), 'MMD': np.float64(27.372)}, '2-163_225_4': {'VS': 0.106, 'HS': np.float64(3.088), 'MMD': np.float64(30.737)}, '3-163_225_172_4_4_0': {'VS': 0.051, 'HS': np.float64(3.85), 'MMD': np.float64(39.85)}, '4-163_225_172_999_4_4_0_0_0_0': {'VS': 0.0, 'HS': 0.0, 'MMD': 0.0}}","{'1-163_': {'VS': 0.908, 'HS': np.float64(1.322), 'MMD': np.float64(24.588)}, '2-163_225_4': {'VS': 0.498, 'HS': np.float64(2.509), 'MMD': np.float64(30.098)}, '3-163_225_172_4_4_0': {'VS': 0.223, 'HS': np.float64(2.607), 'MMD': np.float64(33.476)}, '4-163_225_172_999_4_4_0_0_0_0': {'VS': 0.203, 'HS': np.float64(2.287), 'MMD': np.float64(35.418)}}",251,0.172,16.262,0.29,1,0,0,0,0,0,0,0,0,0,0,0,0,0,0,0,0,0,0,0,1
3-163_225_999_4_0_0,3,595,2.331,33.098,"{'1-163_': {'VS': 0.603, 'HS': np.float64(1.78), 'MMD': np.float64(27.372)}, '2-163_225_4': {'VS': 0.106, 'HS': np.float64(3.088), 'MMD': np.float64(30.737)}, '3-163_225_999_4_0_0': {'VS': 0.0, 'HS': 0.0, 'MMD': 0.0}}","{'1-163_': {'VS': 0.908, 'HS': np.float64(1.322), 'MMD': np.float64(24.588)}, '2-163_225_4': {'VS': 0.498, 'HS': np.float64(2.509), 'MMD': np.float64(30.098)}, '3-163_225_999_4_0_0': {'VS': 0.482, 'HS': np.float64(2.331), 'MMD': np.float64(33.098)}}",595,0.392,4.079,0.349,0,0,0,0,0,0,0,0,1,1,0,0,0,0,0,0,0,0,0,0,1
3-163_212_999_0_0_0,3,266,2.895,21.359,"{'1-163_': {'VS': 0.603, 'HS': np.float64(1.78), 'MMD': np.float64(27.372)}, '2-163_212_0': {'VS': 0.232, 'HS': np.float64(6.403), 'MMD': np.float64(16.698)}, '3-163_212_999_0_0_0': {'VS': 0.0, 'HS': 0.0, 'MMD': 0.0}}","{'1-163_': {'VS': 0.908, 'HS': np.float64(1.322), 'MMD': np.float64(24.588)}, '2-163_212_0': {'VS': 0.236, 'HS': np.float64(3.481), 'MMD': np.float64(16.205)}, '3-163_212_999_0_0_0': {'VS': 0.216, 'HS': np.float64(2.895), 'MMD': np.float64(21.359)}}",266,0.004,3.997,0.155,0,0,0,0,0,0,0,0,0,0,0,0,0,0,0,0,0,0,0,0,0
3-163_212_999_3_0_0,3,393,1.015,31.595,"{'1-163_': {'VS': 0.603, 'HS': np.float64(1.78), 'MMD': np.float64(27.372)}, '2-163_212_3': {'VS': 0.182, 'HS': np.float64(1.04), 'MMD': np.float64(34.358)}, '3-163_212_999_3_0_0': {'VS': 0.0, 'HS': 0.0, 'MMD': 0.0}}","{'1-163_': {'VS': 0.908, 'HS': np.float64(1.322), 'MMD': np.float64(24.588)}, '2-163_212_3': {'VS': 0.323, 'HS': np.float64(1.025), 'MMD': np.float64(28.339)}, '3-163_212_999_3_0_0': {'VS': 0.318, 'HS': np.float64(1.015), 'MMD': np.float64(31.595)}}",393,0.141,21.99,0.223,0,0,0,0,0,0,0,0,0,0,0,0,0,0,0,0,0,0,0,0,0
4-163_212_202_999_4_4_0_0_0_0,4,358,2.908,35.142,"{'1-163_': {'VS': 0.603, 'HS': np.float64(1.78), 'MMD': np.float64(27.372)}, '2-163_212_4': {'VS': 0.428, 'HS': np.float64(6.788), 'MMD': np.float64(37.827)}, '3-163_212_202_4_4_0': {'VS': 0.287, 'HS': np.float64(8.488), 'MMD': np.float64(43.396)}, '4-163_212_202_999_4_4_0_0_0_0': {'VS': 0.0, 'HS': 0.0, 'MMD': 0.0}}","{'1-163_': {'VS': 0.908, 'HS': np.float64(1.322), 'MMD': np.float64(24.588)}, '2-163_212_4': {'VS': 0.686, 'HS': np.float64(3.538), 'MMD': np.float64(29.805)}, '3-163_212_202_4_4_0': {'VS': 0.313, 'HS': np.float64(3.306), 'MMD': np.float64(32.93)}, '4-163_212_202_999_4_4_0_0_0_0': {'VS': 0.29, 'HS': np.float64(2.908), 'MMD': np.float64(35.142)}}",358,0.026,60.547,0.196,0,0,0,0,0,0,0,0,0,0,0,0,0,0,0,0,0,0,0,0,0
4-163_212_225_999_4_4_0_0_0_0,4,433,3.882,34.958,"{'1-163_': {'VS': 0.603, 'HS': np.float64(1.78), 'MMD': np.float64(27.372)}, '2-163_212_4': {'VS': 0.428, 'HS': np.float64(6.788), 'MMD': np.float64(37.827)}, '3-163_212_225_4_4_0': {'VS': 0.077, 'HS': np.float64(9.044), 'MMD': np.float64(36.605)}, '4-163_212_225_999_4_4_0_0_0_0': {'VS': 0.0, 'HS': 0.0, 'MMD': 0.0}}","{'1-163_': {'VS': 0.908, 'HS': np.float64(1.322), 'MMD': np.float64(24.588)}, '2-163_212_4': {'VS': 0.686, 'HS': np.float64(3.538), 'MMD': np.float64(29.805)}, '3-163_212_225_4_4_0': {'VS': 0.371, 'HS': np.float64(4.607), 'MMD': np.float64(32.5)}, '4-163_212_225_999_4_4_0_0_0_0': {'VS': 0.351, 'HS': np.float64(3.882), 'MMD': np.float64(34.958)}}",433,0.294,29.651,0.286,0,0,0,0,0,0,0,0,0,0,0,0,0,0,0,0,0,0,0,0,0
4-163_212_220_999_4_4_0_0_0_0,4,285,3.2,35.639,"{'1-163_': {'VS': 0.603, 'HS': np.float64(1.78), 'MMD': np.float64(27.372)}, '2-163_212_4': {'VS': 0.428, 'HS': np.float64(6.788), 'MMD': np.float64(37.827)}, '3-163_212_220_4_4_0': {'VS': 0.208, 'HS': np.float64(9.454), 'MMD': np.float64(43.931)}, '4-163_212_220_999_4_4_0_0_0_0': {'VS': 0.0, 'HS': 0.0, 'MMD': 0.0}}","{'1-163_': {'VS': 0.908, 'HS': np.float64(1.322), 'MMD': np.float64(24.588)}, '2-163_212_4': {'VS': 0.686, 'HS': np.float64(3.538), 'MMD': np.float64(29.805)}, '3-163_212_220_4_4_0': {'VS': 0.25, 'HS': np.float64(3.61), 'MMD': np.float64(33.344)}, '4-163_212_220_999_4_4_0_0_0_0': {'VS': 0.231, 'HS': np.float64(3.2), 'MMD': np.float64(35.639)}}",285,0.042,61.396,0.202,0,0,0,0,0,0,0,0,0,0,0,0,0,0,0,0,0,0,0,0,0
4-163_212_208_999_4_4_0_0_0_0,4,308,2.721,35.081,"{'1-163_': {'VS': 0.603, 'HS': np.float64(1.78), 'MMD': np.float64(27.372)}, '2-163_212_4': {'VS': 0.428, 'HS': np.float64(6.788), 'MMD': np.float64(37.827)}, '3-163_212_208_4_4_0': {'VS': 0.22, 'HS': np.float64(7.964), 'MMD': np.float64(44.383)}, '4-163_212_208_999_4_4_0_0_0_0': {'VS': 0.0, 'HS': 0.0, 'MMD': 0.0}}","{'1-163_': {'VS': 0.908, 'HS': np.float64(1.322), 'MMD': np.float64(24.588)}, '2-163_212_4': {'VS': 0.686, 'HS': np.float64(3.538), 'MMD': np.float64(29.805)}, '3-163_212_208_4_4_0': {'VS': 0.271, 'HS': np.float64(3.063), 'MMD': np.float64(32.871)}, '4-163_212_208_999_4_4_0_0_0_0': {'VS': 0.25, 'HS': np.float64(2.721), 'MMD': np.float64(35.081)}}",308,0.051,68.21,0.205,0,0,0,0,0,0,0,0,0,0,0,0,0,0,0,0,0,0,0,0,0
4-163_212_196_999_4_4_0_0_0_0,4,282,2.78,35.06,"{'1-163_': {'VS': 0.603, 'HS': np.float64(1.78), 'MMD': np.float64(27.372)}, '2-163_212_4': {'VS': 0.428, 'HS': np.float64(6.788), 'MMD': np.float64(37.827)}, '3-163_212_196_4_4_0': {'VS': 0.173, 'HS': np.float64(6.725), 'MMD': np.float64(44.127)}, '4-163_212_196_999_4_4_0_0_0_0': {'VS': 0.0, 'HS': 0.0, 'MMD': 0.0}}","{'1-163_': {'VS': 0.908, 'HS': np.float64(1.322), 'MMD': np.float64(24.588)}, '2-163_212_4': {'VS': 0.686, 'HS': np.float64(3.538), 'MMD': np.float64(29.805)}, '3-163_212_196_4_4_0': {'VS': 0.254, 'HS': np.float64(3.045), 'MMD': np.float64(32.904)}, '4-163_212_196_999_4_4_0_0_0_0': {'VS': 0.229, 'HS': np.float64(2.78), 'MMD': np.float64(35.06)}}",282,0.081,66.02,0.215,0,0,0,0,0,0,0,0,0,0,0,0,0,0,0,0,0,0,0,0,0
4-163_212_224_999_4_3_0_0_0_0,4,258,2.616,34.744,"{'1-163_': {'VS': 0.603, 'HS': np.float64(1.78), 'MMD': np.float64(27.372)}, '2-163_212_4': {'VS': 0.428, 'HS': np.float64(6.788), 'MMD': np.float64(37.827)}, '3-163_212_224_4_3_0': {'VS': 0.026, 'HS': np.float64(3.0), 'MMD': np.float64(33.885)}, '4-163_212_224_999_4_3_0_0_0_0': {'VS': 0.0, 'HS': 0.0, 'MMD': 0.0}}","{'1-163_': {'VS': 0.908, 'HS': np.float64(1.322), 'MMD': np.float64(24.588)}, '2-163_212_4': {'VS': 0.686, 'HS': np.float64(3.538), 'MMD': np.float64(29.805)}, '3-163_212_224_4_3_0': {'VS': 0.215, 'HS': np.float64(2.932), 'MMD': np.float64(32.543)}, '4-163_212_224_999_4_3_0_0_0_0': {'VS': 0.209, 'HS': np.float64(2.616), 'MMD': np.float64(34.744)}}",258,0.189,24.635,0.251,0,0,0,0,0,0,0,0,0,0,0,0,0,0,0,0,0,0,0,0,0
4-163_212_224_999_4_4_0_0_0_0,4,392,3.885,35.378,"{'1-163_': {'VS': 0.603, 'HS': np.float64(1.78), 'MMD': np.float64(27.372)}, '2-163_212_4': {'VS': 0.428, 'HS': np.float64(6.788), 'MMD': np.float64(37.827)}, '3-163_212_224_4_4_0': {'VS': 0.078, 'HS': np.float64(9.973), 'MMD': np.float64(38.751)}, '4-163_212_224_999_4_4_0_0_0_0': {'VS': 0.0, 'HS': 0.0, 'MMD': 0.0}}","{'1-163_': {'VS': 0.908, 'HS': np.float64(1.322), 'MMD': np.float64(24.588)}, '2-163_212_4': {'VS': 0.686, 'HS': np.float64(3.538), 'MMD': np.float64(29.805)}, '3-163_212_224_4_4_0': {'VS': 0.335, 'HS': np.float64(4.649), 'MMD': np.float64(33.061)}, '4-163_212_224_999_4_4_0_0_0_0': {'VS': 0.318, 'HS': np.float64(3.885), 'MMD': np.float64(35.378)}}",392,0.257,34.826,0.273,0,0,0,0,0,0,0,0,0,0,0,0,0,0,0,0,0,0,0,0,0
4-163_212_172_999_4_4_0_0_0_0,4,381,2.898,35.129,"{'1-163_': {'VS': 0.603, 'HS': np.float64(1.78), 'MMD': np.float64(27.372)}, '2-163_212_4': {'VS': 0.428, 'HS': np.float64(6.788), 'MMD': np.float64(37.827)}, '3-163_212_172_4_4_0': {'VS': 0.234, 'HS': np.float64(6.883), 'MMD': np.float64(44.393)}, '4-163_212_172_999_4_4_0_0_0_0': {'VS': 0.0, 'HS': 0.0, 'MMD': 0.0}}","{'1-163_': {'VS': 0.908, 'HS': np.float64(1.322), 'MMD': np.float64(24.588)}, '2-163_212_4': {'VS': 0.686, 'HS': np.float64(3.538), 'MMD': np.float64(29.805)}, '3-163_212_172_4_4_0': {'VS': 0.331, 'HS': np.float64(3.257), 'MMD': np.float64(32.88)}, '4-163_212_172_999_4_4_0_0_0_0': {'VS': 0.309, 'HS': np.float64(2.898), 'MMD': np.float64(35.129)}}",381,0.097,68.217,0.22,1,1,1,0,0,0,0,0,0,0,0,0,0,0,0,0,0,0,0,0,1
4-163_212_199_999_4_4_0_0_0_0,4,267,2.798,35.631,"{'1-163_': {'VS': 0.603, 'HS': np.float64(1.78), 'MMD': np.float64(27.372)}, '2-163_212_4': {'VS': 0.428, 'HS': np.float64(6.788), 'MMD': np.float64(37.827)}, '3-163_212_199_4_4_0': {'VS': 0.206, 'HS': np.float64(7.928), 'MMD': np.float64(44.475)}, '4-163_212_199_999_4_4_0_0_0_0': {'VS': 0.0, 'HS': 0.0, 'MMD': 0.0}}","{'1-163_': {'VS': 0.908, 'HS': np.float64(1.322), 'MMD': np.float64(24.588)}, '2-163_212_4': {'VS': 0.686, 'HS': np.float64(3.538), 'MMD': np.float64(29.805)}, '3-163_212_199_4_4_0': {'VS': 0.231, 'HS': np.float64(3.218), 'MMD': np.float64(33.312)}, '4-163_212_199_999_4_4_0_0_0_0': {'VS': 0.216, 'HS': np.float64(2.798), 'MMD': np.float64(35.631)}}",267,0.025,65.572,0.196,0,0,0,0,0,0,0,0,0,0,0,0,0,0,0,0,0,0,0,0,0
4-163_212_221_999_4_4_0_0_0_0,4,254,3.567,35.594,"{'1-163_': {'VS': 0.603, 'HS': np.float64(1.78), 'MMD': np.float64(27.372)}, '2-163_212_4': {'VS': 0.428, 'HS': np.float64(6.788), 'MMD': np.float64(37.827)}, '3-163_212_221_4_4_0': {'VS': 0.183, 'HS': np.float64(9.709), 'MMD': np.float64(42.906)}, '4-163_212_221_999_4_4_0_0_0_0': {'VS': 0.0, 'HS': 0.0, 'MMD': 0.0}}","{'1-163_': {'VS': 0.908, 'HS': np.float64(1.322), 'MMD': np.float64(24.588)}, '2-163_212_4': {'VS': 0.686, 'HS': np.float64(3.538), 'MMD': np.float64(29.805)}, '3-163_212_221_4_4_0': {'VS': 0.222, 'HS': np.float64(4.106), 'MMD': np.float64(33.263)}, '4-163_212_221_999_4_4_0_0_0_0': {'VS': 0.206, 'HS': np.float64(3.567), 'MMD': np.float64(35.594)}}",254,0.039,55.03,0.201,0,0,0,0,0,0,0,0,0,0,0,0,0,0,0,0,0,0,0,0,0
4-163_212_169_999_4_4_0_0_0_0,4,290,2.893,34.514,"{'1-163_': {'VS': 0.603, 'HS': np.float64(1.78), 'MMD': np.float64(27.372)}, '2-163_212_4': {'VS': 0.428, 'HS': np.float64(6.788), 'MMD': np.float64(37.827)}, '3-163_212_169_4_4_0': {'VS': 0.171, 'HS': np.float64(6.106), 'MMD': np.float64(43.392)}, '4-163_212_169_999_4_4_0_0_0_0': {'VS': 0.0, 'HS': 0.0, 'MMD': 0.0}}","{'1-163_': {'VS': 0.908, 'HS': np.float64(1.322), 'MMD': np.float64(24.588)}, '2-163_212_4': {'VS': 0.686, 'HS': np.float64(3.538), 'MMD': np.float64(29.805)}, '3-163_212_169_4_4_0': {'VS': 0.251, 'HS': np.float64(3.171), 'MMD': np.float64(32.381)}, '4-163_212_169_999_4_4_0_0_0_0': {'VS': 0.235, 'HS': np.float64(2.893), 'MMD': np.float64(34.514)}}",290,0.08,64.448,0.214,1,1,1,0,0,0,0,0,0,0,0,0,0,0,0,0,0,0,0,0,1
3-163_212_999_4_0_0,3,834,3.29,32.924,"{'1-163_': {'VS': 0.603, 'HS': np.float64(1.78), 'MMD': np.float64(27.372)}, '2-163_212_4': {'VS': 0.428, 'HS': np.float64(6.788), 'MMD': np.float64(37.827)}, '3-163_212_999_4_0_0': {'VS': 0.0, 'HS': 0.0, 'MMD': 0.0}}","{'1-163_': {'VS': 0.908, 'HS': np.float64(1.322), 'MMD': np.float64(24.588)}, '2-163_212_4': {'VS': 0.686, 'HS': np.float64(3.538), 'MMD': np.float64(29.805)}, '3-163_212_999_4_0_0': {'VS': 0.676, 'HS': np.float64(3.29), 'MMD': np.float64(32.924)}}",834,0.258,36.052,0.282,0,0,0,0,1,0,0,0,0,0,0,0,0,0,0,0,0,0,0,0,1
4-163_212_157_999_4_4_0_0_0_0,4,267,2.921,35.004,"{'1-163_': {'VS': 0.603, 'HS': np.float64(1.78), 'MMD': np.float64(27.372)}, '2-163_212_4': {'VS': 0.428, 'HS': np.float64(6.788), 'MMD': np.float64(37.827)}, '3-163_212_157_4_4_0': {'VS': 0.172, 'HS': np.float64(6.889), 'MMD': np.float64(44.789)}, '4-163_212_157_999_4_4_0_0_0_0': {'VS': 0.0, 'HS': 0.0, 'MMD': 0.0}}","{'1-163_': {'VS': 0.908, 'HS': np.float64(1.322), 'MMD': np.float64(24.588)}, '2-163_212_4': {'VS': 0.686, 'HS': np.float64(3.538), 'MMD': np.float64(29.805)}, '3-163_212_157_4_4_0': {'VS': 0.228, 'HS': np.float64(3.306), 'MMD': np.float64(32.918)}, '4-163_212_157_999_4_4_0_0_0_0': {'VS': 0.216, 'HS': np.float64(2.921), 'MMD': np.float64(35.004)}}",267,0.056,71.008,0.206,0,0,0,0,0,0,0,0,0,0,0,0,0,0,0,0,0,0,0,0,0
4-163_212_178_999_4_4_0_0_0_0,4,253,2.968,34.538,"{'1-163_': {'VS': 0.603, 'HS': np.float64(1.78), 'MMD': np.float64(27.372)}, '2-163_212_4': {'VS': 0.428, 'HS': np.float64(6.788), 'MMD': np.float64(37.827)}, '3-163_212_178_4_4_0': {'VS': 0.107, 'HS': np.float64(4.352), 'MMD': np.float64(43.5)}, '4-163_212_178_999_4_4_0_0_0_0': {'VS': 0.0, 'HS': 0.0, 'MMD': 0.0}}","{'1-163_': {'VS': 0.908, 'HS': np.float64(1.322), 'MMD': np.float64(24.588)}, '2-163_212_4': {'VS': 0.686, 'HS': np.float64(3.538), 'MMD': np.float64(29.805)}, '3-163_212_178_4_4_0': {'VS': 0.215, 'HS': np.float64(3.275), 'MMD': np.float64(32.234)}, '4-163_212_178_999_4_4_0_0_0_0': {'VS': 0.205, 'HS': np.float64(2.968), 'MMD': np.float64(34.538)}}",253,0.108,66.342,0.224,0,0,0,0,0,0,0,0,0,0,0,0,0,0,0,0,0,0,0,0,0
4-163_212_215_999_4_4_0_0_0_0,4,248,4.835,35.706,"{'1-163_': {'VS': 0.603, 'HS': np.float64(1.78), 'MMD': np.float64(27.372)}, '2-163_212_4': {'VS': 0.428, 'HS': np.float64(6.788), 'MMD': np.float64(37.827)}, '3-163_212_215_4_4_0': {'VS': 0.164, 'HS': np.float64(13.152), 'MMD': np.float64(42.717)}, '4-163_212_215_999_4_4_0_0_0_0': {'VS': 0.0, 'HS': 0.0, 'MMD': 0.0}}","{'1-163_': {'VS': 0.908, 'HS': np.float64(1.322), 'MMD': np.float64(24.588)}, '2-163_212_4': {'VS': 0.686, 'HS': np.float64(3.538), 'MMD': np.float64(29.805)}, '3-163_212_215_4_4_0': {'VS': 0.212, 'HS': np.float64(5.582), 'MMD': np.float64(33.452)}, '4-163_212_215_999_4_4_0_0_0_0': {'VS': 0.201, 'HS': np.float64(4.835), 'MMD': np.float64(35.706)}}",248,0.048,52.648,0.204,1,0,0,0,0,0,0,0,0,0,0,0,0,0,0,0,0,0,0,0,1
4-163_220_212_999_4_4_0_0_0_0,4,299,3.328,35.809,"{'1-163_': {'VS': 0.603, 'HS': np.float64(1.78), 'MMD': np.float64(27.372)}, '2-163_220_4': {'VS': 0.262, 'HS': np.float64(3.292), 'MMD': np.float64(40.21)}, '3-163_220_212_4_4_0': {'VS': 0.211, 'HS': np.float64(9.193), 'MMD': np.float64(43.243)}, '4-163_220_212_999_4_4_0_0_0_0': {'VS': 0.0, 'HS': 0.0, 'MMD': 0.0}}","{'1-163_': {'VS': 0.908, 'HS': np.float64(1.322), 'MMD': np.float64(24.588)}, '2-163_220_4': {'VS': 0.389, 'HS': np.float64(1.992), 'MMD': np.float64(30.966)}, '3-163_220_212_4_4_0': {'VS': 0.259, 'HS': np.float64(3.922), 'MMD': np.float64(33.634)}, '4-163_220_212_999_4_4_0_0_0_0': {'VS': 0.242, 'HS': np.float64(3.328), 'MMD': np.float64(35.809)}}",299,0.048,61.845,0.16,1,1,0,0,0,0,0,0,0,0,0,0,0,0,0,0,0,0,0,0,1
4-163_220_213_999_4_4_0_0_0_0,4,292,3.106,35.918,"{'1-163_': {'VS': 0.603, 'HS': np.float64(1.78), 'MMD': np.float64(27.372)}, '2-163_220_4': {'VS': 0.262, 'HS': np.float64(3.292), 'MMD': np.float64(40.21)}, '3-163_220_213_4_4_0': {'VS': 0.194, 'HS': np.float64(8.81), 'MMD': np.float64(44.011)}, '4-163_220_213_999_4_4_0_0_0_0': {'VS': 0.0, 'HS': 0.0, 'MMD': 0.0}}","{'1-163_': {'VS': 0.908, 'HS': np.float64(1.322), 'MMD': np.float64(24.588)}, '2-163_220_4': {'VS': 0.389, 'HS': np.float64(1.992), 'MMD': np.float64(30.966)}, '3-163_220_213_4_4_0': {'VS': 0.25, 'HS': np.float64(3.709), 'MMD': np.float64(33.608)}, '4-163_220_213_999_4_4_0_0_0_0': {'VS': 0.237, 'HS': np.float64(3.106), 'MMD': np.float64(35.918)}}",292,0.056,67.142,0.163,0,0,0,0,0,0,0,0,0,0,0,0,0,0,0,0,0,0,0,0,0
3-163_220_999_4_0_0,3,469,1.855,33.848,"{'1-163_': {'VS': 0.603, 'HS': np.float64(1.78), 'MMD': np.float64(27.372)}, '2-163_220_4': {'VS': 0.262, 'HS': np.float64(3.292), 'MMD': np.float64(40.21)}, '3-163_220_999_4_0_0': {'VS': 0.0, 'HS': 0.0, 'MMD': 0.0}}","{'1-163_': {'VS': 0.908, 'HS': np.float64(1.322), 'MMD': np.float64(24.588)}, '2-163_220_4': {'VS': 0.389, 'HS': np.float64(1.992), 'MMD': np.float64(30.966)}, '3-163_220_999_4_0_0': {'VS': 0.38, 'HS': np.float64(1.855), 'MMD': np.float64(33.848)}}",469,0.127,46.601,0.216,0,0,0,0,0,0,0,0,0,0,0,0,0,0,0,0,0,0,0,0,0
4-163_208_212_999_4_4_0_0_0_0,4,328,2.759,35.405,"{'1-163_': {'VS': 0.603, 'HS': np.float64(1.78), 'MMD': np.float64(27.372)}, '2-163_208_4': {'VS': 0.283, 'HS': np.float64(2.84), 'MMD': np.float64(40.351)}, '3-163_208_212_4_4_0': {'VS': 0.224, 'HS': np.float64(7.924), 'MMD': np.float64(43.666)}, '4-163_208_212_999_4_4_0_0_0_0': {'VS': 0.0, 'HS': 0.0, 'MMD': 0.0}}","{'1-163_': {'VS': 0.908, 'HS': np.float64(1.322), 'MMD': np.float64(24.588)}, '2-163_208_4': {'VS': 0.438, 'HS': np.float64(1.749), 'MMD': np.float64(31.466)}, '3-163_208_212_4_4_0': {'VS': 0.285, 'HS': np.float64(3.264), 'MMD': np.float64(33.193)}, '4-163_208_212_999_4_4_0_0_0_0': {'VS': 0.266, 'HS': np.float64(2.759), 'MMD': np.float64(35.405)}}",328,0.061,65.459,0.174,0,0,0,0,0,0,0,0,0,0,0,0,0,0,0,0,0,0,0,0,0
4-163_208_213_999_4_4_0_0_0_0,4,320,2.638,35.597,"{'1-163_': {'VS': 0.603, 'HS': np.float64(1.78), 'MMD': np.float64(27.372)}, '2-163_208_4': {'VS': 0.283, 'HS': np.float64(2.84), 'MMD': np.float64(40.351)}, '3-163_208_213_4_4_0': {'VS': 0.211, 'HS': np.float64(7.533), 'MMD': np.float64(43.984)}, '4-163_208_213_999_4_4_0_0_0_0': {'VS': 0.0, 'HS': 0.0, 'MMD': 0.0}}","{'1-163_': {'VS': 0.908, 'HS': np.float64(1.322), 'MMD': np.float64(24.588)}, '2-163_208_4': {'VS': 0.438, 'HS': np.float64(1.749), 'MMD': np.float64(31.466)}, '3-163_208_213_4_4_0': {'VS': 0.278, 'HS': np.float64(3.079), 'MMD': np.float64(33.335)}, '4-163_208_213_999_4_4_0_0_0_0': {'VS': 0.259, 'HS': np.float64(2.638), 'MMD': np.float64(35.597)}}",320,0.067,66.698,0.176,0,0,0,0,0,0,0,0,0,0,0,0,0,0,0,0,0,0,0,0,0
3-163_208_999_4_0_0,3,529,1.647,34.237,"{'1-163_': {'VS': 0.603, 'HS': np.float64(1.78), 'MMD': np.float64(27.372)}, '2-163_208_4': {'VS': 0.283, 'HS': np.float64(2.84), 'MMD': np.float64(40.351)}, '3-163_208_999_4_0_0': {'VS': 0.0, 'HS': 0.0, 'MMD': 0.0}}","{'1-163_': {'VS': 0.908, 'HS': np.float64(1.322), 'MMD': np.float64(24.588)}, '2-163_208_4': {'VS': 0.438, 'HS': np.float64(1.749), 'MMD': np.float64(31.466)}, '3-163_208_999_4_0_0': {'VS': 0.429, 'HS': np.float64(1.647), 'MMD': np.float64(34.237)}}",529,0.155,43.347,0.23,0,0,0,0,0,0,0,0,0,0,0,0,0,0,0,0,0,0,0,0,0
4-163_196_212_999_4_4_0_0_0_0,4,269,2.465,35.572,"{'1-163_': {'VS': 0.603, 'HS': np.float64(1.78), 'MMD': np.float64(27.372)}, '2-163_196_4': {'VS': 0.219, 'HS': np.float64(2.256), 'MMD': np.float64(40.457)}, '3-163_196_212_4_4_0': {'VS': 0.184, 'HS': np.float64(6.484), 'MMD': np.float64(43.487)}, '4-163_196_212_999_4_4_0_0_0_0': {'VS': 0.0, 'HS': 0.0, 'MMD': 0.0}}","{'1-163_': {'VS': 0.908, 'HS': np.float64(1.322), 'MMD': np.float64(24.588)}, '2-163_196_4': {'VS': 0.369, 'HS': np.float64(1.503), 'MMD': np.float64(31.213)}, '3-163_196_212_4_4_0': {'VS': 0.233, 'HS': np.float64(2.795), 'MMD': np.float64(33.281)}, '4-163_196_212_999_4_4_0_0_0_0': {'VS': 0.218, 'HS': np.float64(2.465), 'MMD': np.float64(35.572)}}",269,0.049,65.788,0.168,0,0,0,0,0,0,0,0,0,0,0,0,0,0,0,0,0,0,0,0,0
4-163_196_213_999_4_4_0_0_0_0,4,251,2.279,35.139,"{'1-163_': {'VS': 0.603, 'HS': np.float64(1.78), 'MMD': np.float64(27.372)}, '2-163_196_4': {'VS': 0.219, 'HS': np.float64(2.256), 'MMD': np.float64(40.457)}, '3-163_196_213_4_4_0': {'VS': 0.17, 'HS': np.float64(6.0), 'MMD': np.float64(43.443)}, '4-163_196_213_999_4_4_0_0_0_0': {'VS': 0.0, 'HS': 0.0, 'MMD': 0.0}}","{'1-163_': {'VS': 0.908, 'HS': np.float64(1.322), 'MMD': np.float64(24.588)}, '2-163_196_4': {'VS': 0.369, 'HS': np.float64(1.503), 'MMD': np.float64(31.213)}, '3-163_196_213_4_4_0': {'VS': 0.22, 'HS': np.float64(2.614), 'MMD': np.float64(32.982)}, '4-163_196_213_999_4_4_0_0_0_0': {'VS': 0.203, 'HS': np.float64(2.279), 'MMD': np.float64(35.139)}}",251,0.05,67.545,0.168,0,0,0,0,0,0,0,0,0,0,0,0,0,0,0,0,0,0,0,0,0
3-163_196_999_4_0_0,3,439,1.444,33.885,"{'1-163_': {'VS': 0.603, 'HS': np.float64(1.78), 'MMD': np.float64(27.372)}, '2-163_196_4': {'VS': 0.219, 'HS': np.float64(2.256), 'MMD': np.float64(40.457)}, '3-163_196_999_4_0_0': {'VS': 0.0, 'HS': 0.0, 'MMD': 0.0}}","{'1-163_': {'VS': 0.908, 'HS': np.float64(1.322), 'MMD': np.float64(24.588)}, '2-163_196_4': {'VS': 0.369, 'HS': np.float64(1.503), 'MMD': np.float64(31.213)}, '3-163_196_999_4_0_0': {'VS': 0.356, 'HS': np.float64(1.444), 'MMD': np.float64(33.885)}}",439,0.15,46.601,0.228,0,0,0,0,0,0,0,0,0,0,0,0,0,0,0,0,0,0,0,0,0
3-163_224_999_3_0_0,3,382,1.003,32.644,"{'1-163_': {'VS': 0.603, 'HS': np.float64(1.78), 'MMD': np.float64(27.372)}, '2-163_224_3': {'VS': 0.037, 'HS': np.float64(1.057), 'MMD': np.float64(26.517)}, '3-163_224_999_3_0_0': {'VS': 0.0, 'HS': 0.0, 'MMD': 0.0}}","{'1-163_': {'VS': 0.908, 'HS': np.float64(1.322), 'MMD': np.float64(24.588)}, '2-163_224_3': {'VS': 0.311, 'HS': np.float64(1.005), 'MMD': np.float64(29.97)}, '3-163_224_999_3_0_0': {'VS': 0.31, 'HS': np.float64(1.003), 'MMD': np.float64(32.644)}}",382,0.274,9.837,0.29,0,0,0,0,0,0,0,0,0,0,0,0,0,0,0,0,0,0,0,0,0
4-163_224_202_999_4_4_0_0_0_0,4,248,2.399,35.601,"{'1-163_': {'VS': 0.603, 'HS': np.float64(1.78), 'MMD': np.float64(27.372)}, '2-163_224_4': {'VS': 0.107, 'HS': np.float64(3.452), 'MMD': np.float64(32.459)}, '3-163_224_202_4_4_0': {'VS': 0.056, 'HS': np.float64(4.82), 'MMD': np.float64(41.814)}, '4-163_224_202_999_4_4_0_0_0_0': {'VS': 0.0, 'HS': 0.0, 'MMD': 0.0}}","{'1-163_': {'VS': 0.908, 'HS': np.float64(1.322), 'MMD': np.float64(24.588)}, '2-163_224_4': {'VS': 0.526, 'HS': np.float64(2.595), 'MMD': np.float64(30.963)}, '3-163_224_202_4_4_0': {'VS': 0.224, 'HS': np.float64(2.725), 'MMD': np.float64(33.428)}, '4-163_224_202_999_4_4_0_0_0_0': {'VS': 0.201, 'HS': np.float64(2.399), 'MMD': np.float64(35.601)}}",248,0.168,26.771,0.297,0,0,0,0,0,0,0,0,0,0,0,0,0,0,0,0,0,0,0,0,0
4-163_224_212_999_4_4_0_0_0_0,4,444,4.097,35.527,"{'1-163_': {'VS': 0.603, 'HS': np.float64(1.78), 'MMD': np.float64(27.372)}, '2-163_224_4': {'VS': 0.107, 'HS': np.float64(3.452), 'MMD': np.float64(32.459)}, '3-163_224_212_4_4_0': {'VS': 0.077, 'HS': np.float64(10.104), 'MMD': np.float64(38.687)}, '4-163_224_212_999_4_4_0_0_0_0': {'VS': 0.0, 'HS': 0.0, 'MMD': 0.0}}","{'1-163_': {'VS': 0.908, 'HS': np.float64(1.322), 'MMD': np.float64(24.588)}, '2-163_224_4': {'VS': 0.526, 'HS': np.float64(2.595), 'MMD': np.float64(30.963)}, '3-163_224_212_4_4_0': {'VS': 0.382, 'HS': np.float64(4.82), 'MMD': np.float64(33.123)}, '4-163_224_212_999_4_4_0_0_0_0': {'VS': 0.36, 'HS': np.float64(4.097), 'MMD': np.float64(35.527)}}",444,0.305,13.649,0.343,0,0,0,0,0,0,0,0,0,0,0,0,0,0,0,0,0,0,0,0,0
4-163_224_213_999_4_4_0_0_0_0,4,425,3.981,35.287,"{'1-163_': {'VS': 0.603, 'HS': np.float64(1.78), 'MMD': np.float64(27.372)}, '2-163_224_4': {'VS': 0.107, 'HS': np.float64(3.452), 'MMD': np.float64(32.459)}, '3-163_224_213_4_4_0': {'VS': 0.072, 'HS': np.float64(8.776), 'MMD': np.float64(39.154)}, '4-163_224_213_999_4_4_0_0_0_0': {'VS': 0.0, 'HS': 0.0, 'MMD': 0.0}}","{'1-163_': {'VS': 0.908, 'HS': np.float64(1.322), 'MMD': np.float64(24.588)}, '2-163_224_4': {'VS': 0.526, 'HS': np.float64(2.595), 'MMD': np.float64(30.963)}, '3-163_224_213_4_4_0': {'VS': 0.365, 'HS': np.float64(4.67), 'MMD': np.float64(32.878)}, '4-163_224_213_999_4_4_0_0_0_0': {'VS': 0.344, 'HS': np.float64(3.981), 'MMD': np.float64(35.287)}}",425,0.293,16.459,0.339,0,0,0,0,0,0,0,0,0,0,0,0,0,0,0,0,0,0,0,0,0
4-163_224_172_999_4_4_0_0_0_0,4,274,2.314,35.453,"{'1-163_': {'VS': 0.603, 'HS': np.float64(1.78), 'MMD': np.float64(27.372)}, '2-163_224_4': {'VS': 0.107, 'HS': np.float64(3.452), 'MMD': np.float64(32.459)}, '3-163_224_172_4_4_0': {'VS': 0.052, 'HS': np.float64(4.172), 'MMD': np.float64(41.705)}, '4-163_224_172_999_4_4_0_0_0_0': {'VS': 0.0, 'HS': 0.0, 'MMD': 0.0}}","{'1-163_': {'VS': 0.908, 'HS': np.float64(1.322), 'MMD': np.float64(24.588)}, '2-163_224_4': {'VS': 0.526, 'HS': np.float64(2.595), 'MMD': np.float64(30.963)}, '3-163_224_172_4_4_0': {'VS': 0.243, 'HS': np.float64(2.56), 'MMD': np.float64(33.32)}, '4-163_224_172_999_4_4_0_0_0_0': {'VS': 0.222, 'HS': np.float64(2.314), 'MMD': np.float64(35.453)}}",274,0.191,26.766,0.305,0,0,0,0,0,0,0,0,0,0,0,0,0,0,0,0,0,0,0,0,0
3-163_224_999_4_0_0,3,633,2.428,33.728,"{'1-163_': {'VS': 0.603, 'HS': np.float64(1.78), 'MMD': np.float64(27.372)}, '2-163_224_4': {'VS': 0.107, 'HS': np.float64(3.452), 'MMD': np.float64(32.459)}, '3-163_224_999_4_0_0': {'VS': 0.0, 'HS': 0.0, 'MMD': 0.0}}","{'1-163_': {'VS': 0.908, 'HS': np.float64(1.322), 'MMD': np.float64(24.588)}, '2-163_224_4': {'VS': 0.526, 'HS': np.float64(2.595), 'MMD': np.float64(30.963)}, '3-163_224_999_4_0_0': {'VS': 0.513, 'HS': np.float64(2.428), 'MMD': np.float64(33.728)}}",633,0.419,4.994,0.362,0,0,0,0,0,0,0,0,1,1,1,0,0,0,0,0,0,0,0,0,1
3-163_213_999_3_0_0,3,339,1.021,31.672,"{'1-163_': {'VS': 0.603, 'HS': np.float64(1.78), 'MMD': np.float64(27.372)}, '2-163_213_3': {'VS': 0.166, 'HS': np.float64(1.059), 'MMD': np.float64(33.907)}, '3-163_213_999_3_0_0': {'VS': 0.0, 'HS': 0.0, 'MMD': 0.0}}","{'1-163_': {'VS': 0.908, 'HS': np.float64(1.322), 'MMD': np.float64(24.588)}, '2-163_213_3': {'VS': 0.276, 'HS': np.float64(1.035), 'MMD': np.float64(28.707)}, '3-163_213_999_3_0_0': {'VS': 0.275, 'HS': np.float64(1.021), 'MMD': np.float64(31.672)}}",339,0.11,17.395,0.208,0,0,0,0,0,0,0,0,0,0,0,0,0,0,0,0,0,0,0,0,0
4-163_213_202_999_4_4_0_0_0_0,4,330,2.776,35.079,"{'1-163_': {'VS': 0.603, 'HS': np.float64(1.78), 'MMD': np.float64(27.372)}, '2-163_213_4': {'VS': 0.413, 'HS': np.float64(6.285), 'MMD': np.float64(38.069)}, '3-163_213_202_4_4_0': {'VS': 0.266, 'HS': np.float64(8.094), 'MMD': np.float64(43.904)}, '4-163_213_202_999_4_4_0_0_0_0': {'VS': 0.0, 'HS': 0.0, 'MMD': 0.0}}","{'1-163_': {'VS': 0.908, 'HS': np.float64(1.322), 'MMD': np.float64(24.588)}, '2-163_213_4': {'VS': 0.657, 'HS': np.float64(3.408), 'MMD': np.float64(29.868)}, '3-163_213_202_4_4_0': {'VS': 0.288, 'HS': np.float64(3.183), 'MMD': np.float64(33.011)}, '4-163_213_202_999_4_4_0_0_0_0': {'VS': 0.267, 'HS': np.float64(2.776), 'MMD': np.float64(35.079)}}",330,0.022,64.555,0.19,0,0,0,0,0,0,0,0,0,0,0,0,0,0,0,0,0,0,0,0,0
4-163_213_225_999_4_4_0_0_0_0,4,416,3.851,34.823,"{'1-163_': {'VS': 0.603, 'HS': np.float64(1.78), 'MMD': np.float64(27.372)}, '2-163_213_4': {'VS': 0.413, 'HS': np.float64(6.285), 'MMD': np.float64(38.069)}, '3-163_213_225_4_4_0': {'VS': 0.07, 'HS': np.float64(8.892), 'MMD': np.float64(37.693)}, '4-163_213_225_999_4_4_0_0_0_0': {'VS': 0.0, 'HS': 0.0, 'MMD': 0.0}}","{'1-163_': {'VS': 0.908, 'HS': np.float64(1.322), 'MMD': np.float64(24.588)}, '2-163_213_4': {'VS': 0.657, 'HS': np.float64(3.408), 'MMD': np.float64(29.868)}, '3-163_213_225_4_4_0': {'VS': 0.354, 'HS': np.float64(4.474), 'MMD': np.float64(32.577)}, '4-163_213_225_999_4_4_0_0_0_0': {'VS': 0.337, 'HS': np.float64(3.851), 'MMD': np.float64(34.823)}}",416,0.284,33.727,0.278,1,1,0,0,0,0,0,0,0,0,0,0,0,0,0,0,0,0,0,0,1
4-163_213_220_999_4_4_0_0_0_0,4,260,3.296,35.619,"{'1-163_': {'VS': 0.603, 'HS': np.float64(1.78), 'MMD': np.float64(27.372)}, '2-163_213_4': {'VS': 0.413, 'HS': np.float64(6.285), 'MMD': np.float64(38.069)}, '3-163_213_220_4_4_0': {'VS': 0.193, 'HS': np.float64(9.173), 'MMD': np.float64(44.224)}, '4-163_213_220_999_4_4_0_0_0_0': {'VS': 0.0, 'HS': 0.0, 'MMD': 0.0}}","{'1-163_': {'VS': 0.908, 'HS': np.float64(1.322), 'MMD': np.float64(24.588)}, '2-163_213_4': {'VS': 0.657, 'HS': np.float64(3.408), 'MMD': np.float64(29.868)}, '3-163_213_220_4_4_0': {'VS': 0.233, 'HS': np.float64(3.594), 'MMD': np.float64(33.503)}, '4-163_213_220_999_4_4_0_0_0_0': {'VS': 0.211, 'HS': np.float64(3.296), 'MMD': np.float64(35.619)}}",260,0.04,63.316,0.196,0,0,0,0,0,0,0,0,0,0,0,0,0,0,0,0,0,0,0,0,0
4-163_213_208_999_4_4_0_0_0_0,4,278,2.777,35.597,"{'1-163_': {'VS': 0.603, 'HS': np.float64(1.78), 'MMD': np.float64(27.372)}, '2-163_213_4': {'VS': 0.413, 'HS': np.float64(6.285), 'MMD': np.float64(38.069)}, '3-163_213_208_4_4_0': {'VS': 0.208, 'HS': np.float64(7.536), 'MMD': np.float64(44.528)}, '4-163_213_208_999_4_4_0_0_0_0': {'VS': 0.0, 'HS': 0.0, 'MMD': 0.0}}","{'1-163_': {'VS': 0.908, 'HS': np.float64(1.322), 'MMD': np.float64(24.588)}, '2-163_213_4': {'VS': 0.657, 'HS': np.float64(3.408), 'MMD': np.float64(29.868)}, '3-163_213_208_4_4_0': {'VS': 0.246, 'HS': np.float64(3.053), 'MMD': np.float64(33.513)}, '4-163_213_208_999_4_4_0_0_0_0': {'VS': 0.225, 'HS': np.float64(2.777), 'MMD': np.float64(35.597)}}",278,0.038,65.446,0.196,0,0,0,0,0,0,0,0,0,0,0,0,0,0,0,0,0,0,0,0,0
4-163_213_196_999_4_4_0_0_0_0,4,255,2.694,35.286,"{'1-163_': {'VS': 0.603, 'HS': np.float64(1.78), 'MMD': np.float64(27.372)}, '2-163_213_4': {'VS': 0.413, 'HS': np.float64(6.285), 'MMD': np.float64(38.069)}, '3-163_213_196_4_4_0': {'VS': 0.163, 'HS': np.float64(6.347), 'MMD': np.float64(44.523)}, '4-163_213_196_999_4_4_0_0_0_0': {'VS': 0.0, 'HS': 0.0, 'MMD': 0.0}}","{'1-163_': {'VS': 0.908, 'HS': np.float64(1.322), 'MMD': np.float64(24.588)}, '2-163_213_4': {'VS': 0.657, 'HS': np.float64(3.408), 'MMD': np.float64(29.868)}, '3-163_213_196_4_4_0': {'VS': 0.227, 'HS': np.float64(3.004), 'MMD': np.float64(33.111)}, '4-163_213_196_999_4_4_0_0_0_0': {'VS': 0.207, 'HS': np.float64(2.694), 'MMD': np.float64(35.286)}}",255,0.064,68.414,0.204,0,0,0,0,0,0,0,0,0,0,0,0,0,0,0,0,0,0,0,0,0
4-163_213_224_999_4_3_0_0_0_0,4,249,2.594,34.659,"{'1-163_': {'VS': 0.603, 'HS': np.float64(1.78), 'MMD': np.float64(27.372)}, '2-163_213_4': {'VS': 0.413, 'HS': np.float64(6.285), 'MMD': np.float64(38.069)}, '3-163_213_224_4_3_0': {'VS': 0.024, 'HS': np.float64(2.965), 'MMD': np.float64(35.158)}, '4-163_213_224_999_4_3_0_0_0_0': {'VS': 0.0, 'HS': 0.0, 'MMD': 0.0}}","{'1-163_': {'VS': 0.908, 'HS': np.float64(1.322), 'MMD': np.float64(24.588)}, '2-163_213_4': {'VS': 0.657, 'HS': np.float64(3.408), 'MMD': np.float64(29.868)}, '3-163_213_224_4_3_0': {'VS': 0.213, 'HS': np.float64(2.814), 'MMD': np.float64(32.532)}, '4-163_213_224_999_4_3_0_0_0_0': {'VS': 0.202, 'HS': np.float64(2.594), 'MMD': np.float64(34.659)}}",249,0.189,27.301,0.246,0,0,0,0,0,0,0,0,0,0,0,0,0,0,0,0,0,0,0,0,0
4-163_213_224_999_4_4_0_0_0_0,4,373,3.895,35.15,"{'1-163_': {'VS': 0.603, 'HS': np.float64(1.78), 'MMD': np.float64(27.372)}, '2-163_213_4': {'VS': 0.413, 'HS': np.float64(6.285), 'MMD': np.float64(38.069)}, '3-163_213_224_4_4_0': {'VS': 0.072, 'HS': np.float64(9.706), 'MMD': np.float64(40.359)}, '4-163_213_224_999_4_4_0_0_0_0': {'VS': 0.0, 'HS': 0.0, 'MMD': 0.0}}","{'1-163_': {'VS': 0.908, 'HS': np.float64(1.322), 'MMD': np.float64(24.588)}, '2-163_213_4': {'VS': 0.657, 'HS': np.float64(3.408), 'MMD': np.float64(29.868)}, '3-163_213_224_4_4_0': {'VS': 0.327, 'HS': np.float64(4.395), 'MMD': np.float64(33.015)}, '4-163_213_224_999_4_4_0_0_0_0': {'VS': 0.302, 'HS': np.float64(3.895), 'MMD': np.float64(35.15)}}",373,0.255,42.98,0.268,0,0,0,0,0,0,0,0,0,0,0,0,0,0,0,0,0,0,0,0,0
4-163_213_172_999_4_4_0_0_0_0,4,354,2.932,35.045,"{'1-163_': {'VS': 0.603, 'HS': np.float64(1.78), 'MMD': np.float64(27.372)}, '2-163_213_4': {'VS': 0.413, 'HS': np.float64(6.285), 'MMD': np.float64(38.069)}, '3-163_213_172_4_4_0': {'VS': 0.225, 'HS': np.float64(6.104), 'MMD': np.float64(44.582)}, '4-163_213_172_999_4_4_0_0_0_0': {'VS': 0.0, 'HS': 0.0, 'MMD': 0.0}}","{'1-163_': {'VS': 0.908, 'HS': np.float64(1.322), 'MMD': np.float64(24.588)}, '2-163_213_4': {'VS': 0.657, 'HS': np.float64(3.408), 'MMD': np.float64(29.868)}, '3-163_213_172_4_4_0': {'VS': 0.308, 'HS': np.float64(3.245), 'MMD': np.float64(32.792)}, '4-163_213_172_999_4_4_0_0_0_0': {'VS': 0.287, 'HS': np.float64(2.932), 'MMD': np.float64(35.045)}}",354,0.083,71.337,0.211,0,0,0,0,0,0,0,0,0,0,0,0,0,0,0,0,0,0,0,0,0
4-163_213_221_999_4_4_0_0_0_0,4,252,3.353,35.155,"{'1-163_': {'VS': 0.603, 'HS': np.float64(1.78), 'MMD': np.float64(27.372)}, '2-163_213_4': {'VS': 0.413, 'HS': np.float64(6.285), 'MMD': np.float64(38.069)}, '3-163_213_221_4_4_0': {'VS': 0.174, 'HS': np.float64(9.358), 'MMD': np.float64(43.14)}, '4-163_213_221_999_4_4_0_0_0_0': {'VS': 0.0, 'HS': 0.0, 'MMD': 0.0}}","{'1-163_': {'VS': 0.908, 'HS': np.float64(1.322), 'MMD': np.float64(24.588)}, '2-163_213_4': {'VS': 0.657, 'HS': np.float64(3.408), 'MMD': np.float64(29.868)}, '3-163_213_221_4_4_0': {'VS': 0.221, 'HS': np.float64(3.846), 'MMD': np.float64(32.897)}, '4-163_213_221_999_4_4_0_0_0_0': {'VS': 0.204, 'HS': np.float64(3.353), 'MMD': np.float64(35.155)}}",252,0.047,59.975,0.199,0,0,0,0,0,0,0,0,0,0,0,0,0,0,0,0,0,0,0,0,0
4-163_213_169_999_4_4_0_0_0_0,4,269,2.777,34.658,"{'1-163_': {'VS': 0.603, 'HS': np.float64(1.78), 'MMD': np.float64(27.372)}, '2-163_213_4': {'VS': 0.413, 'HS': np.float64(6.285), 'MMD': np.float64(38.069)}, '3-163_213_169_4_4_0': {'VS': 0.158, 'HS': np.float64(5.783), 'MMD': np.float64(43.707)}, '4-163_213_169_999_4_4_0_0_0_0': {'VS': 0.0, 'HS': 0.0, 'MMD': 0.0}}","{'1-163_': {'VS': 0.908, 'HS': np.float64(1.322), 'MMD': np.float64(24.588)}, '2-163_213_4': {'VS': 0.657, 'HS': np.float64(3.408), 'MMD': np.float64(29.868)}, '3-163_213_169_4_4_0': {'VS': 0.231, 'HS': np.float64(3.081), 'MMD': np.float64(32.642)}, '4-163_213_169_999_4_4_0_0_0_0': {'VS': 0.218, 'HS': np.float64(2.777), 'MMD': np.float64(34.658)}}",269,0.073,65.814,0.207,0,0,0,0,0,0,0,0,0,0,0,0,0,0,0,0,0,0,0,0,0
3-163_213_999_4_0_0,3,797,3.163,32.953,"{'1-163_': {'VS': 0.603, 'HS': np.float64(1.78), 'MMD': np.float64(27.372)}, '2-163_213_4': {'VS': 0.413, 'HS': np.float64(6.285), 'MMD': np.float64(38.069)}, '3-163_213_999_4_0_0': {'VS': 0.0, 'HS': 0.0, 'MMD': 0.0}}","{'1-163_': {'VS': 0.908, 'HS': np.float64(1.322), 'MMD': np.float64(24.588)}, '2-163_213_4': {'VS': 0.657, 'HS': np.float64(3.408), 'MMD': np.float64(29.868)}, '3-163_213_999_4_0_0': {'VS': 0.646, 'HS': np.float64(3.163), 'MMD': np.float64(32.953)}}",797,0.244,37.504,0.275,0,0,0,0,1,0,0,0,0,0,0,0,0,0,0,0,0,0,0,0,1
4-163_213_157_999_4_4_0_0_0_0,4,251,2.912,34.892,"{'1-163_': {'VS': 0.603, 'HS': np.float64(1.78), 'MMD': np.float64(27.372)}, '2-163_213_4': {'VS': 0.413, 'HS': np.float64(6.285), 'MMD': np.float64(38.069)}, '3-163_213_157_4_4_0': {'VS': 0.161, 'HS': np.float64(6.449), 'MMD': np.float64(45.044)}, '4-163_213_157_999_4_4_0_0_0_0': {'VS': 0.0, 'HS': 0.0, 'MMD': 0.0}}","{'1-163_': {'VS': 0.908, 'HS': np.float64(1.322), 'MMD': np.float64(24.588)}, '2-163_213_4': {'VS': 0.657, 'HS': np.float64(3.408), 'MMD': np.float64(29.868)}, '3-163_213_157_4_4_0': {'VS': 0.218, 'HS': np.float64(3.223), 'MMD': np.float64(32.881)}, '4-163_213_157_999_4_4_0_0_0_0': {'VS': 0.203, 'HS': np.float64(2.912), 'MMD': np.float64(34.892)}}",251,0.057,74.315,0.202,0,0,0,0,0,0,0,0,0,0,0,0,0,0,0,0,0,0,0,0,0
4-163_172_212_999_4_4_0_0_0_0,4,307,2.756,35.472,"{'1-163_': {'VS': 0.603, 'HS': np.float64(1.78), 'MMD': np.float64(27.372)}, '2-163_172_4': {'VS': 0.307, 'HS': np.float64(2.372), 'MMD': np.float64(40.119)}, '3-163_172_212_4_4_0': {'VS': 0.252, 'HS': np.float64(6.531), 'MMD': np.float64(43.459)}, '4-163_172_212_999_4_4_0_0_0_0': {'VS': 0.0, 'HS': 0.0, 'MMD': 0.0}}","{'1-163_': {'VS': 0.908, 'HS': np.float64(1.322), 'MMD': np.float64(24.588)}, '2-163_172_4': {'VS': 0.468, 'HS': np.float64(1.583), 'MMD': np.float64(31.073)}, '3-163_172_212_4_4_0': {'VS': 0.278, 'HS': np.float64(3.052), 'MMD': np.float64(33.184)}, '4-163_172_212_999_4_4_0_0_0_0': {'VS': 0.249, 'HS': np.float64(2.756), 'MMD': np.float64(35.472)}}",307,0.026,65.052,0.164,0,0,0,0,0,0,0,0,0,0,0,0,0,0,0,0,0,0,0,0,0
4-163_172_213_999_4_4_0_0_0_0,4,299,2.615,35.298,"{'1-163_': {'VS': 0.603, 'HS': np.float64(1.78), 'MMD': np.float64(27.372)}, '2-163_172_4': {'VS': 0.307, 'HS': np.float64(2.372), 'MMD': np.float64(40.119)}, '3-163_172_213_4_4_0': {'VS': 0.233, 'HS': np.float64(5.993), 'MMD': np.float64(44.273)}, '4-163_172_213_999_4_4_0_0_0_0': {'VS': 0.0, 'HS': 0.0, 'MMD': 0.0}}","{'1-163_': {'VS': 0.908, 'HS': np.float64(1.322), 'MMD': np.float64(24.588)}, '2-163_172_4': {'VS': 0.468, 'HS': np.float64(1.583), 'MMD': np.float64(31.073)}, '3-163_172_213_4_4_0': {'VS': 0.271, 'HS': np.float64(2.922), 'MMD': np.float64(33.036)}, '4-163_172_213_999_4_4_0_0_0_0': {'VS': 0.242, 'HS': np.float64(2.615), 'MMD': np.float64(35.298)}}",299,0.038,71.95,0.168,0,0,0,0,0,0,0,0,0,0,0,0,0,0,0,0,0,0,0,0,0
3-163_172_999_4_0_0,3,553,1.505,33.601,"{'1-163_': {'VS': 0.603, 'HS': np.float64(1.78), 'MMD': np.float64(27.372)}, '2-163_172_4': {'VS': 0.307, 'HS': np.float64(2.372), 'MMD': np.float64(40.119)}, '3-163_172_999_4_0_0': {'VS': 0.0, 'HS': 0.0, 'MMD': 0.0}}","{'1-163_': {'VS': 0.908, 'HS': np.float64(1.322), 'MMD': np.float64(24.588)}, '2-163_172_4': {'VS': 0.468, 'HS': np.float64(1.583), 'MMD': np.float64(31.073)}, '3-163_172_999_4_0_0': {'VS': 0.448, 'HS': np.float64(1.505), 'MMD': np.float64(33.601)}}",553,0.161,44.79,0.233,0,0,0,0,0,0,0,0,0,0,0,0,0,0,0,0,0,0,0,0,0
3-163_199_999_3_0_0,3,248,1.008,33.522,"{'1-163_': {'VS': 0.603, 'HS': np.float64(1.78), 'MMD': np.float64(27.372)}, '2-163_199_3': {'VS': 0.107, 'HS': np.float64(1.032), 'MMD': np.float64(38.841)}, '3-163_199_999_3_0_0': {'VS': 0.0, 'HS': 0.0, 'MMD': 0.0}}","{'1-163_': {'VS': 0.908, 'HS': np.float64(1.322), 'MMD': np.float64(24.588)}, '2-163_199_3': {'VS': 0.203, 'HS': np.float64(1.012), 'MMD': np.float64(30.648)}, '3-163_199_999_3_0_0': {'VS': 0.201, 'HS': np.float64(1.008), 'MMD': np.float64(33.522)}}",248,0.096,37.438,0.201,0,0,0,0,0,0,0,0,0,0,0,0,0,0,0,0,0,0,0,0,0
4-163_199_212_999_4_4_0_0_0_0,4,288,2.753,35.944,"{'1-163_': {'VS': 0.603, 'HS': np.float64(1.78), 'MMD': np.float64(27.372)}, '2-163_199_4': {'VS': 0.262, 'HS': np.float64(2.924), 'MMD': np.float64(40.802)}, '3-163_199_212_4_4_0': {'VS': 0.205, 'HS': np.float64(8.014), 'MMD': np.float64(44.45)}, '4-163_199_212_999_4_4_0_0_0_0': {'VS': 0.0, 'HS': 0.0, 'MMD': 0.0}}","{'1-163_': {'VS': 0.908, 'HS': np.float64(1.322), 'MMD': np.float64(24.588)}, '2-163_199_4': {'VS': 0.374, 'HS': np.float64(1.81), 'MMD': np.float64(31.845)}, '3-163_199_212_4_4_0': {'VS': 0.252, 'HS': np.float64(3.183), 'MMD': np.float64(33.588)}, '4-163_199_212_999_4_4_0_0_0_0': {'VS': 0.233, 'HS': np.float64(2.753), 'MMD': np.float64(35.944)}}",288,0.047,68.654,0.155,0,0,0,0,0,0,0,0,0,0,0,0,0,0,0,0,0,0,0,0,0
4-163_199_213_999_4_4_0_0_0_0,4,272,2.695,36.169,"{'1-163_': {'VS': 0.603, 'HS': np.float64(1.78), 'MMD': np.float64(27.372)}, '2-163_199_4': {'VS': 0.262, 'HS': np.float64(2.924), 'MMD': np.float64(40.802)}, '3-163_199_213_4_4_0': {'VS': 0.195, 'HS': np.float64(7.435), 'MMD': np.float64(44.456)}, '4-163_199_213_999_4_4_0_0_0_0': {'VS': 0.0, 'HS': 0.0, 'MMD': 0.0}}","{'1-163_': {'VS': 0.908, 'HS': np.float64(1.322), 'MMD': np.float64(24.588)}, '2-163_199_4': {'VS': 0.374, 'HS': np.float64(1.81), 'MMD': np.float64(31.845)}, '3-163_199_213_4_4_0': {'VS': 0.239, 'HS': np.float64(3.098), 'MMD': np.float64(33.675)}, '4-163_199_213_999_4_4_0_0_0_0': {'VS': 0.22, 'HS': np.float64(2.695), 'MMD': np.float64(36.169)}}",272,0.044,68.069,0.154,0,0,0,0,0,0,0,0,0,0,0,0,0,0,0,0,0,0,0,0,0
3-163_199_999_4_0_0,3,445,1.708,34.544,"{'1-163_': {'VS': 0.603, 'HS': np.float64(1.78), 'MMD': np.float64(27.372)}, '2-163_199_4': {'VS': 0.262, 'HS': np.float64(2.924), 'MMD': np.float64(40.802)}, '3-163_199_999_4_0_0': {'VS': 0.0, 'HS': 0.0, 'MMD': 0.0}}","{'1-163_': {'VS': 0.908, 'HS': np.float64(1.322), 'MMD': np.float64(24.588)}, '2-163_199_4': {'VS': 0.374, 'HS': np.float64(1.81), 'MMD': np.float64(31.845)}, '3-163_199_999_4_0_0': {'VS': 0.361, 'HS': np.float64(1.708), 'MMD': np.float64(34.544)}}",445,0.112,43.989,0.209,0,0,0,0,0,0,0,0,0,0,0,0,0,0,0,0,0,0,0,0,0
3-163_211_999_4_0_0,3,270,1.77,33.484,"{'1-163_': {'VS': 0.603, 'HS': np.float64(1.78), 'MMD': np.float64(27.372)}, '2-163_211_4': {'VS': 0.214, 'HS': np.float64(3.006), 'MMD': np.float64(39.267)}, '3-163_211_999_4_0_0': {'VS': 0.0, 'HS': 0.0, 'MMD': 0.0}}","{'1-163_': {'VS': 0.908, 'HS': np.float64(1.322), 'MMD': np.float64(24.588)}, '2-163_211_4': {'VS': 0.229, 'HS': np.float64(1.845), 'MMD': np.float64(30.528)}, '3-163_211_999_4_0_0': {'VS': 0.219, 'HS': np.float64(1.77), 'MMD': np.float64(33.484)}}",270,0.015,42.06,0.16,0,0,0,0,0,0,0,0,0,0,0,0,0,0,0,0,0,0,0,0,0
4-163_221_212_999_4_4_0_0_0_0,4,264,3.307,35.258,"{'1-163_': {'VS': 0.603, 'HS': np.float64(1.78), 'MMD': np.float64(27.372)}, '2-163_221_4': {'VS': 0.231, 'HS': np.float64(3.383), 'MMD': np.float64(38.674)}, '3-163_221_212_4_4_0': {'VS': 0.186, 'HS': np.float64(9.8), 'MMD': np.float64(42.787)}, '4-163_221_212_999_4_4_0_0_0_0': {'VS': 0.0, 'HS': 0.0, 'MMD': 0.0}}","{'1-163_': {'VS': 0.908, 'HS': np.float64(1.322), 'MMD': np.float64(24.588)}, '2-163_221_4': {'VS': 0.321, 'HS': np.float64(2.111), 'MMD': np.float64(30.689)}, '3-163_221_212_4_4_0': {'VS': 0.228, 'HS': np.float64(3.826), 'MMD': np.float64(33.141)}, '4-163_221_212_999_4_4_0_0_0_0': {'VS': 0.214, 'HS': np.float64(3.307), 'MMD': np.float64(35.258)}}",264,0.042,54.852,0.146,0,0,0,0,0,0,0,0,0,0,0,0,0,0,0,0,0,0,0,0,0
4-163_221_213_999_4_4_0_0_0_0,4,249,3.064,35.378,"{'1-163_': {'VS': 0.603, 'HS': np.float64(1.78), 'MMD': np.float64(27.372)}, '2-163_221_4': {'VS': 0.231, 'HS': np.float64(3.383), 'MMD': np.float64(38.674)}, '3-163_221_213_4_4_0': {'VS': 0.18, 'HS': np.float64(9.049), 'MMD': np.float64(42.858)}, '4-163_221_213_999_4_4_0_0_0_0': {'VS': 0.0, 'HS': 0.0, 'MMD': 0.0}}","{'1-163_': {'VS': 0.908, 'HS': np.float64(1.322), 'MMD': np.float64(24.588)}, '2-163_221_4': {'VS': 0.321, 'HS': np.float64(2.111), 'MMD': np.float64(30.689)}, '3-163_221_213_4_4_0': {'VS': 0.215, 'HS': np.float64(3.581), 'MMD': np.float64(33.117)}, '4-163_221_213_999_4_4_0_0_0_0': {'VS': 0.202, 'HS': np.float64(3.064), 'MMD': np.float64(35.378)}}",249,0.035,55.466,0.143,0,0,0,0,0,0,0,0,0,0,0,0,0,0,0,0,0,0,0,0,0
3-163_221_999_4_0_0,3,383,2.008,33.468,"{'1-163_': {'VS': 0.603, 'HS': np.float64(1.78), 'MMD': np.float64(27.372)}, '2-163_221_4': {'VS': 0.231, 'HS': np.float64(3.383), 'MMD': np.float64(38.674)}, '3-163_221_999_4_0_0': {'VS': 0.0, 'HS': 0.0, 'MMD': 0.0}}","{'1-163_': {'VS': 0.908, 'HS': np.float64(1.322), 'MMD': np.float64(24.588)}, '2-163_221_4': {'VS': 0.321, 'HS': np.float64(2.111), 'MMD': np.float64(30.689)}, '3-163_221_999_4_0_0': {'VS': 0.31, 'HS': np.float64(2.008), 'MMD': np.float64(33.468)}}",383,0.09,35.755,0.198,0,0,0,0,0,0,0,0,0,0,0,0,0,0,0,0,0,0,0,0,0
3-163_169_999_4_0_0,3,408,1.439,32.858,"{'1-163_': {'VS': 0.603, 'HS': np.float64(1.78), 'MMD': np.float64(27.372)}, '2-163_169_4': {'VS': 0.215, 'HS': np.float64(2.228), 'MMD': np.float64(40.362)}, '3-163_169_999_4_0_0': {'VS': 0.0, 'HS': 0.0, 'MMD': 0.0}}","{'1-163_': {'VS': 0.908, 'HS': np.float64(1.322), 'MMD': np.float64(24.588)}, '2-163_169_4': {'VS': 0.338, 'HS': np.float64(1.508), 'MMD': np.float64(30.338)}, '3-163_169_999_4_0_0': {'VS': 0.331, 'HS': np.float64(1.439), 'MMD': np.float64(32.858)}}",408,0.123,54.116,0.214,0,0,0,0,0,0,0,0,0,0,0,0,0,0,0,0,0,0,0,0,0
2-163_999_0,2,1116,1.271,29.014,"{'1-163_': {'VS': 0.603, 'HS': np.float64(1.78), 'MMD': np.float64(27.372)}, '2-163_999_0': {'VS': 0.0, 'HS': 0.0, 'MMD': 0.0}}","{'1-163_': {'VS': 0.908, 'HS': np.float64(1.322), 'MMD': np.float64(24.588)}, '2-163_999_0': {'VS': 0.904, 'HS': np.float64(1.271), 'MMD': np.float64(29.014)}}",1116,0.305,7.751,0.305,0,0,0,0,1,1,1,0,0,0,0,0,0,0,0,0,0,0,0,0,1
3-163_229_999_4_0_0,3,257,1.202,33.317,"{'1-163_': {'VS': 0.603, 'HS': np.float64(1.78), 'MMD': np.float64(27.372)}, '2-163_229_4': {'VS': 0.083, 'HS': np.float64(1.264), 'MMD': np.float64(41.803)}, '3-163_229_999_4_0_0': {'VS': 0.0, 'HS': 0.0, 'MMD': 0.0}}","{'1-163_': {'VS': 0.908, 'HS': np.float64(1.322), 'MMD': np.float64(24.588)}, '2-163_229_4': {'VS': 0.215, 'HS': np.float64(1.211), 'MMD': np.float64(30.53)}, '3-163_229_999_4_0_0': {'VS': 0.208, 'HS': np.float64(1.202), 'MMD': np.float64(33.317)}}",257,0.132,67.416,0.219,0,0,0,0,0,0,0,0,0,0,0,0,0,0,0,0,0,0,0,0,0
3-163_157_999_4_0_0,3,403,1.531,33.458,"{'1-163_': {'VS': 0.603, 'HS': np.float64(1.78), 'MMD': np.float64(27.372)}, '2-163_157_4': {'VS': 0.221, 'HS': np.float64(2.444), 'MMD': np.float64(40.193)}, '3-163_157_999_4_0_0': {'VS': 0.0, 'HS': 0.0, 'MMD': 0.0}}","{'1-163_': {'VS': 0.908, 'HS': np.float64(1.322), 'MMD': np.float64(24.588)}, '2-163_157_4': {'VS': 0.341, 'HS': np.float64(1.622), 'MMD': np.float64(30.766)}, '3-163_157_999_4_0_0': {'VS': 0.327, 'HS': np.float64(1.531), 'MMD': np.float64(33.458)}}",403,0.12,48.309,0.213,0,0,0,0,0,0,0,0,0,0,0,0,0,0,0,0,0,0,0,0,0
3-163_178_999_4_0_0,3,324,1.216,33.131,"{'1-163_': {'VS': 0.603, 'HS': np.float64(1.78), 'MMD': np.float64(27.372)}, '2-163_178_4': {'VS': 0.145, 'HS': np.float64(1.493), 'MMD': np.float64(39.501)}, '3-163_178_999_4_0_0': {'VS': 0.0, 'HS': 0.0, 'MMD': 0.0}}","{'1-163_': {'VS': 0.908, 'HS': np.float64(1.322), 'MMD': np.float64(24.588)}, '2-163_178_4': {'VS': 0.271, 'HS': np.float64(1.239), 'MMD': np.float64(30.658)}, '3-163_178_999_4_0_0': {'VS': 0.263, 'HS': np.float64(1.216), 'MMD': np.float64(33.131)}}",324,0.126,42.975,0.216,0,0,0,0,0,0,0,0,0,0,0,0,0,0,0,0,0,0,0,0,0
3-163_215_999_4_0_0,3,332,2.645,33.471,"{'1-163_': {'VS': 0.603, 'HS': np.float64(1.78), 'MMD': np.float64(27.372)}, '2-163_215_4': {'VS': 0.192, 'HS': np.float64(4.824), 'MMD': np.float64(38.587)}, '3-163_215_999_4_0_0': {'VS': 0.0, 'HS': 0.0, 'MMD': 0.0}}","{'1-163_': {'VS': 0.908, 'HS': np.float64(1.322), 'MMD': np.float64(24.588)}, '2-163_215_4': {'VS': 0.277, 'HS': np.float64(2.86), 'MMD': np.float64(30.886)}, '3-163_215_999_4_0_0': {'VS': 0.269, 'HS': np.float64(2.645), 'MMD': np.float64(33.471)}}",332,0.085,33.528,0.195,0,0,0,0,0,0,0,0,0,0,0,0,0,0,0,0,0,0,0,0,0
3-163_136_999_4_0_0,3,308,1.341,33.388,"{'1-163_': {'VS': 0.603, 'HS': np.float64(1.78), 'MMD': np.float64(27.372)}, '2-163_136_4': {'VS': 0.048, 'HS': np.float64(1.903), 'MMD': np.float64(32.358)}, '3-163_136_999_4_0_0': {'VS': 0.0, 'HS': 0.0, 'MMD': 0.0}}","{'1-163_': {'VS': 0.908, 'HS': np.float64(1.322), 'MMD': np.float64(24.588)}, '2-163_136_4': {'VS': 0.27, 'HS': np.float64(1.348), 'MMD': np.float64(30.452)}, '3-163_136_999_4_0_0': {'VS': 0.25, 'HS': np.float64(1.341), 'MMD': np.float64(33.388)}}",308,0.222,5.692,0.264,0,0,0,0,0,0,0,0,0,0,0,0,0,0,0,0,0,0,0,0,0
2-187_999_0,2,273,1.374,22.039,"{'1-187_': {'VS': 0.184, 'HS': np.float64(1.885), 'MMD': np.float64(14.214)}, '2-187_999_0': {'VS': 0.0, 'HS': 0.0, 'MMD': 0.0}}","{'1-187_': {'VS': 0.228, 'HS': np.float64(1.431), 'MMD': np.float64(14.991)}, '2-187_999_0': {'VS': 0.221, 'HS': np.float64(1.374), 'MMD': np.float64(22.039)}}",273,0.044,0.604,0.044,0,0,0,0,0,0,0,0,0,0,0,0,0,0,0,0,0,0,0,0,0
2-229_999_0,2,409,1.218,9.337,"{'1-229_': {'VS': 0.173, 'HS': np.float64(1.244), 'MMD': np.float64(1.164)}, '2-229_999_0': {'VS': 0.0, 'HS': 0.0, 'MMD': 0.0}}","{'1-229_': {'VS': 0.339, 'HS': np.float64(1.23), 'MMD': np.float64(1.298)}, '2-229_999_0': {'VS': 0.331, 'HS': np.float64(1.218), 'MMD': np.float64(9.337)}}",409,0.166,0.018,0.166,0,0,0,0,0,0,0,0,0,0,0,0,0,0,0,0,0,0,0,0,0
3-157_202_999_0_0_0,3,265,1.634,18.346,"{'1-157_': {'VS': 0.552, 'HS': np.float64(2.155), 'MMD': np.float64(10.699)}, '2-157_202_0': {'VS': 0.278, 'HS': np.float64(3.245), 'MMD': np.float64(17.148)}, '3-157_202_999_0_0_0': {'VS': 0.0, 'HS': 0.0, 'MMD': 0.0}}","{'1-157_': {'VS': 0.673, 'HS': np.float64(1.572), 'MMD': np.float64(10.605)}, '2-157_202_0': {'VS': 0.238, 'HS': np.float64(1.837), 'MMD': np.float64(13.771)}, '3-157_202_999_0_0_0': {'VS': 0.215, 'HS': np.float64(1.634), 'MMD': np.float64(18.346)}}",265,-0.04,5.706,0.04,0,0,0,0,0,0,0,0,0,0,0,0,0,0,0,0,0,0,0,0,0
3-157_225_999_0_0_0,3,261,2.326,17.78,"{'1-157_': {'VS': 0.552, 'HS': np.float64(2.155), 'MMD': np.float64(10.699)}, '2-157_225_0': {'VS': 0.115, 'HS': np.float64(2.535), 'MMD': np.float64(10.753)}, '3-157_225_999_0_0_0': {'VS': 0.0, 'HS': 0.0, 'MMD': 0.0}}","{'1-157_': {'VS': 0.673, 'HS': np.float64(1.572), 'MMD': np.float64(10.605)}, '2-157_225_0': {'VS': 0.235, 'HS': np.float64(2.621), 'MMD': np.float64(11.617)}, '3-157_225_999_0_0_0': {'VS': 0.212, 'HS': np.float64(2.326), 'MMD': np.float64(17.78)}}",261,0.12,0.378,0.12,0,0,0,0,0,0,0,0,0,0,0,0,0,0,0,0,0,0,0,0,0
3-157_212_999_0_0_0,3,389,2.987,17.436,"{'1-157_': {'VS': 0.552, 'HS': np.float64(2.155), 'MMD': np.float64(10.699)}, '2-157_212_0': {'VS': 0.364, 'HS': np.float64(6.289), 'MMD': np.float64(13.615)}, '3-157_212_999_0_0_0': {'VS': 0.0, 'HS': 0.0, 'MMD': 0.0}}","{'1-157_': {'VS': 0.673, 'HS': np.float64(1.572), 'MMD': np.float64(10.605)}, '2-157_212_0': {'VS': 0.341, 'HS': np.float64(3.387), 'MMD': np.float64(12.163)}, '3-157_212_999_0_0_0': {'VS': 0.315, 'HS': np.float64(2.987), 'MMD': np.float64(17.436)}}",389,-0.023,1.059,0.049,0,0,0,0,0,0,0,0,0,0,0,0,0,0,0,0,0,0,0,0,0
3-157_212_999_4_0_0,3,295,3.037,30.381,"{'1-157_': {'VS': 0.552, 'HS': np.float64(2.155), 'MMD': np.float64(10.699)}, '2-157_212_4': {'VS': 0.202, 'HS': np.float64(5.335), 'MMD': np.float64(28.15)}, '3-157_212_999_4_0_0': {'VS': 0.0, 'HS': 0.0, 'MMD': 0.0}}","{'1-157_': {'VS': 0.673, 'HS': np.float64(1.572), 'MMD': np.float64(10.605)}, '2-157_212_4': {'VS': 0.243, 'HS': np.float64(3.273), 'MMD': np.float64(26.392)}, '3-157_212_999_4_0_0': {'VS': 0.239, 'HS': np.float64(3.037), 'MMD': np.float64(30.381)}}",295,0.041,1.55,0.081,0,0,0,0,0,0,0,0,0,0,0,0,0,0,0,0,0,0,0,0,0
3-157_224_999_0_0_0,3,287,2.314,17.702,"{'1-157_': {'VS': 0.552, 'HS': np.float64(2.155), 'MMD': np.float64(10.699)}, '2-157_224_0': {'VS': 0.112, 'HS': np.float64(2.853), 'MMD': np.float64(13.991)}, '3-157_224_999_0_0_0': {'VS': 0.0, 'HS': 0.0, 'MMD': 0.0}}","{'1-157_': {'VS': 0.673, 'HS': np.float64(1.572), 'MMD': np.float64(10.605)}, '2-157_224_0': {'VS': 0.259, 'HS': np.float64(2.616), 'MMD': np.float64(13.363)}, '3-157_224_999_0_0_0': {'VS': 0.233, 'HS': np.float64(2.314), 'MMD': np.float64(17.702)}}",287,0.147,0.202,0.134,0,0,0,0,0,0,0,0,0,0,0,0,0,0,0,0,0,0,0,0,0
3-157_213_999_0_0_0,3,360,2.981,17.653,"{'1-157_': {'VS': 0.552, 'HS': np.float64(2.155), 'MMD': np.float64(10.699)}, '2-157_213_0': {'VS': 0.341, 'HS': np.float64(5.949), 'MMD': np.float64(13.907)}, '3-157_213_999_0_0_0': {'VS': 0.0, 'HS': 0.0, 'MMD': 0.0}}","{'1-157_': {'VS': 0.673, 'HS': np.float64(1.572), 'MMD': np.float64(10.605)}, '2-157_213_0': {'VS': 0.318, 'HS': np.float64(3.337), 'MMD': np.float64(11.969)}, '3-157_213_999_0_0_0': {'VS': 0.292, 'HS': np.float64(2.981), 'MMD': np.float64(17.653)}}",360,-0.023,1.882,0.049,0,0,0,0,0,0,0,0,0,0,0,0,0,0,0,0,0,0,0,0,0
3-157_213_999_4_0_0,3,278,2.924,29.777,"{'1-157_': {'VS': 0.552, 'HS': np.float64(2.155), 'MMD': np.float64(10.699)}, '2-157_213_4': {'VS': 0.192, 'HS': np.float64(4.894), 'MMD': np.float64(28.693)}, '3-157_213_999_4_0_0': {'VS': 0.0, 'HS': 0.0, 'MMD': 0.0}}","{'1-157_': {'VS': 0.673, 'HS': np.float64(1.572), 'MMD': np.float64(10.605)}, '2-157_213_4': {'VS': 0.237, 'HS': np.float64(3.048), 'MMD': np.float64(25.431)}, '3-157_213_999_4_0_0': {'VS': 0.225, 'HS': np.float64(2.924), 'MMD': np.float64(29.777)}}",278,0.045,5.325,0.083,0,0,0,0,0,0,0,0,0,0,0,0,0,0,0,0,0,0,0,0,0
3-157_172_999_0_0_0,3,296,1.78,17.434,"{'1-157_': {'VS': 0.552, 'HS': np.float64(2.155), 'MMD': np.float64(10.699)}, '2-157_172_0': {'VS': 0.248, 'HS': np.float64(2.679), 'MMD': np.float64(14.464)}, '3-157_172_999_0_0_0': {'VS': 0.0, 'HS': 0.0, 'MMD': 0.0}}","{'1-157_': {'VS': 0.673, 'HS': np.float64(1.572), 'MMD': np.float64(10.605)}, '2-157_172_0': {'VS': 0.262, 'HS': np.float64(1.944), 'MMD': np.float64(13.498)}, '3-157_172_999_0_0_0': {'VS': 0.24, 'HS': np.float64(1.78), 'MMD': np.float64(17.434)}}",296,0.014,0.471,0.068,0,0,0,0,0,0,0,0,0,0,0,0,0,0,0,0,0,0,0,0,0
2-157_999_0,2,813,1.504,17.804,"{'1-157_': {'VS': 0.552, 'HS': np.float64(2.155), 'MMD': np.float64(10.699)}, '2-157_999_0': {'VS': 0.0, 'HS': 0.0, 'MMD': 0.0}}","{'1-157_': {'VS': 0.673, 'HS': np.float64(1.572), 'MMD': np.float64(10.605)}, '2-157_999_0': {'VS': 0.659, 'HS': np.float64(1.504), 'MMD': np.float64(17.804)}}",813,0.121,0.009,0.121,0,0,0,0,1,0,0,0,0,0,0,0,0,0,0,0,0,0,0,0,1
2-178_999_0,2,649,1.239,7.373,"{'1-178_': {'VS': 0.311, 'HS': np.float64(1.576), 'MMD': np.float64(1.531)}, '2-178_999_0': {'VS': 0.0, 'HS': 0.0, 'MMD': 0.0}}","{'1-178_': {'VS': 0.536, 'HS': np.float64(1.266), 'MMD': np.float64(1.439)}, '2-178_999_0': {'VS': 0.526, 'HS': np.float64(1.239), 'MMD': np.float64(7.373)}}",649,0.225,0.008,0.225,0,0,0,0,0,0,0,0,0,0,0,0,0,0,0,0,0,0,0,0,0
3-215_214_999_0_0_0,3,294,5.252,17.048,"{'1-215_': {'VS': 0.388, 'HS': np.float64(4.292), 'MMD': np.float64(1.43)}, '2-215_214_0': {'VS': 0.247, 'HS': np.float64(13.369), 'MMD': np.float64(16.279)}, '3-215_214_999_0_0_0': {'VS': 0.0, 'HS': 0.0, 'MMD': 0.0}}","{'1-215_': {'VS': 0.376, 'HS': np.float64(3.019), 'MMD': np.float64(1.5)}, '2-215_214_0': {'VS': 0.254, 'HS': np.float64(6.054), 'MMD': np.float64(13.61)}, '3-215_214_999_0_0_0': {'VS': 0.238, 'HS': np.float64(5.252), 'MMD': np.float64(17.048)}}",294,0.007,3.564,-0.003,0,0,0,0,0,0,0,0,0,0,0,0,0,0,0,0,0,0,0,0,0
4-215_214_212_999_1_0_0_0_0_0,4,248,4.597,17.685,"{'1-215_': {'VS': 0.388, 'HS': np.float64(4.292), 'MMD': np.float64(1.43)}, '2-215_214_1': {'VS': 0.339, 'HS': np.float64(4.417), 'MMD': np.float64(9.617)}, '3-215_214_212_1_0_0': {'VS': 0.233, 'HS': np.float64(11.608), 'MMD': np.float64(13.953)}, '4-215_214_212_999_1_0_0_0_0_0': {'VS': 0.0, 'HS': 0.0, 'MMD': 0.0}}","{'1-215_': {'VS': 0.376, 'HS': np.float64(3.019), 'MMD': np.float64(1.5)}, '2-215_214_1': {'VS': 0.365, 'HS': np.float64(2.851), 'MMD': np.float64(6.983)}, '3-215_214_212_1_0_0': {'VS': 0.22, 'HS': np.float64(5.397), 'MMD': np.float64(13.037)}, '4-215_214_212_999_1_0_0_0_0_0': {'VS': 0.201, 'HS': np.float64(4.597), 'MMD': np.float64(17.685)}}",248,-0.013,2.594,0.0,0,0,0,0,0,0,0,0,0,0,0,0,0,0,0,0,0,0,0,0,0
3-215_214_999_1_0_0,3,439,2.649,12.885,"{'1-215_': {'VS': 0.388, 'HS': np.float64(4.292), 'MMD': np.float64(1.43)}, '2-215_214_1': {'VS': 0.339, 'HS': np.float64(4.417), 'MMD': np.float64(9.617)}, '3-215_214_999_1_0_0': {'VS': 0.0, 'HS': 0.0, 'MMD': 0.0}}","{'1-215_': {'VS': 0.376, 'HS': np.float64(3.019), 'MMD': np.float64(1.5)}, '2-215_214_1': {'VS': 0.365, 'HS': np.float64(2.851), 'MMD': np.float64(6.983)}, '3-215_214_999_1_0_0': {'VS': 0.356, 'HS': np.float64(2.649), 'MMD': np.float64(12.885)}}",439,0.026,3.471,0.007,0,0,0,0,0,0,0,0,0,0,0,0,0,0,0,0,0,0,0,0,0
3-215_225_999_0_0_0,3,247,3.931,16.352,"{'1-215_': {'VS': 0.388, 'HS': np.float64(4.292), 'MMD': np.float64(1.43)}, '2-215_225_0': {'VS': 0.111, 'HS': np.float64(3.721), 'MMD': np.float64(8.627)}, '3-215_225_999_0_0_0': {'VS': 0.0, 'HS': 0.0, 'MMD': 0.0}}","{'1-215_': {'VS': 0.376, 'HS': np.float64(3.019), 'MMD': np.float64(1.5)}, '2-215_225_0': {'VS': 0.213, 'HS': np.float64(4.574), 'MMD': np.float64(9.59)}, '3-215_225_999_0_0_0': {'VS': 0.2, 'HS': np.float64(3.931), 'MMD': np.float64(16.352)}}",247,0.102,0.466,0.045,0,0,0,0,0,0,0,0,0,0,0,0,0,0,0,0,0,0,0,0,0
3-215_212_999_0_0_0,3,369,5.133,15.891,"{'1-215_': {'VS': 0.388, 'HS': np.float64(4.292), 'MMD': np.float64(1.43)}, '2-215_212_0': {'VS': 0.329, 'HS': np.float64(12.239), 'MMD': np.float64(11.327)}, '3-215_212_999_0_0_0': {'VS': 0.0, 'HS': 0.0, 'MMD': 0.0}}","{'1-215_': {'VS': 0.376, 'HS': np.float64(3.019), 'MMD': np.float64(1.5)}, '2-215_212_0': {'VS': 0.314, 'HS': np.float64(6.098), 'MMD': np.float64(10.371)}, '3-215_212_999_0_0_0': {'VS': 0.299, 'HS': np.float64(5.133), 'MMD': np.float64(15.891)}}",369,-0.015,0.459,-0.014,0,0,0,0,0,0,0,0,0,0,0,0,0,0,0,0,0,0,0,0,0
3-215_224_999_0_0_0,3,270,3.867,16.65,"{'1-215_': {'VS': 0.388, 'HS': np.float64(4.292), 'MMD': np.float64(1.43)}, '2-215_224_0': {'VS': 0.109, 'HS': np.float64(4.078), 'MMD': np.float64(11.573)}, '3-215_224_999_0_0_0': {'VS': 0.0, 'HS': 0.0, 'MMD': 0.0}}","{'1-215_': {'VS': 0.376, 'HS': np.float64(3.019), 'MMD': np.float64(1.5)}, '2-215_224_0': {'VS': 0.232, 'HS': np.float64(4.507), 'MMD': np.float64(12.22)}, '3-215_224_999_0_0_0': {'VS': 0.219, 'HS': np.float64(3.867), 'MMD': np.float64(16.65)}}",270,0.123,0.212,0.056,0,0,0,0,0,0,0,0,0,0,0,0,0,0,0,0,0,0,0,0,0
3-215_213_999_0_0_0,3,358,5.165,15.984,"{'1-215_': {'VS': 0.388, 'HS': np.float64(4.292), 'MMD': np.float64(1.43)}, '2-215_213_0': {'VS': 0.321, 'HS': np.float64(11.625), 'MMD': np.float64(11.596)}, '3-215_213_999_0_0_0': {'VS': 0.0, 'HS': 0.0, 'MMD': 0.0}}","{'1-215_': {'VS': 0.376, 'HS': np.float64(3.019), 'MMD': np.float64(1.5)}, '2-215_213_0': {'VS': 0.306, 'HS': np.float64(6.103), 'MMD': np.float64(10.512)}, '3-215_213_999_0_0_0': {'VS': 0.29, 'HS': np.float64(5.165), 'MMD': np.float64(15.984)}}",358,-0.015,0.59,-0.014,0,0,0,0,0,0,0,0,0,0,0,0,0,0,0,0,0,0,0,0,0
3-215_172_999_0_0_0,3,269,2.71,15.507,"{'1-215_': {'VS': 0.388, 'HS': np.float64(4.292), 'MMD': np.float64(1.43)}, '2-215_172_0': {'VS': 0.2, 'HS': np.float64(4.436), 'MMD': np.float64(11.305)}, '3-215_172_999_0_0_0': {'VS': 0.0, 'HS': 0.0, 'MMD': 0.0}}","{'1-215_': {'VS': 0.376, 'HS': np.float64(3.019), 'MMD': np.float64(1.5)}, '2-215_172_0': {'VS': 0.235, 'HS': np.float64(3.007), 'MMD': np.float64(11.187)}, '3-215_172_999_0_0_0': {'VS': 0.218, 'HS': np.float64(2.71), 'MMD': np.float64(15.507)}}",269,0.035,0.009,0.011,1,1,1,1,0,0,0,0,0,0,0,0,0,0,0,0,0,0,0,0,1
2-215_999_0,2,453,2.819,12.054,"{'1-215_': {'VS': 0.388, 'HS': np.float64(4.292), 'MMD': np.float64(1.43)}, '2-215_999_0': {'VS': 0.0, 'HS': 0.0, 'MMD': 0.0}}","{'1-215_': {'VS': 0.376, 'HS': np.float64(3.019), 'MMD': np.float64(1.5)}, '2-215_999_0': {'VS': 0.367, 'HS': np.float64(2.819), 'MMD': np.float64(12.054)}}",453,-0.012,0.005,-0.012,1,1,1,1,0,0,0,0,0,0,0,0,0,0,0,0,0,0,0,0,1
2-16_999_0,2,356,1.149,11.345,"{'1-16_': {'VS': 0.143, 'HS': np.float64(1.201), 'MMD': np.float64(1.067)}, '2-16_999_0': {'VS': 0.0, 'HS': 0.0, 'MMD': 0.0}}","{'1-16_': {'VS': 0.324, 'HS': np.float64(1.15), 'MMD': np.float64(1.113)}, '2-16_999_0': {'VS': 0.288, 'HS': np.float64(1.149), 'MMD': np.float64(11.345)}}",356,0.181,0.002,0.181,0,0,0,0,0,0,0,0,0,0,0,0,0,0,0,0,0,0,0,0,0
3-16_19_999_6_0_0,3,261,1.034,12.366,"{'1-16_': {'VS': 0.143, 'HS': np.float64(1.201), 'MMD': np.float64(1.067)}, '2-16_19_6': {'VS': 0.109, 'HS': np.float64(1.117), 'MMD': np.float64(1.058)}, '3-16_19_999_6_0_0': {'VS': 0.0, 'HS': 0.0, 'MMD': 0.0}}","{'1-16_': {'VS': 0.324, 'HS': np.float64(1.15), 'MMD': np.float64(1.113)}, '2-16_19_6': {'VS': 0.241, 'HS': np.float64(1.047), 'MMD': np.float64(1.042)}, '3-16_19_999_6_0_0': {'VS': 0.212, 'HS': np.float64(1.034), 'MMD': np.float64(12.366)}}",261,0.132,0.001,0.157,0,0,0,0,0,0,0,0,0,0,0,0,0,0,0,0,0,0,0,0,0
2-19_999_0,2,313,1.064,12.455,"{'1-19_': {'VS': 0.128, 'HS': np.float64(1.152), 'MMD': np.float64(1.094)}, '2-19_999_0': {'VS': 0.0, 'HS': 0.0, 'MMD': 0.0}}","{'1-19_': {'VS': 0.284, 'HS': np.float64(1.083), 'MMD': np.float64(1.07)}, '2-19_999_0': {'VS': 0.254, 'HS': np.float64(1.064), 'MMD': np.float64(12.455)}}",313,0.156,0.001,0.156,0,0,0,0,0,0,0,0,0,0,0,0,0,0,0,0,0,0,0,0,0
3-19_95_999_6_0_0,3,259,1.058,12.185,"{'1-19_': {'VS': 0.128, 'HS': np.float64(1.152), 'MMD': np.float64(1.094)}, '2-19_95_6': {'VS': 0.103, 'HS': np.float64(1.123), 'MMD': np.float64(1.053)}, '3-19_95_999_6_0_0': {'VS': 0.0, 'HS': 0.0, 'MMD': 0.0}}","{'1-19_': {'VS': 0.284, 'HS': np.float64(1.083), 'MMD': np.float64(1.07)}, '2-19_95_6': {'VS': 0.236, 'HS': np.float64(1.076), 'MMD': np.float64(1.064)}, '3-19_95_999_6_0_0': {'VS': 0.21, 'HS': np.float64(1.058), 'MMD': np.float64(12.185)}}",259,0.133,0.0,0.144,0,0,0,0,0,0,0,0,0,0,0,0,0,0,0,0,0,0,0,0,0
2-37_999_0,2,278,1.043,12.718,"{'1-37_': {'VS': 0.119, 'HS': np.float64(1.164), 'MMD': np.float64(1.06)}, '2-37_999_0': {'VS': 0.0, 'HS': 0.0, 'MMD': 0.0}}","{'1-37_': {'VS': 0.256, 'HS': np.float64(1.051), 'MMD': np.float64(1.057)}, '2-37_999_0': {'VS': 0.225, 'HS': np.float64(1.043), 'MMD': np.float64(12.718)}}",278,0.137,0.0,0.137,0,0,0,0,0,0,0,0,0,0,0,0,0,0,0,0,0,0,0,0,0
2-22_999_0,2,320,1.084,12.61,"{'1-22_': {'VS': 0.135, 'HS': np.float64(1.188), 'MMD': np.float64(1.092)}, '2-22_999_0': {'VS': 0.0, 'HS': 0.0, 'MMD': 0.0}}","{'1-22_': {'VS': 0.29, 'HS': np.float64(1.095), 'MMD': np.float64(1.137)}, '2-22_999_0': {'VS': 0.259, 'HS': np.float64(1.084), 'MMD': np.float64(12.61)}}",320,0.155,0.002,0.155,0,0,0,0,0,0,0,0,0,0,0,0,0,0,0,0,0,0,0,0,0
3-22_97_999_6_0_0,3,305,1.066,12.63,"{'1-22_': {'VS': 0.135, 'HS': np.float64(1.188), 'MMD': np.float64(1.092)}, '2-22_97_6': {'VS': 0.128, 'HS': np.float64(1.189), 'MMD': np.float64(1.066)}, '3-22_97_999_6_0_0': {'VS': 0.0, 'HS': 0.0, 'MMD': 0.0}}","{'1-22_': {'VS': 0.29, 'HS': np.float64(1.095), 'MMD': np.float64(1.137)}, '2-22_97_6': {'VS': 0.276, 'HS': np.float64(1.079), 'MMD': np.float64(1.129)}, '3-22_97_999_6_0_0': {'VS': 0.247, 'HS': np.float64(1.066), 'MMD': np.float64(12.63)}}",305,0.148,0.003,0.151,0,0,0,0,0,0,0,0,0,0,0,0,0,0,0,0,0,0,0,0,0
2-25_999_0,2,289,1.066,12.972,"{'1-25_': {'VS': 0.112, 'HS': np.float64(1.167), 'MMD': np.float64(1.081)}, '2-25_999_0': {'VS': 0.0, 'HS': 0.0, 'MMD': 0.0}}","{'1-25_': {'VS': 0.265, 'HS': np.float64(1.08), 'MMD': np.float64(1.079)}, '2-25_999_0': {'VS': 0.234, 'HS': np.float64(1.066), 'MMD': np.float64(12.972)}}",289,0.153,0.0,0.153,0,0,0,0,0,0,0,0,0,0,0,0,0,0,0,0,0,0,0,0,0
2-31_999_0,2,299,1.047,12.737,"{'1-31_': {'VS': 0.124, 'HS': np.float64(1.163), 'MMD': np.float64(1.041)}, '2-31_999_0': {'VS': 0.0, 'HS': 0.0, 'MMD': 0.0}}","{'1-31_': {'VS': 0.275, 'HS': np.float64(1.05), 'MMD': np.float64(1.047)}, '2-31_999_0': {'VS': 0.242, 'HS': np.float64(1.047), 'MMD': np.float64(12.737)}}",299,0.151,0.0,0.151,0,0,0,0,0,0,0,0,0,0,0,0,0,0,0,0,0,0,0,0,0
2-97_999_0,2,310,1.071,12.677,"{'1-97_': {'VS': 0.13, 'HS': np.float64(1.188), 'MMD': np.float64(1.065)}, '2-97_999_0': {'VS': 0.0, 'HS': 0.0, 'MMD': 0.0}}","{'1-97_': {'VS': 0.28, 'HS': np.float64(1.084), 'MMD': np.float64(1.129)}, '2-97_999_0': {'VS': 0.251, 'HS': np.float64(1.071), 'MMD': np.float64(12.677)}}",310,0.15,0.004,0.15,0,0,0,0,0,0,0,0,0,0,0,0,0,0,0,0,0,0,0,0,0
3-136_212_999_0_0_0,3,338,2.882,15.307,"{'1-136_': {'VS': 0.2, 'HS': np.float64(1.493), 'MMD': np.float64(1.268)}, '2-136_212_0': {'VS': 0.132, 'HS': np.float64(3.734), 'MMD': np.float64(9.603)}, '3-136_212_999_0_0_0': {'VS': 0.0, 'HS': 0.0, 'MMD': 0.0}}","{'1-136_': {'VS': 0.404, 'HS': np.float64(1.373), 'MMD': np.float64(1.169)}, '2-136_212_0': {'VS': 0.3, 'HS': np.float64(3.054), 'MMD': np.float64(9.925)}, '3-136_212_999_0_0_0': {'VS': 0.274, 'HS': np.float64(2.882), 'MMD': np.float64(15.307)}}",338,0.168,0.057,0.186,0,0,0,0,0,0,0,0,0,0,0,0,0,0,0,0,0,0,0,0,0
3-136_224_999_0_0_0,3,252,2.27,15.907,"{'1-136_': {'VS': 0.2, 'HS': np.float64(1.493), 'MMD': np.float64(1.268)}, '2-136_224_0': {'VS': 0.086, 'HS': np.float64(2.681), 'MMD': np.float64(12.052)}, '3-136_224_999_0_0_0': {'VS': 0.0, 'HS': 0.0, 'MMD': 0.0}}","{'1-136_': {'VS': 0.404, 'HS': np.float64(1.373), 'MMD': np.float64(1.169)}, '2-136_224_0': {'VS': 0.23, 'HS': np.float64(2.38), 'MMD': np.float64(11.514)}, '3-136_224_999_0_0_0': {'VS': 0.204, 'HS': np.float64(2.27), 'MMD': np.float64(15.907)}}",252,0.144,0.15,0.174,0,0,0,0,0,0,0,0,0,0,0,0,0,0,0,0,0,0,0,0,0
3-136_213_999_0_0_0,3,313,2.885,15.456,"{'1-136_': {'VS': 0.2, 'HS': np.float64(1.493), 'MMD': np.float64(1.268)}, '2-136_213_0': {'VS': 0.124, 'HS': np.float64(3.558), 'MMD': np.float64(9.854)}, '3-136_213_999_0_0_0': {'VS': 0.0, 'HS': 0.0, 'MMD': 0.0}}","{'1-136_': {'VS': 0.404, 'HS': np.float64(1.373), 'MMD': np.float64(1.169)}, '2-136_213_0': {'VS': 0.28, 'HS': np.float64(3.003), 'MMD': np.float64(9.964)}, '3-136_213_999_0_0_0': {'VS': 0.254, 'HS': np.float64(2.885), 'MMD': np.float64(15.456)}}",313,0.156,0.011,0.18,0,0,0,0,0,0,0,0,0,0,0,0,0,0,0,0,0,0,0,0,0
2-136_999_0,2,467,1.362,12.396,"{'1-136_': {'VS': 0.2, 'HS': np.float64(1.493), 'MMD': np.float64(1.268)}, '2-136_999_0': {'VS': 0.0, 'HS': 0.0, 'MMD': 0.0}}","{'1-136_': {'VS': 0.404, 'HS': np.float64(1.373), 'MMD': np.float64(1.169)}, '2-136_999_0': {'VS': 0.378, 'HS': np.float64(1.362), 'MMD': np.float64(12.396)}}",467,0.204,0.01,0.204,0,0,0,0,0,0,0,0,0,0,0,0,0,0,0,0,0,0,0,0,0
2-95_999_0,2,261,1.057,12.161,"{'1-95_': {'VS': 0.105, 'HS': np.float64(1.124), 'MMD': np.float64(1.066)}, '2-95_999_0': {'VS': 0.0, 'HS': 0.0, 'MMD': 0.0}}","{'1-95_': {'VS': 0.237, 'HS': np.float64(1.075), 'MMD': np.float64(1.063)}, '2-95_999_0': {'VS': 0.212, 'HS': np.float64(1.057), 'MMD': np.float64(12.161)}}",261,0.132,0.0,0.132,0,0,0,0,0,0,0,0,0,0,0,0,0,0,0,0,0,0,0,0,0
